genus	phylum	spearman_rho_dune_sites	p_value	spearman_rho_all_sites	supported_all_sites	q_bh_200	supported_dune_sites	same_sign
Blastocatella	Acidobacteriota	-0.7747709655	6.750034692e-10	-0.7648791331	True	3.375017346e-08	True	True
Cellulomonas	Actinomycetota	-0.7040169133	9.73107043e-08	-0.7922756321	True	2.432767608e-06	True	True
Paraconexibacter	Actinomycetota	-0.7019027484	1.103947322e-07	-0.6655181995	True	2.453216272e-06	True	True
Limnobacter	Pseudomonadota	-0.6644115574	8.749517938e-07	-0.6864684635	True	1.45825299e-05	True	True
Streptomyces	Actinomycetota	-0.6460887949	2.17207099e-06	-0.6052236732	True	2.896094653e-05	True	True
Actinoplanes	Actinomycetota	-0.6093023256	1.136422693e-05	-0.6260627952	True	0.0001420528367	True	True
Actinophytocola	Actinomycetota	-0.5957716702	1.984975773e-05	-0.5353709364	True	0.0002089448183	True	True
Steroidobacter	Pseudomonadota	-0.5877378436	2.731849063e-05	-0.6914142817	True	0.0002731849063	True	True
PMMR1	Pseudomonadota	-0.5798449612	3.708344923e-05	-0.4818005001	True	0.0003371222657	True	True
Aridibacter	Acidobacteriota	-0.5718111346	5.021041145e-05	-0.6854126146	True	0.0004366122735	True	True
Saccharothrix	Actinomycetota	-0.5541930937	9.499872114e-05	-0.4597388163	True	0.0007916560095	True	True
Rhodocytophaga	Bacteroidota	-0.5471458774	0.0001213925067	-0.4656293415	True	0.0009711400535	True	True
Mycobacterium	Actinomycetota	-0.5458773784	0.0001267960931	-0.5195887747	True	0.000975354562	True	True
Ellin6055	Pseudomonadota	-0.5398167724	0.0001557524634	-0.6995276466	True	0.001112517596	True	True
Caenimonas	Pseudomonadota	-0.5315010571	0.0002052426806	-0.572381217	True	0.001368284538	True	True
Caldilinea	Chloroflexota	-0.5288231149	0.0002239749777	-0.4432898027	True	0.001399843611	True	True
Gemmatimonas	Gemmatimonadota	-0.5260042283	0.000245350794	-0.6612948041	True	0.001486974509	True	True
Pirellula	Planctomycetota	-0.5144467935	0.0003536134805	-0.6300639066	True	0.002080079297	True	True
Blastococcus	Actinomycetota	-0.5114869626	0.0003875067357	-0.6231731036	True	0.002214324204	True	True
Roseisolibacter	Gemmatimonadota	-0.5086680761	0.0004224759422	-0.6954153932	True	0.002347088568	True	True
Luteitalea	Acidobacteriota	-0.49739253	0.0005925081995	-0.5842734093	True	0.003144478652	True	True
Pseudonocardia	Actinomycetota	-0.4971106413	0.000597450944	-0.6226173937	True	0.003144478652	True	True
Gaiella	Actinomycetota	-0.4947145877	0.0006409801002	-0.5651014171	True	0.003204900501	True	True
Mangrovihabitans	Actinomycetota	-0.4935870331	0.0006624307794	-0.4591831064	True	0.003231369655	True	True
Solirubrobacter	Actinomycetota	-0.4916138125	0.0007015211971	-0.6424006669	True	0.003340577129	True	True
Sphingomonas	Pseudomonadota	-0.4890768147	0.0007548087991	-0.6657404835	True	0.003510738601	True	True
Abditibacterium	Abditibacteriota	-0.4656800564	0.001444947064	-0.6145595999	True	0.006020612768	True	True
Rubritepida	Pseudomonadota	-0.4563777308	0.001847472187	-0.6072797999	True	0.007389888748	True	True
Gemmata	Planctomycetota	-0.4552501762	0.001902450759	-0.6237288136	True	0.007460591212	True	True
Parviterribacter	Actinomycetota	-0.4467935166	0.002363051152	-0.6213392609	True	0.009088658277	True	True
Marmoricola	Actinomycetota	-0.4436927414	0.00255509265	-0.7049180328	True	0.009641859055	True	True
Dongia	Pseudomonadota	-0.4114164905	0.00552863243	-0.4456237844	True	0.01939871028	True	True
Nitrospira	Nitrospirota	-0.3836504581	0.01014652251	-0.4646846346	True	0.03273071776	True	True
Nonomuraea	Actinomycetota	-0.3826638478	0.01035838363	-0.3590441789	True	0.03288375757	True	True
Bryobacter	Acidobacteriota	-0.3806906272	0.01079350492	-0.6313976104	True	0.03372970286	True	True
Kallotenue	Chloroflexota	-0.3695560254	0.01355356742	-0.3981105863	True	0.04170328438	True	True
Sumerlaea	Sumerlaeota	-0.3682875264	0.01390312058	-0.4631286468	True	0.04213066843	True	True
Rufibacter	Bacteroidota	-0.3595489782	0.01652583138	-0.482522923	True	0.04790096054	True	True
Massilia	Pseudomonadota	-0.35602537	0.01769594543	-0.3987774382	True	0.04984773361	True	True
Geodermatophilus	Actinomycetota	-0.3485553206	0.02040933295	-0.5626007224	True	0.05621428686	False	True
Nordella	Pseudomonadota	-0.3436222692	0.02238643339	-0.2102806335	False	0.06050387403	False	True
Baekduia	Actinomycetota	-0.3423537703	0.02291999416	-0.5413170325	True	0.06111998442	False	True
Sporocytophaga	Bacteroidota	-0.340098661	0.02389482886	-0.365323701	True	0.06288112857	False	True
Adhaeribacter	Bacteroidota	-0.3371388302	0.02522666417	-0.5664906919	True	0.06485025269	False	True
Rubrobacter	Actinomycetota	-0.3369978858	0.02529159855	-0.5340928036	True	0.06485025269	False	True
Deinococcus	Deinococcota	-0.3315010571	0.02793495847	-0.4520144485	True	0.07072141385	False	True
Arthrobacter	Actinomycetota	-0.3278365046	0.02982164088	-0.3798277299	True	0.0745541022	False	True
Conexibacter	Actinomycetota	-0.3096546864	0.040809198	-0.5286468463	True	0.09624890155	False	True
Nitrosomonas	Pseudomonadota	-0.2976744186	0.04971064745	-0.01783828841	False	0.1142718329	False	True
Aeromicrobium	Actinomycetota	-0.296969697	0.05027960648	-0.289802723	True	0.1142718329	False	True
Modestobacter	Actinomycetota	-0.2862579281	0.05959338878	-0.420450125	True	0.1324297528	False	True
MND1	Pseudomonadota	-0.2824524313	0.06321641455	-0.3246457349	True	0.1374269881	False	True
Plantactinospora	Actinomycetota	-0.281042988	0.06460196522	-0.04006668519	False	0.1389289575	False	True
Novosphingobium	Pseudomonadota	-0.2783650458	0.06730097287	-0.4477354821	True	0.1431935593	False	True
JCM 18997	Actinomycetota	-0.2724453841	0.07358448924	-0.2305084746	False	0.1549147142	False	True
Verrucosispora	Actinomycetota	-0.2641296688	0.08318176726	-0.3594887469	True	0.1687342232	False	True
Niallia	Bacillota	-0.2618745595	0.08594591372	-0.2955265351	True	0.1705366709	False	True
Saccharopolyspora	Actinomycetota	-0.2617336152	0.08612101883	-0.3131981106	True	0.1705366709	False	True
Segetibacter	Bacteroidota	-0.2608879493	0.08717748859	-0.5148652403	True	0.1709362521	False	True
Luedemannella	Actinomycetota	-0.2518675123	0.09908347122	-0.05373714921	False	0.1884285968	False	True
Phenylobacterium	Pseudomonadota	-0.2363636364	0.1224182087	-0.3476521256	True	0.2267003864	False	True
Arcticibacter	Bacteroidota	-0.230584919	0.132100505	-0.3949986107	True	0.2423862477	False	True
Subgroup 10	Acidobacteriota	-0.2238195913	0.1441493615	-0.07913309253	False	0.2597285792	False	True
Actinomadura	Actinomycetota	-0.2021141649	0.188273317	-0.3749374826	True	0.3256148264	False	True
Sphingoaurantiacus	Pseudomonadota	-0.2011275546	0.1904846735	-0.4102250625	True	0.3256148264	False	True
Flavisolibacter	Bacteroidota	-0.1997181113	0.1936756306	-0.4142261739	True	0.3276681422	False	True
Noviherbaspirillum	Pseudomonadota	-0.199154334	0.1949625446	-0.3362045013	True	0.3276681422	False	True
Litorilinea	Chloroflexota	-0.1940803383	0.2068173691	-0.01811614337	False	0.341846891	False	True
Daejeonella	Bacteroidota	-0.1798449612	0.2427390792	-0.2821339261	True	0.3936093881	False	True
Arenimicrobium	Acidobacteriota	-0.178435518	0.2465123362	-0.09947207558	False	0.3936093881	False	True
Terribacillus	Bacillota	-0.177167019	0.2499419615	-0.1966657405	False	0.3936093881	False	True
Rhizorhabdus	Pseudomonadota	-0.177167019	0.2499419615	-0.2571825507	False	0.3936093881	False	True
Archangium	Myxococcota	-0.1708245243	0.2675707162	-0.3350930814	True	0.4085049103	False	True
Fimbriiglobus	Planctomycetota	-0.1682875264	0.274847307	-0.3628785774	True	0.4102198612	False	True
Glycomyces	Actinomycetota	-0.1532064834	0.3207694325	0.01061405946	False	0.4682765439	False	False
Ramlibacter	Pseudomonadota	-0.149119098	0.3340020918	-0.3552097805	True	0.4840610026	False	True
Rubellimicrobium	Pseudomonadota	-0.1463002114	0.3433227941	-0.3606557377	True	0.4939896319	False	True
Lysobacter	Pseudomonadota	-0.1381254405	0.3712467169	-0.2364545707	False	0.5265910878	False	True
Myxococcus	Myxococcota	-0.1367159972	0.3761947229	-0.2766879689	False	0.5280294798	False	True
Vallicoccus	Actinomycetota	-0.1295278365	0.4020339146	-0.3892192276	True	0.5545295374	False	True
Chthoniobacter	Verrucomicrobiota	-0.1255813953	0.4166455211	-0.4464573493	True	0.567582155	False	True
Turicibacter	Bacillota	-0.125440451	0.4171728839	0.1414837455	False	0.567582155	False	False
Cnuella	Bacteroidota	-0.1212121212	0.4331692532	-0.3615448736	True	0.5814352392	False	True
Cupriavidus	Pseudomonadota	-0.1175475687	0.44730499	-0.1675465407	False	0.5964066533	False	True
Herbaspirillum	Pseudomonadota	-0.1145877378	0.458904366	-0.3260905807	True	0.6038215342	False	True
Fictibacillus	Bacillota	-0.1127554616	0.4661655223	0.06801889414	False	0.6093666958	False	False
[Polyangium] brachysporum group	Pseudomonadota	-0.1095137421	0.4791613728	-0.2168380106	False	0.6222874971	False	True
Herpetosiphon	Chloroflexota	-0.1051444679	0.4969746232	-0.2789663795	True	0.633088692	False	True
Pedomicrobium	Pseudomonadota	-0.09908386187	0.5222346554	-0.2307307585	False	0.6527933193	False	True
Peribacillus	Bacillota	-0.09598308668	0.5353997269	0.09874965268	False	0.6609873172	False	False
Chelativorans	Pseudomonadota	-0.09344608879	0.5462896657	0.02634065018	False	0.6702940683	False	False
Phaselicystis	Myxococcota	-0.08809020437	0.5696209429	-0.3509308141	True	0.6946596865	False	True
Domibacillus	Bacillota	-0.08569415081	0.5802047993	-0.096526813	False	0.7032785446	False	True
Caulobacter	Pseudomonadota	-0.0799154334	0.606088853	-0.0351764379	False	0.7302275337	False	True
Pajaroellobacter	Myxococcota	-0.07089499648	0.6474538153	-0.3075298694	True	0.761710371	False	True
Microvirga	Pseudomonadota	-0.06835799859	0.6592865704	-0.2659627674	False	0.7707333104	False	True
Nibribacter	Bacteroidota	-0.06638477801	0.6685471677	-0.1845512642	False	0.7707333104	False	True
Tautonia	Planctomycetota	-0.06412966878	0.6791904715	0.1093637121	False	0.7762176818	False	False
Polycyclovorans	Pseudomonadota	-0.04904862579	0.7518690689	0.06640733537	False	0.8447967066	False	False
OM27 clade	Bdellovibrionota	-0.04637068358	0.7650207981	0.02672964712	False	0.850023109	False	False
Lautropia	Pseudomonadota	-0.04637068358	0.7650207981	-0.331258683	True	0.850023109	False	True
Rhodoplanes	Pseudomonadota	-0.04171952079	0.788017213	-0.04256737983	False	0.8635158223	False	True
Nocardioides	Actinomycetota	-0.03157152925	0.8387883706	-0.3330925257	True	0.9083340249	False	True
Neorhizobium	Pseudomonadota	-0.03128964059	0.840208973	0.02884134482	False	0.9083340249	False	False
SZB85	Pseudomonadota	-0.0281888654	0.8558677563	-0.1085857183	False	0.908624879	False	True
Rhodococcus	Actinomycetota	-0.02734319944	0.8601481057	0.08657960545	False	0.908624879	False	False
Opitutus	Verrucomicrobiota	-0.02692036646	0.8622897742	-0.2306196166	False	0.908624879	False	True
Cystobacter	Myxococcota	-0.02635658915	0.8651468481	-0.03595443179	False	0.908624879	False	True
DSSF69	Pseudomonadota	-0.02607470049	0.8665760246	0.1676576827	False	0.908624879	False	False
Pantoea	Pseudomonadota	-0.02311486963	0.8816069198	0.1298138372	False	0.908624879	False	False
Allorhizocola	Actinomycetota	-0.02226920366	0.885909257	0.03439844401	False	0.908624879	False	False
Roseicella	Pseudomonadota	-0.01465821001	0.9247616907	-0.3335926646	True	0.9341027179	False	True
Acidiferrimicrobium	Actinomycetota	0.000422832981	0.9978265573	-0.03945540428	False	0.9978265573	False	False
Saccharibacillus	Bacillota	0.01212121212	0.937755544	-0.0004445679355	False	0.9424678834	False	False
Kocuria	Actinomycetota	0.01902748414	0.9024305396	0.03000833565	False	0.9161731366	False	True
CSP1-2	Dadabacteria	0.02001409443	0.8973976857	0.0627396499	False	0.9157119242	False	True
YC-ZSS-LKJ147	Gemmatimonadota	0.02381959126	0.8780242038	-0.004112253404	False	0.908624879	False	False
Anaeromyxobacter	Myxococcota	0.02410147992	0.8765917872	-0.2769658238	False	0.908624879	False	False
Ectobacillus	Bacillota	0.0245243129	0.8744438939	-0.1415948875	False	0.908624879	False	False
Kineosporia	Actinomycetota	0.04129668781	0.7901169774	-0.06218393998	False	0.8635158223	False	False
Roseomonas	Pseudomonadota	0.04284707541	0.7824251328	-0.3155320922	True	0.8635158223	False	False
Prauserella	Actinomycetota	0.05271317829	0.7339845911	0.1702695193	False	0.8293611198	False	True
Thermobaculum	Chloroflexota	0.05313601128	0.7319297171	0.1529869408	False	0.8293611198	False	True
Croceibacterium	Pseudomonadota	0.06596194503	0.67053798	-0.03323145318	False	0.7707333104	False	False
Acidibacter	Pseudomonadota	0.06723044397	0.6645722864	-0.09297026952	False	0.7707333104	False	False
Lysinibacillus	Bacillota	0.0710359408	0.6467989169	0.1701583773	False	0.761710371	False	True
Arsenicitalea	Pseudomonadota	0.07484143763	0.6292176532	0.04606835232	False	0.7490686347	False	True
Devosia	Pseudomonadota	0.07737843552	0.6176075768	0.08602389553	False	0.7396497925	False	True
Longispora	Actinomycetota	0.09654686399	0.5329941438	0.2096137816	False	0.6609873172	False	True
I-8	Planctomycetota	0.09908386187	0.5222346554	0.3255904418	True	0.6527933193	False	True
Methylobacillus	Pseudomonadota	0.10260747	0.5074716249	0.09124756877	False	0.6423691455	False	True
Planococcus	Bacillota	0.1065539112	0.4911915298	0.08296749097	False	0.6297327305	False	True
Pir4 lineage	Planctomycetota	0.1069767442	0.4894634213	0.1994442901	False	0.6297327305	False	True
Amycolatopsis	Actinomycetota	0.1157152925	0.4544665141	0.2884690192	True	0.6019424028	False	True
TM7a	Patescibacteria	0.1224806202	0.4283348015	0.1194776327	False	0.5788308128	False	True
Isoptericola	Actinomycetota	0.1355884426	0.3801812254	0.06196165602	False	0.5280294798	False	True
Niastella	Bacteroidota	0.1355884426	0.3801812254	0.3297026952	True	0.5280294798	False	True
Peredibacter	Bdellovibrionota	0.1431994362	0.3537585515	0.124034454	False	0.5053693593	False	True
Tumebacillus	Bacillota	0.1568710359	0.3091905382	0.2504028897	False	0.454691968	False	True
Oxalophagus	Bacillota	0.1651867512	0.2839161466	-0.01467074187	False	0.4206165135	False	False
Mesobacillus	Bacillota	0.1684284708	0.2744396692	0.3086412892	True	0.4102198612	False	True
Bauldia	Pseudomonadota	0.169415081	0.2715973514	0.2888580161	True	0.4102198612	False	True
Nitrolancea	Chloroflexota	0.1713883016	0.2659711941	0.0008335648791	False	0.4085049103	False	True
Cytophaga	Bacteroidota	0.1720930233	0.2639807299	0.05873853848	False	0.4085049103	False	True
Streptococcus	Bacillota	0.1725158562	0.2627912162	0.4452347874	True	0.4085049103	False	True
Telluribacter	Bacteroidota	0.178435518	0.2465123362	0.110197277	False	0.3936093881	False	True
Brevundimonas	Pseudomonadota	0.1839323467	0.2320187332	0.03956654626	False	0.3803585791	False	True
Kineococcus	Actinomycetota	0.1966173362	0.2008284484	0.1937204779	False	0.3347140806	False	True
Aureibacillus	Bacillota	0.2015503876	0.1895347033	0.2556821339	False	0.3256148264	False	True
Paracoccus	Pseudomonadota	0.2067653277	0.1780940788	0.1552653515	False	0.3124457523	False	True
Thermosipho	Thermotogota	0.2160676533	0.1589318581	0.2246735204	False	0.2812953241	False	True
Oceanobacillus	Bacillota	0.2218463707	0.1478119534	0.4083912198	True	0.2639499168	False	True
Georgenia	Actinomycetota	0.2264975335	0.1392865274	0.330980828	True	0.2532482317	False	True
Sandaracinus	Myxococcota	0.2427061311	0.1124172521	0.2297860517	False	0.2101257048	False	True
Sandaracinobacter	Pseudomonadota	0.251303735	0.09986715631	0.2051125313	False	0.1884285968	False	True
Brevibacillus	Bacillota	0.2522903453	0.09849881786	0.2401222562	False	0.1884285968	False	True
Azohydromonas	Pseudomonadota	0.2528541226	0.09772341392	0.1118644068	False	0.1884285968	False	True
Hydrocarboniphaga	Pseudomonadota	0.2638477801	0.08352344046	0.3434287302	True	0.1687342232	False	True
Brucella	Pseudomonadota	0.2707540521	0.07546217885	0.5059738816	True	0.1555921213	False	True
SM1A02	Planctomycetota	0.2711768851	0.07498926067	0.4015004168	True	0.1555921213	False	True
Ohtaekwangia	Bacteroidota	0.2852713178	0.060516351	0.3222561823	True	0.1330029692	False	True
Tepidisphaera	Planctomycetota	0.2863988724	0.05946246065	0.3013059183	True	0.1324297528	False	True
Symbiobacterium	Bacillota	0.3068357999	0.04277664405	0.1731592109	False	0.09948056756	False	True
Neobacillus	Bacillota	0.3095137421	0.04090578316	0.2596832453	False	0.09624890155	False	True
Pseudomonas	Pseudomonadota	0.3099365751	0.04061658638	0.4106140595	True	0.09624890155	False	True
Azospirillum	Pseudomonadota	0.3227625088	0.032607147	0.2513475966	False	0.07952962684	False	True
Falsirhodobacter	Pseudomonadota	0.3241719521	0.03181268416	0.4240066685	True	0.07854983743	False	True
Bradyrhizobium	Pseudomonadota	0.348273432	0.0205182147	0.5602667408	True	0.05621428686	False	True
Candidatus Alysiosphaera	Pseudomonadota	0.3579985906	0.01703235295	0.08546818561	False	0.04866386557	True	True
Corynebacterium	Actinomycetota	0.3596899225	0.01648042284	0.4875798833	True	0.04790096054	True	True
Nesterenkonia	Actinomycetota	0.3647639183	0.01491459343	0.5357043623	True	0.04452117441	True	True
Limibaculum	Pseudomonadota	0.3933756166	0.00824945119	0.5649902751	True	0.02704738095	True	True
Litchfieldia	Bacillota	0.3959126145	0.007808067302	0.5469297027	True	0.02602689101	True	True
MM2	Pseudomonadota	0.3973220578	0.007571778579	0.4840789108	True	0.02566704603	True	True
Pelagibacterium	Pseudomonadota	0.3983086681	0.007410074763	0.5701583773	True	0.02555198194	True	True
Crossiella	Actinomycetota	0.4166314306	0.00490471847	0.5263684357	True	0.01751685168	True	True
SH-PL14	Planctomycetota	0.4259337562	0.003942975568	0.3424284523	True	0.01433809297	True	True
Truepera	Deinococcota	0.4294573643	0.003624332468	0.4891358711	True	0.01342345358	True	True
Saccharomonospora	Actinomycetota	0.4627202255	0.001563628782	0.4936371214	True	0.006382158292	True	True
Ornithinibacillus	Bacillota	0.4677942213	0.001365141916	0.6229508197	True	0.005809114536	True	True
Acinetobacter	Pseudomonadota	0.4679351656	0.001359963587	0.5948318977	True	0.005809114536	True	True
Paenibacillus	Bacillota	0.4687808316	0.001329258532	0.3670464018	True	0.005809114536	True	True
Staphylococcus	Bacillota	0.4725863284	0.001198576592	0.6676298972	True	0.005448075417	True	True
Pelagibius	Pseudomonadota	0.495701198	0.0006227235452	0.6489580439	True	0.003193454078	True	True
Halomonas	Pseudomonadota	0.5293868922	0.0002199075526	0.689858294	True	0.001399843611	True	True
Aeromonas	Pseudomonadota	0.5341789993	0.0001879392525	0.6540150042	True	0.001296132776	True	True
Enterococcus	Bacillota	0.5440451022	0.0001349871969	0.6286746318	True	0.0009999051625	True	True
Gracilibacillus	Bacillota	0.5856236786	2.96719988e-05	0.6576826896	True	0.0002825904647	True	True
Escherichia-Shigella	Pseudomonadota	0.5992952784	1.720830388e-05	0.6993053626	True	0.0001912033764	True	True
Sediminibacillus	Bacillota	0.6040873855	1.413211053e-05	0.6971936649	True	0.0001662601239	True	True
Rhodocista	Pseudomonadota	0.658210007	1.1984975e-06	0.7055848847	True	1.712139285e-05	True	True
Aquibacillus	Bacillota	0.6624383369	9.678491796e-07	0.7219783273	True	1.488998738e-05	True	True
Plastorhodobacter	Pseudomonadota	0.6804792107	3.738434132e-07	0.7151986663	True	6.797152968e-06	True	True
Bacillus	Bacillota	0.6835799859	3.153275449e-07	0.7703250903	True	6.306550898e-06	True	True
Metabacillus	Bacillota	0.7221987315	3.137598831e-08	0.6893025841	True	8.964568088e-07	True	True
Pseudalkalibacillus	Bacillota	0.7489781536	4.991749242e-09	0.7398166157	True	1.663916414e-07	True	True
Ammoniphilus	Bacillota	0.7626497533	1.783332985e-09	0.8015559878	True	7.133331941e-08	True	True
Polygonibacillus	Bacillota	0.7797040169	4.467706979e-10	0.807001945	True	2.978471319e-08	True	True
Pontibacter	Bacteroidota	0.8270613108	4.552950306e-12	0.6654070575	True	4.552950306e-10	True	True
Halalkalibacter	Bacillota	0.8314305849	2.783249101e-12	0.8540150042	True	4.552950306e-10	True	True
