Trip	Site	Type	shannon	richness_hurlbert_25000	evenness_h_over_log_hurlbert	evenness_h_over_log_observed	sequencing_depth	n_profiles
1	1	Deep	6.65582741667	1636.62520126	0.899399069222	0.896353136403	207774	2
1	1	Rhizosphere	6.76349588609	2175.8681657	0.880088293931	0.871067279739	421548	2
1	1	Surface	6.16739868902	1597.14618261	0.838158141788	0.823152629359	995003	3
1	2	Deep	6.98554155916	4260.57106853	0.908266804723	0.87688952512	1473044	3
1	2	Rhizosphere	5.13929224666	1526.14264902	0.823255076795	0.809069805564	233931	2
1	2	Surface	6.11505693878	3029.06307031	0.842734209793	0.845955012174	685205	2
1	3	Deep	6.59516863499	2250.50927431	0.879945820849	0.8656202985	617780	2
1	3	Rhizosphere	4.98236384869	1534.10388595	0.703508509963	0.750926120287	540125	3
1	3	Surface	5.82963588195	994.067148988	0.867829983546	0.864328841761	94096	2
1	4	Deep	6.20706979307	2382.22805871	0.857230978631	0.841635707782	1121924	3
1	4	Rhizosphere	6.41183915272	2527.41327416	0.819612964341	0.780923793755	2868220	3
1	4	Surface	6.33288878265	1938.92891023	0.836589164864	0.806847019409	641748	1
1	5	Deep	5.78333860866	1127.02974038	0.895752086304	0.898695592211	167754	2
1	5	Surface	5.79082200281	1952.60071707	0.837866180504	0.82749246868	1012808	3
1	6	Deep	6.38460533062	3183.99325809	0.894780296348	0.862828866341	978991	2
1	6	Rhizosphere	5.47955443149	2006.25759725	0.78883957765	0.788194343026	868883	2
1	6	Surface	5.89182775158	1310.016932	0.824194468518	0.808728022242	572689	2
1	7	Deep	6.39279566802	1609.04091744	0.866516257044	0.858517918357	539326	2
1	7	Rhizosphere	5.30777835202			0.87532426848	14554	1
1	7	Surface	4.25520646803	879.701337805	0.634760891793	0.632178744616	201903	2
1	8	Rhizosphere	5.83847673371	1172.29240613	0.871701966658	0.870878057954	763061	3
1	8	Surface	6.10414047227	1262.2719397	0.87218923587	0.868361697551	197699	2
1	9	Deep	6.5385130118	1753.31885836	0.877388478209	0.868445146662	572622	2
1	9	Rhizosphere	5.79772282846	1007.9952969	0.838620203971	0.86798911418	481950	2
1	9	Surface	6.18736300248	1803.79052998	0.827285171254	0.814941770129	778496	3
1	10	Deep	6.65923238455	2134.77977395	0.86865760685	0.853015419939	503679	1
1	10	Rhizosphere	6.0887383197	1217.51710954	0.85740036265	0.849620030758	742124	2
1	10	Surface	6.45792730714	2428.60789043	0.828978879672	0.794487658771	2683084	2
1	11	Deep	5.88910036924	1076.58121417	0.846532164413	0.83871509642	639497	2
1	11	Rhizosphere	5.55777713159	2121.79773984	0.780091994161	0.767537235211	1544550	3
1	11	Surface	5.67888327431	917.463612527	0.832483950805	0.830309648056	125604	1
1	12	Deep	6.08267252566	1498.90809632	0.840598341469	0.824433537827	735313	2
1	12	Rhizosphere	6.13278560999	1366.31473215	0.870126913417	0.8653791477	354670	2
1	12	Surface	5.37688902085	1291.88318998	0.749518186533	0.742504781285	482363	3
1	13	Deep	6.3704847123	2166.8265591	0.829048383548	0.798292897127	2325640	2
1	13	Surface	5.65405654852	1328.19679025	0.78620532769	0.771177899287	357173	1
1	14	Deep	5.70479138815	1622.47300903	0.779376076939	0.754474199939	1939892	3
1	14	Rhizosphere	4.72981338951	597.448887359	0.740703769851	0.716273423827	988383	2
1	14	Surface	5.89325363569	1832.76022109	0.784347124734	0.741605291658	1079644	1
1	15	Deep	7.11127481637	3124.5103571	0.883709597674	0.848614700391	2124910	2
1	15	Rhizosphere	5.91322636799	1416.46689151	0.815134929157	0.784526236475	2035943	3
1	15	Surface	6.13254549078	1442.29869222	0.850428591199	0.84076863975	971961	2
1	16	Deep	6.29355310576	1512.40354776	0.86280410814	0.855000959049	537091	2
1	16	Rhizosphere	5.22766775599	1528.94449042	0.732513512053	0.738469242529	1708227	3
1	16	Surface	4.80518913673	804.702830366	0.718213659576	0.711027218335	214146	1
1	17	Deep	6.63119360362	1777.80517381	0.886183823509	0.880194125333	377750	3
1	17	Rhizosphere	5.5528274881	876.662329461	0.820786072056	0.81347483461	254784	2
1	17	Surface	5.88076212341	1408.56548862	0.839369998173	0.837769160387	730670	3
1	18	Deep	5.75325189392	932.478064257	0.841383705805	0.837439179736	299805	1
1	18	Rhizosphere	4.31852654613	715.211642027	0.660512360917	0.634121130252	1255244	2
1	18	Surface	5.24522008602	487.560393017	0.847912388611	0.846405516929	230212	2
1	19	Deep	5.55148524352	964.262045459	0.817420823189	0.81408966502	187793	2
1	19	Surface	4.59057505915	1034.06136097	0.661893722928	0.649129537895	896382	2
1	20	Deep	5.62846868664	1360.15562158	0.780169464517	0.767516683334	821711	2
1	20	Rhizosphere	5.80253203709	1849.27048881	0.771470297866	0.751623992943	834875	2
1	20	Surface	4.26852922988	749.12843528	0.644801136545	0.633371656099	881277	2
1	21	Deep	6.12778106775	1728.72780474	0.821953740592	0.804199849735	355097	1
1	21	Surface	6.17219828017	1682.0811537	0.833387828949	0.822685863547	866584	3
1	22	Deep	6.25108732852	1643.3700745	0.846808346524	0.832291781188	1315676	3
1	22	Rhizosphere	5.74794086042	1182.8608362	0.812681051637	0.798330270598	655515	2
1	22	Surface	5.68117091539	563.454070949	0.898315436453	0.894938312528	334183	2
1	23	Deep	5.84301528936	1427.12252856	0.804382428731	0.797709064578	314175	2
1	23	Rhizosphere	5.02694032621	724.544370661	0.764566719753	0.761077959238	286415	3
1	23	Surface	5.5300595574	1312.76799486	0.770377033423	0.754093170416	1541881	3
1	24	Deep	6.23950324928	1624.77576095	0.843982614507	0.822286321529	999400	2
1	24	Surface	5.04412643336	610.559934698	0.786549026157	0.780810330673	145880	2
1	25	Deep	6.34325660243	2248.42692878	0.822152278235	0.794338773065	1297728	2
1	25	Rhizosphere	5.26500939512	1102.61283617	0.75156034988	0.730378873607	375595	1
1	25	Surface	6.13182044438	1596.75014003	0.83227526938	0.819772552317	1194673	2
1	26	Deep	6.01292156677	1698.55428073	0.808977541116	0.790530289588	1519920	3
1	26	Rhizosphere	5.28384804754	856.457910784	0.783871213309	0.774295225002	349279	2
1	26	Surface	5.7837074082	1446.74303407	0.794820227463	0.783374610438	1535430	3
1	27	Deep	6.571049932	2309.7013707	0.851560423696	0.831468065806	1485853	3
1	27	Rhizosphere	5.32472282433	1541.67151258	0.72544629411	0.702537406197	867136	2
1	27	Surface	5.79496183444	1910.1144899	0.767467994007	0.740643913891	1399384	2
1	28	Deep	6.24890739442	1224.05479448	0.879374885184	0.875078823939	460857	2
1	28	Rhizosphere	6.07333801381	1797.81307374	0.816489452054	0.798874914578	566434	2
1	28	Surface	5.82050622511	1538.96205688	0.800132788642	0.777394325406	1722363	3
1	29	Deep	6.35308298297	1475.56681969	0.87551804717	0.867770007164	1169069	3
1	29	Rhizosphere	6.21620098235	1437.6660469	0.859403905837	0.851241510433	974827	3
1	29	Surface	5.55846384382	759.639961749	0.843559019471	0.832449158452	831757	2
1	30	Deep	6.17215729052	1051.47899416	0.887065100127	0.884963216502	139558	1
1	30	Rhizosphere	6.15329421371	1921.55237175	0.818218101211	0.792697352321	1125663	2
1	30	Surface	5.68474643178	1339.01521484	0.792308793253	0.77946523894	1334299	3
1	31	Deep	6.01958195343	857.873064591	0.891201574789	0.884488297338	462115	1
1	31	Rhizosphere	5.10825107641	856.159354663	0.757398290768	0.742691926398	527866	2
1	31	Surface	5.98230371439	1306.26724499	0.835871265471	0.828157078149	561260	2
1	32	Rhizosphere	5.92640480136	1104.0843235	0.855857097616	0.844353396791	1128643	3
1	33	Deep	5.82629063448	1505.98471123	0.796493056088	0.78627527283	1360920	3
1	33	Rhizosphere	5.35692919254	1463.63148467	0.734958027698	0.714228360828	725381	2
1	33	Surface	6.07878120451	950.013248409	0.88664532584	0.881668254686	411842	2
1	34	Deep	5.21899203109	1327.69034678	0.725846563862	0.712354216825	975320	2
1	34	Rhizosphere	5.49805774901	1089.42175728	0.786187087021	0.766932649455	710477	2
1	34	Surface	6.38675798989	1845.2226615	0.849274487737	0.832774490425	1259584	2
1	35	Deep	6.2882257187	1876.81705709	0.836335917545	0.81123262796	2113803	2
1	35	Rhizosphere	5.24325023438	263.914386948	0.89560318146	0.888641096536	218183	2
1	35	Surface	6.18393153915	1696.94638742	0.835459063234	0.819077711168	1257956	2
1	36	Deep	5.82279858872	1023.13232263	0.843441228212	0.833469487013	892955	2
1	36	Surface	5.31950916986	1110.03129701	0.879114528598	0.873636470141	181631	3
1	37	Deep	6.43858656192	1789.91865173	0.859926268005	0.846855569557	568081	2
1	37	Rhizosphere	5.59050500276	1246.76521995	0.785315104004	0.762618573282	906397	2
1	37	Surface	6.35379911014	1662.95913905	0.865291000802	0.856366554528	542644	2
1	38	Deep	6.45101537981	1877.61256409	0.857715886945	0.843830649084	615794	2
1	38	Rhizosphere	5.11115803845	1663.40952627	0.829091281856	0.767451589305	639094	2
1	38	Surface	6.61253887112	2094.01295629	0.866342967318	0.853138018654	776630	2
1	39	Deep	4.23627307391	1234.57891523	0.813386649315	0.697821778203	250047	2
1	39	Rhizosphere	5.24692514505	929.050154811	0.775316503733	0.775456493413	950659	3
1	39	Surface	5.85421432817	900.192678658	0.860583707862	0.858800227956	132265	1
1	40	Deep	5.86635257452	1392.83291488	0.841136259702	0.832647105476	561862	2
1	40	Rhizosphere	5.67666723619	1070.97072918	0.813962466062	0.806689078563	606965	2
1	41	Deep	2.51599142798			0.506254717494	24318	1
1	41	Rhizosphere	5.79750041892	995.409213742	0.839833572283	0.827637128996	330261	1
1	42	Deep	6.48184244604	1396.86123531	0.895036956688	0.892665130737	148967	1
1	42	Rhizosphere	5.57294857006	995.451442966	0.809142626004	0.795183977918	617197	2
1	42	Surface	5.77880883368	1381.83487808	0.805254661515	0.794655154329	713122	3
1	43	Deep	6.4327421528	2024.16216992	0.846274222364	0.828749120611	637091	2
1	43	Rhizosphere	6.42462308471	1714.00694348	0.862760514261	0.853270854839	301967	1
1	43	Surface	5.76148793695	743.78817014	0.879598078666	0.87750536683	303582	2
1	44	Deep	6.26170542838	2269.25988364	0.810345030959	0.77959137171	737956	1
1	44	Rhizosphere	5.61017862314	641.089105996	0.871972587208	0.86965378758	284076	2
1	45	Deep	5.96649289662	1191.7968038	0.847811124307	0.836737374576	788222	2
1	45	Rhizosphere	5.48638049822	1029.09240846	0.790951324011	0.779644588401	258006	1
1	45	Surface	6.12702621682	1478.17535765	0.839483826591	0.826550825362	512753	1
1	46	Deep	5.05574179731	417.188789823	0.837939710128	0.836022928244	129263	1
1	46	Rhizosphere	4.05500916582			0.892526098382	2046	1
1	46	Surface	5.14808116485	348.860233506	0.87931172289	0.877120588895	107990	1
1	47	Deep	6.40768517246	1453.28910783	0.889254836275	0.883870556629	309777	2
1	47	Rhizosphere	5.12423754697			0.864180877133	21560	1
1	47	Surface	6.76689901458	2269.28672556	0.875722223011	0.858655883159	382238	1
1	48	Deep	5.763292714	1066.66768849	0.826599120372	0.817273214619	175317	1
1	48	Surface	5.58931350609	999.334161206	0.809214030591	0.796991433321	300759	1
1	49	Deep	5.48051793153	834.692955012	0.814696869465	0.808074717772	191915	1
1	49	Rhizosphere	5.90039226991	718.408437739	0.897119955028	0.895875871313	109413	1
1	49	Surface	5.29142550809	546.225683338	0.840949677678	0.840680760714	99105	2
1	50	Deep	5.91403139927	878.421178027	0.87843542423	0.877166258645	133535	2
1	50	Rhizosphere	6.04376174406	1391.95117484	0.83529576961	0.812235662262	1041074	2
1	50	Surface	5.88870578499	1403.68209398	0.869413099559	0.857418879725	371615	3
1	51	Deep	5.73245991246	1325.86379724	0.804792764107	0.772910985871	1966762	2
1	51	Rhizosphere	4.15115083649	398.687925452	0.693224243612	0.6843186397	333425	1
1	51	Surface	5.54307982033	736.129868463	0.839681630611	0.837990894158	159042	1
1	52	Deep	4.65528250177	557.460555026	0.736200236779	0.726981894466	405299	1
1	53	Deep	4.35630075818	855.894677237	0.708485300813	0.782714943286	549806	2
1	53	Rhizosphere	5.29958869728	980.279939071	0.781312781199	0.769326906284	520660	2
1	53	Surface	1.51211675184	89.9335675728	0.336095310467	0.332050423812	67648	1
1	54	Deep	5.52102360219	963.918963982	0.805984185101	0.794562888798	810402	2
1	54	Rhizosphere	4.34009023539	440.652038934	0.781266193391	0.818889226662	269995	3
1	54	Surface	3.98928111276	324.178644346	0.775572432153	0.848691486099	72253	3
1	55	Deep	3.83451873488	255.876949675	0.691565105816	0.68862814294	106266	1
1	55	Rhizosphere	3.54051731865	167.86015027	0.697503445716	0.696507905019	135815	2
1	55	Surface	2.90675077054	180.523544352	0.67078409041	0.62983814992	62858	2
1	56	Deep	4.32470399306	207.995336072	0.866424126751	0.812676982967	55377	2
1	56	Surface	4.78358158574	1238.21470978	0.782155078852	0.787867748356	276604	2
1	57	Deep	5.18813415424	321.957282907	0.898468619368	0.898447977011	31250	1
1	57	Rhizosphere	4.8078594159	593.605661928	0.753655254337	0.745288908899	676039	2
1	57	Surface	3.88909466118	115.893767655	0.818296117362	0.813767350182	94954	1
1	58	Rhizosphere	5.16243250876	633.028322314	0.800313211798	0.7968549549	197756	1
1	58	Surface	4.3118249225			0.896011453273	17728	2
1	59	Rhizosphere	3.69005272554			0.887270127959	8737	1
1	60	Deep	4.59290808428	264.416332015	0.826138641894	0.824517205387	414664	2
1	60	Surface	4.64225345108	419.176793541	0.76880231316	0.76704974456	142260	1
2	1	Deep	3.58614000559			0.862284400332	1485	1
2	1	Rhizosphere	6.27956144093	1754.90537539	0.840618253436	0.82714381225	470193	1
2	2	Deep	4.79898659345			0.81803677219	12566	1
2	2	Rhizosphere	5.0525107609	1986.52969657	0.810620874927	0.803276984294	665671	2
2	3	Deep	4.85983036383			0.900274895839	6881	1
2	4	Rhizosphere	5.97800752151	2339.56290904	0.770588263555	0.738873160719	545420	1
2	4	Surface	6.49150237512	1677.34791477	0.874280040459	0.865408786037	226775	1
2	5	Rhizosphere	6.62401920627	2628.42970723	0.841236963905	0.825000733108	301075	1
2	5	Surface	6.51908654195	2299.97785217	0.846408572517	0.813662480171	3455581	3
2	6	Deep	6.28864065585	2074.89007774	0.823374152842	0.798193118383	799951	2
2	6	Rhizosphere	3.84337073495			0.801191652313	23125	2
2	6	Surface	5.44886713882	1365.15667847	0.754792721794	0.706667374374	1406593	1
2	7	Deep	6.37135310708	1610.74975266	0.862806134962	0.851287985767	570327	1
2	7	Rhizosphere	5.9683845633	1491.73631915	0.835428860896	0.818292065399	611047	2
2	8	Deep	3.80139779383			0.734406458512	13407	1
2	8	Rhizosphere	5.76810555114	2551.14191991	0.847188537053	0.853356577038	626656	2
2	8	Surface	6.44443147485	2460.56351444	0.825347239183	0.796794419265	603513	1
3	1	Deep	4.30208439576	1415.25856215	0.842404774861	0.828389232064	603215	3
3	1	Rhizosphere	4.86332823877	910.302087573	0.785380315827	0.799846765102	204029	4
3	1	Surface	6.31365317172	1802.96388519	0.868986011705	0.879062131016	605747	3
3	2	Deep	7.10243717053	2380.09882108	0.913786467392	0.908069984112	397621	3
3	2	Rhizosphere	5.19811106467	1153.7710822	0.733326770189	0.730540724933	247056	3
3	2	Surface	6.76729819945	2041.59716424	0.888091496556	0.883086031047	328493	3
3	3	Deep	7.12908501973	2983.72003178	0.891287138176	0.868371520459	2111019	3
3	3	Rhizosphere	5.95422950072	2044.34700627	0.781701345855	0.763290304172	488285	2
3	3	Surface	6.93758882434	2614.22511294	0.882281646182	0.865185525604	1451104	3
3	4	Deep	6.39910829373	1775.32278992	0.855980477911	0.849144878552	230198	2
3	4	Rhizosphere	6.38950181656	1388.44275001	0.885693919532	0.880223456339	184458	2
3	4	Surface	6.73877948336	1799.2257927	0.90353497176	0.897921165824	273032	3
3	5	Deep	6.52435651945	1287.38855436	0.911529725935	0.909151085456	157739	2
3	5	Rhizosphere	5.87181469315	1303.05792291	0.818660166937	0.815397216414	70036	1
3	5	Surface	6.45389249966	1978.22151231	0.850399625317	0.839622244459	498116	3
3	6	Deep	6.72450793622	2569.31340437	0.856473124341	0.8309509205	418339	1
3	6	Rhizosphere	6.46289105502	2082.10191434	0.846620575397	0.825964684596	988366	3
3	6	Surface	6.2800620422	1492.79512082	0.868815277707	0.856864154962	1848347	3
3	7	Deep	6.36331492929	2032.29720165	0.835600073472	0.816397870865	1125007	3
3	7	Rhizosphere	6.09444457501	2107.54031987	0.796704756833	0.773069818946	1042632	3
3	7	Surface	6.15566064502	1870.19509424	0.817127294943	0.795746841442	1006933	3
3	8	Deep	5.7238175763	1171.43400713	0.811961283917	0.798890903782	2008125	3
3	8	Rhizosphere	6.83018712925	2399.23559304	0.87829609702	0.860599841072	775524	3
3	8	Surface	6.22502692542	1545.85698393	0.848916041542	0.836845219471	2054157	3
3	9	Deep	5.81642143028	1737.49530625	0.780429758909	0.763267094333	1672614	3
3	9	Rhizosphere	4.04917316332	834.761872828	0.601729247158	0.589094817666	495146	3
3	9	Surface	5.82711007904	1894.74293668	0.772258388794	0.752507584513	1049141	3
3	10	Deep	5.40820328709	1352.82292295	0.752266139081	0.727252133171	1683068	3
3	10	Rhizosphere	5.09857232415	1164.2005208	0.72541829642	0.708294852636	468053	2
3	10	Surface	6.05537216979	2126.64195428	0.791322890397	0.769452091022	1348243	3
3	11	Deep	6.49983726907	2488.31560595	0.831257431282	0.803616878295	1721214	3
3	11	Rhizosphere	6.15313689958	1927.56982777	0.814271558891	0.788545766598	1226143	3
3	11	Surface	5.33132292336	1141.85792901	0.758622167184	0.744005408218	2426741	3
3	12	Deep	7.28608870723	3161.61937274	0.904112033351	0.883110203206	741812	2
3	12	Rhizosphere	5.51304010361	1245.18980083	0.775393023155	0.763818375355	449497	3
3	12	Surface	6.4067665535	2225.6535957	0.831659860351	0.810447497346	744382	2
3	13	Deep	6.43014463077	2561.96842087	0.819802970111	0.793542223674	1353486	3
3	13	Rhizosphere	5.86901259617	1468.81971607	0.806101849043	0.796698959582	452788	3
3	13	Surface	6.15671787167	1571.90888175	0.839990339572	0.825067765544	1878326	3
3	14	Deep	6.05671687299	2343.21486403	0.781730106226	0.755018973918	1822184	3
3	14	Rhizosphere	4.97954214252	663.343133386	0.767787594583	0.762767222913	275001	3
3	14	Surface	6.08217161924	1591.10868093	0.825198384104	0.811039373452	723788	3
3	15	Deep	6.06928254895	1409.3959666	0.837123277649	0.826802687622	470507	3
3	15	Rhizosphere	5.32619001223	754.777015209	0.806375009422	0.803086861645	281921	4
3	15	Surface	5.77500056854	1147.57416935	0.821456858954	0.811916817193	425352	3
3	16	Deep	6.16905215887	1883.58448148	0.818648789557	0.804325652625	793674	3
3	16	Rhizosphere	6.39167039478	1980.92429058	0.84271343604	0.827233320163	692411	3
3	16	Surface	6.7385108836	2333.10370064	0.86960028608	0.852730415491	804048	3
3	17	Deep	6.41393967492	2121.12514796	0.837165026613	0.815378991549	1884065	3
3	17	Rhizosphere	5.97462415797	1320.58181961	0.832175000534	0.819972907055	513526	3
3	17	Surface	6.81676942008	2151.61651079	0.889331733836	0.873298912835	1802039	3
3	18	Deep	6.54632660812	1970.00008603	0.869432410853	0.854120723531	1640559	3
3	18	Rhizosphere	2.84192884726	1088.52345028	0.407704263963	0.387352547223	1792310	3
3	18	Surface	6.16867104266	1815.99543897	0.822246115305	0.804067053779	2613887	3
3	19	Deep	6.29181004991	2001.50627633	0.829197662065	0.806288127926	2530632	3
3	19	Rhizosphere	5.16227961066	867.031403725	0.763830414964	0.752674332046	523706	3
3	19	Surface	6.21246126656	2276.29139207	0.803633346515	0.777242724158	1857672	3
3	20	Deep	6.56452850717	1422.6549368	0.905604520088	0.894043219833	1716320	3
3	20	Rhizosphere	6.52053072392	2179.89706228	0.848372045082	0.828759031767	1563942	3
3	20	Surface	6.22485979874	1678.75823289	0.838485525814	0.824127603918	1273177	3
3	21	Deep	6.50365478749	2083.66808274	0.851235856187	0.831924179993	1201093	3
3	21	Rhizosphere	5.83300751695	1864.68373471	0.785834105083	0.767651198938	1049598	3
3	21	Surface	4.6538302313	1039.75034198	0.673218646321	0.651360155489	829736	3
3	22	Deep	5.9114018644	1283.04277604	0.832083518218	0.81874875025	1821417	3
3	22	Rhizosphere	6.26541088444	1822.06244476	0.835251741226	0.821351526213	969713	3
3	22	Surface	5.7606693964	1241.16065636	0.83511184256	0.826913089694	890311	3
3	23	Deep	6.84464369968	2692.52564711	0.866924620476	0.842113458681	1323349	3
3	23	Rhizosphere	5.87735817919	1244.89858845	0.824970381842	0.81277586024	515891	3
3	23	Surface	6.71878578935	2576.3119821	0.855503494476	0.83232114073	1377886	3
3	24	Deep	5.91633664897	1871.02306236	0.78530939196	0.763293160021	692218	2
3	24	Rhizosphere	5.5629175445	1181.50670996	0.787082977791	0.777441539362	654862	4
3	24	Surface	5.472648473	1533.81797654	0.746995686326	0.731689027317	683910	3
3	25	Deep	5.7229159794	1477.8291784	0.785035168363	0.767136517338	949231	3
3	25	Rhizosphere	3.85439366904	682.422474477	0.590755295315	0.574331574559	788109	3
3	25	Surface	4.10023012308	924.780039569	0.600860593932	0.581633619591	836252	3
3	26	Deep	6.60173604017	2243.16597545	0.85563554981	0.838200368995	548248	2
3	26	Rhizosphere	5.58794760082	1515.22177527	0.763019570508	0.747217393164	719682	3
3	26	Surface	6.06995908798	1765.44368732	0.811976129303	0.795633655801	629809	2
3	27	Deep	5.86842401002	1542.37606946	0.805710613441	0.787577520866	617633	2
3	27	Rhizosphere	3.74220528719	572.016515433	0.589612674968	0.57194474251	908508	3
3	27	Surface	4.84149249825	1160.97911984	0.686144716446	0.672450811005	578472	3
3	28	Deep	6.87951290219	2967.05195487	0.860783329737	0.82461560937	2459934	3
3	28	Rhizosphere	5.31741663417	1186.99227286	0.755152680746	0.738984266402	653667	3
3	28	Surface	6.55986741299	2634.19652228	0.834119533128	0.803947905648	2070380	3
3	29	Deep	6.34475634719	1935.36116209	0.838637166977	0.819449061157	858702	3
3	29	Rhizosphere	3.87171380379	273.408525548	0.690391583068	0.68433167676	286534	3
3	29	Surface	4.97349786155	1075.63262582	0.712474633863	0.694168005087	691732	3
3	30	Deep	6.1070539136	1843.95538835	0.813487576151	0.79114581044	1821844	3
3	30	Rhizosphere	6.10649690716	1501.58936776	0.834990759106	0.823528942653	606363	3
3	30	Surface	6.28835013369	1983.6558462	0.828375927401	0.810252278445	992779	3
3	31	Deep	4.85009692047	1259.79264701	0.679456442201	0.65889324534	692895	2
3	31	Rhizosphere	5.03148714557	702.623141772	0.767642819178	0.758998976094	435740	3
3	31	Surface	6.23787069566	1679.82038932	0.840598259505	0.826643307603	1012880	4
3	32	Deep	6.27210203402	1640.41658617	0.847300304937	0.833463468495	1814806	3
3	32	Rhizosphere	5.52610431163	1266.15115198	0.773629735546	0.75009537301	1553703	3
3	32	Surface	6.26321280228	1976.12947087	0.825456200854	0.800648220729	2172148	3
3	33	Deep	6.36358500038	2073.17193066	0.833700213346	0.813676430866	1748596	4
3	33	Rhizosphere	5.83421177667	1332.36374242	0.811607882336	0.796498842979	548237	2
3	33	Surface	6.49386913728	1955.69878784	0.856852766484	0.841247979779	1895979	3
3	34	Deep	6.20420576375	2087.99303068	0.811718278226	0.780190881414	1917606	3
3	34	Rhizosphere	5.91740382404	1618.84119921	0.800985886062	0.783860532037	839233	3
3	34	Surface	6.31455366011	2171.24462732	0.82240809736	0.795819986815	2257512	4
3	35	Deep	6.62994691253	2608.32500778	0.842855645408	0.813339023722	1722914	3
3	35	Rhizosphere	6.28857042281	1705.5897549	0.846287365577	0.828622626203	838068	3
3	35	Surface	5.87985302383	1890.36349091	0.779849618199	0.753966094944	1897807	3
3	36	Deep	6.7098037235	2314.08457656	0.86690384209	0.842549591489	1235820	3
3	36	Rhizosphere	5.32410494787	1179.88045651	0.75290403778	0.732701427269	874257	3
3	36	Surface	5.83560131651	2179.92774753	0.758851153398	0.728609921967	1123972	2
3	37	Deep	6.00616976417	1830.59714507	0.801021913168	0.779723907167	1038143	3
3	37	Rhizosphere	4.4308477126	950.415256743	0.647259967686	0.613711677891	2157407	3
3	37	Surface	6.29050350972	1800.79984208	0.839683892727	0.821774120476	1937965	3
3	38	Deep	5.89919989295	1838.36494454	0.784626263522	0.759869354235	1317875	2
3	38	Rhizosphere	5.47190328505	1474.92344836	0.749801830757	0.722323208259	2316175	3
3	38	Surface	6.23048242293	2255.65028783	0.807114533484	0.773886344853	2230808	3
3	39	Deep	5.64527108032	1376.01005741	0.781273360545	0.756678610362	1398629	2
3	39	Rhizosphere	5.14195624269	1373.42317961	0.712925975403	0.689016070113	691821	2
3	39	Surface	5.49798163361	1482.46410055	0.75321508464	0.727877626502	1155729	3
3	40	Deep	6.02210920083	1812.43944603	0.80363959021	0.78025078205	2065404	4
3	40	Rhizosphere	6.00405505078	1683.26799445	0.809648823644	0.790929456124	988325	3
3	40	Surface	5.97315313064	1640.01053345	0.807061110866	0.788862740331	790597	3
3	41	Deep	3.74166422466	432.984920482	0.616350554558	0.601713214211	775912	2
3	41	Rhizosphere	5.6052459883	1110.47602984	0.799260257542	0.783109711973	687287	2
3	42	Deep	6.48143503011	2330.01169756	0.8369188706	0.808034985811	1533695	3
3	42	Rhizosphere	5.6405020112	1354.02321239	0.783993973861	0.763802517115	929403	3
3	42	Surface	5.50272026858	1676.95615295	0.741867570883	0.70879233455	3590202	3
3	43	Deep	5.63599930393	1371.61192743	0.780690358386	0.763701968843	1924385	4
3	43	Rhizosphere	6.01755165421	1342.07560948	0.836083986775	0.820638672391	818343	3
3	43	Surface	5.17342400172	1449.19953798	0.71046736121	0.686248857699	1325632	3
3	44	Deep	6.06295960682	1304.32006908	0.853407085511	0.840875898284	1525486	3
3	44	Rhizosphere	4.27668597872	717.266443104	0.652316634499	0.634945291854	705893	3
3	44	Surface	5.79388498425	1446.02961621	0.796833500451	0.781244602506	1636698	3
3	45	Deep	5.96278905049	1705.30798871	0.801443234952	0.784600042893	1025217	3
3	45	Rhizosphere	6.70517678805	2200.25898048	0.871388446675	0.860233822492	648066	3
3	45	Surface	4.4793810529	826.388557006	0.672237983046	0.655522223625	828286	3
3	46	Deep	5.7219405157	1299.23014346	0.798091754096	0.788089347343	202959	1
3	46	Surface	3.28132987479	72.8747217316	0.765103148603	0.764796852133	58312	1
3	47	Deep	4.27493178331	561.657911239	0.675275106178	0.665947114538	252684	2
3	47	Rhizosphere	3.64342123862	88.8339726206	0.81622320446	0.815562735548	548329	4
3	47	Surface	2.67964410652	25	0.832478247782	0.832478247782	40903	1
3	48	Deep	5.23542662025	1068.61316196	0.757241885498	0.745180148774	539236	3
3	48	Rhizosphere	4.67591988834	352.949001618	0.806805020086	0.80449599478	950754	4
3	48	Surface	5.10091604883	858.987208153	0.755889240592	0.745431002296	531575	3
3	49	Deep	4.85308494997	1013.15914189	0.701860722772	0.686187549638	972558	3
3	49	Rhizosphere	5.59122660066	733.499272188	0.88493494439	0.880880991321	1079947	3
3	49	Surface	4.79871333954	595.885850646	0.778852881924	0.767804623474	1081734	3
3	50	Deep	5.59515437895	1122.84588026	0.797968512261	0.789697065578	1720774	3
3	50	Rhizosphere	5.88430957196	1487.28662024	0.806422726553	0.794733574226	663335	3
3	50	Surface	5.86782717548	1592.36628411	0.799966304227	0.779967708546	611246	2
3	51	Deep	5.2194983933	581.929555092	0.819857356941	0.814043407872	304280	1
3	51	Rhizosphere	5.70875904157	938.181056324	0.838487284443	0.830997491767	1194418	3
3	51	Surface	5.32068303147	619.359438084	0.82764934235	0.820023804085	517307	2
3	52	Surface	3.73288733424	111.129075159	0.811187807444	0.802850687202	362264	4
3	53	Deep	3.80148693894	126.542273792	0.838668700571	0.836103366433	500758	3
3	53	Rhizosphere	5.84904775217	1458.28149001	0.802887651892	0.784976249523	459016	1
3	53	Surface	4.71795932604	205.161881725	0.886201569525	0.87546790293	208040	1
3	54	Rhizosphere	4.54176949589	424.309474419	0.750648245386	0.740236567703	309479	1
3	55	Surface	4.00481996429	449.082129518	0.74822765286	0.788774520658	1061555	2
3	56	Surface	2.69098568972	68.5976434861	0.634975281158	0.652058469704	224692	4
3	57	Deep	2.75603801791	74.0164910839	0.649345260957	0.639831535272	187849	2
3	57	Rhizosphere	5.16123509399	862.932117606	0.771403126558	0.764410204591	786313	3
3	57	Surface	2.65722256006	92.7094993856	0.589089715823	0.578107674178	196960	2
3	58	Deep	3.16153618071			0.756686503804	9890	2
3	58	Rhizosphere	4.79768255129	612.354795642	0.747845852711	0.739047771411	715573	3
3	58	Surface	5.15820823936	923.944053626	0.793318138658	0.783900651464	738942	4
3	59	Deep	3.15404094314	113.809097349	0.677683002334	0.696579751636	45685	2
3	59	Rhizosphere	2.89636943941	104.473911073	0.634538839099	0.677159683634	70172	2
3	59	Surface	2.71594593047	68.5056711439	0.626362834704	0.647644677323	175015	4
3	60	Rhizosphere	3.9770444306	222.309018596	0.742501283883	0.739574072394	581397	5
3	60	Surface	5.24221899876	304.201165089	0.925706616167	0.925128476132	197084	4
4	1	Deep	6.35353471414	2099.84910275	0.830568587526	0.813180907688	368561	1
4	1	Rhizosphere	4.58346501337	627.632713352	0.711502162138	0.703236604217	136718	1
4	1	Surface	6.11666412742	1811.3888765	0.815354187056	0.800900406618	244296	1
4	2	Deep	5.96468341304	819.059846515	0.889168705539	0.88583505171	211591	1
4	2	Surface	6.69117794481	2693.34529128	0.847141185023	0.826676238577	430872	1
4	3	Deep	6.60307668532	1479.54309158	0.904594424308	0.897377387333	550082	1
4	3	Rhizosphere	4.92729724987	1433.51136837	0.677955022327	0.659190290973	322317	1
4	3	Surface	6.12398351242	814.851648014	0.913617479792	0.906014533732	504058	1
4	4	Deep	6.92424524325	2705.04795972	0.87616788983	0.855567920142	416306	1
4	4	Rhizosphere	6.09491687289	1793.02272109	0.813560463439	0.80113230183	194618	1
4	4	Surface	6.37709275768	2304.90915564	0.823616211848	0.80058455496	391895	1
4	5	Deep	5.76070044337	922.605252526	0.843786502201	0.840314649732	380915	1
4	5	Rhizosphere	6.16492299483	1352.66638989	0.855071535174	0.848691824448	362651	1
4	5	Surface	6.10608134686	1419.82964347	0.841255931901	0.834937417945	112226	1
4	6	Deep	6.79686298488	2484.73964168	0.869394958844	0.855888428304	367860	1
4	6	Rhizosphere	6.41148153052	2476.88884306	0.820432453179	0.796830596044	507052	1
4	6	Surface	6.66145672509	2701.11547134	0.843070819832	0.820286937631	795417	1
4	7	Deep	7.108242293	2336.49039492	0.91643513493	0.905992441264	556808	1
4	7	Rhizosphere	6.3283771145	1799.7202135	0.844302974749	0.831062228304	221959	1
4	7	Surface	6.76130770446	1739.99138708	0.906142863289	0.899146845522	528931	1
4	8	Deep	6.06701174242	1266.2254768	0.84927005291	0.839922939827	583823	1
4	8	Rhizosphere	6.63714974297	2339.04016214	0.855578887414	0.839881087537	563748	1
4	8	Surface	5.97034600726	858.203807712	0.883861732442	0.874995698582	543835	1
4	9	Deep	5.88179964079	1586.06411137	0.798180350215	0.782017148626	339705	1
4	9	Rhizosphere	5.0932710299	674.605882422	0.781880633536	0.776458808252	99086	1
4	9	Surface	6.19584882668	1672.53062425	0.834784573743	0.824486217085	518496	1
4	10	Deep	6.1393906965	1852.98808589	0.815914145411	0.799767051813	427301	1
4	10	Rhizosphere	3.30256853544	377.371211385	0.55662242961	0.546116302695	175679	1
4	10	Surface	6.28361833763	2132.08274474	0.819796156527	0.80485912689	448414	1
4	11	Deep	6.45900433185	1633.77965175	0.872997519438	0.863714598091	443602	1
4	11	Rhizosphere	6.02268418148	1620.42915261	0.814928346035	0.799093324208	259816	1
4	11	Surface	5.8584159784	611.780947815	0.913041495646	0.908437968205	490941	1
4	12	Deep	6.72106649698	2006.86537241	0.883847379634	0.872627297715	637514	1
4	12	Rhizosphere	6.22594728559	2171.21467099	0.810349240339	0.794054378123	290486	1
4	12	Surface	6.20247785978	1156.34752015	0.879407180041	0.873382267027	883286	1
4	13	Deep	6.6094638192	1570.18035237	0.898153625463	0.887861774961	602152	1
4	13	Rhizosphere	6.95369577756	2743.1857387	0.878338435282	0.859923691824	519732	1
4	13	Surface	6.28879147724	1095.82874035	0.898492970648	0.888033078568	569978	1
4	14	Deep	6.71583006804	2334.07498322	0.865958588058	0.852339335428	652418	1
4	14	Rhizosphere	3.46879582583	239.047461339	0.633377731335	0.623377321299	209711	1
4	14	Surface	6.11081083924	1989.38745944	0.804521732523	0.79164503839	403647	1
4	15	Deep	7.39497102295	3412.98978979	0.908993038491	0.891411642897	477736	1
4	15	Rhizosphere	7.38571684055	3456.43631149	0.906446103429	0.88755470005	355882	1
4	15	Surface	7.26320738061	3040.68770544	0.905655012743	0.888620578899	594290	1
4	16	Deep	6.98824877438	2789.5736767	0.8808371944	0.863737531483	475095	1
4	16	Rhizosphere	6.34943855665	1675.82201181	0.855251620526	0.839172292053	357655	1
4	16	Surface	6.98679096108	2402.36366808	0.897559598613	0.885040468927	618043	1
4	17	Deep	6.09933406655	2237.35669446	0.790781046343	0.776590200527	522026	1
4	17	Rhizosphere	6.37509220282	1500.37208889	0.871692040023	0.861213637792	195282	1
4	17	Surface	6.61397289381	2224.90052319	0.858125305978	0.847705133985	481857	1
4	18	Deep	5.78895194545	899.622512514	0.851069246374	0.846006121673	342752	1
4	18	Rhizosphere	3.37901333629			0.634213939897	13267	1
4	18	Surface	6.3954475815	1713.95312952	0.858846166718	0.85080044683	300562	1
4	19	Deep	6.51701434368	1528.25846954	0.888859431644	0.884461713374	167179	1
4	19	Rhizosphere	6.78135096175	2443.09710701	0.869290090275	0.852719623237	294742	1
4	19	Surface	6.89843646119	2370.14391759	0.887749002388	0.877084756444	533436	1
4	20	Deep	6.42839161045	1916.31129028	0.850523647258	0.839824846858	488005	1
4	20	Rhizosphere	5.65790292823	1179.4257841	0.799954268063	0.788001095711	198502	1
4	20	Surface	7.0645595142	2854.2138707	0.88789211103	0.86932181378	484245	1
4	21	Deep	6.56104378191	2025.38223685	0.861762915604	0.848612888314	483060	1
4	21	Rhizosphere	5.36960554177	1083.54324233	0.768404678942	0.760516042179	137986	1
4	21	Surface	6.47517874748	2271.97779284	0.837841431061	0.8174895004	379049	1
4	22	Deep	6.08939279065	1926.01907234	0.80513332199	0.789967355595	478018	1
4	22	Rhizosphere	6.09423961954	1786.87389384	0.813843239589	0.798621711597	527445	1
4	22	Surface	7.02911804691	2895.88596283	0.881831282369	0.867807574451	412497	1
4	23	Deep	4.92915215543	241.249150263	0.898524372713	0.896671150202	160888	1
4	23	Rhizosphere	5.39366100745	400.474031937	0.900046219073	0.89762501196	296625	1
4	23	Surface	6.42724520624	1579.69516124	0.872675682467	0.867263114663	541264	1
4	24	Deep	5.83052608136	1718.26834038	0.782718419047	0.770012542985	528218	1
4	24	Rhizosphere	6.67521644175	1995.21250362	0.878490663923	0.868368262913	489996	1
4	24	Surface	6.58438847141	1642.60487585	0.889296886121	0.880348266587	565700	1
4	25	Deep	6.34622537582	2091.03047689	0.830069739588	0.813047979846	388881	1
4	25	Rhizosphere	5.76142936912	1558.74734101	0.783693311995	0.770491347461	242997	1
4	25	Surface	6.52673814464	2125.19912789	0.851874339447	0.833637028067	719569	1
4	26	Deep	6.5147704037	2220.79381403	0.845457006252	0.826307102623	512137	1
4	26	Rhizosphere	4.75440819704	456.698290819	0.77635374889	0.773806079464	52990	1
4	26	Surface	6.6489748579	2163.69432585	0.865800142581	0.85152404876	491460	1
4	27	Deep	6.77614162754	2331.70124442	0.873849985108	0.858235266751	509270	1
4	27	Rhizosphere	5.82207925725	1858.65765174	0.773429999887	0.753034373601	361496	1
4	27	Surface	6.8859946146	2691.4688449	0.871883015447	0.851941198966	434304	1
4	28	Deep	6.57926101125	1726.26773863	0.8826818926	0.872447686264	446785	1
4	28	Rhizosphere	6.93225572598	2128.50506596	0.904619244167	0.893770130659	381757	1
4	28	Surface	6.93558504789	2479.1185876	0.88739613754	0.871882623222	475638	1
4	29	Deep	6.77565256457	1723.30093075	0.909239855701	0.898174658534	575095	1
4	29	Rhizosphere	7.13910835506	2762.7152109	0.900951042634	0.885929310569	443026	1
4	29	Surface	6.72768616403	2386.80811542	0.86499551026	0.851019647312	444696	1
4	30	Deep	6.48128376516	1560.72613063	0.881458753781	0.872928179122	541835	1
4	30	Rhizosphere	5.56375253039	1039.50582264	0.800943203453	0.791832418079	148689	1
4	30	Surface	6.18433914796	2328.0910978	0.797690641511	0.782838113037	481157	1
4	31	Deep	6.70495008752	1938.40590185	0.885770885728	0.876772500563	490807	1
4	31	Rhizosphere	5.21419228655	684.081774335	0.798733212899	0.797503942574	36064	1
4	31	Surface	6.26832058311	1110.74329713	0.893841868071	0.888998718572	614645	1
4	32	Deep	6.39563815143	1387.26616209	0.88397488996	0.879021051458	485503	1
4	32	Rhizosphere	5.21890020471	943.974164312	0.76187225309	0.753888295646	168044	1
4	32	Surface	6.39107112148	1473.39099676	0.87605060831	0.864373319483	630593	1
4	33	Deep	6.45552944173	1672.00437477	0.869808970976	0.857498001121	598794	1
4	33	Rhizosphere	6.40230789284	1762.09772228	0.856580807335	0.843255947417	634824	1
4	33	Surface	5.87854506164	1807.49690077	0.783837545726	0.771044645103	253904	1
4	34	Rhizosphere	5.10845913694	886.857781508	0.75260702481	0.745862125746	95569	1
4	34	Surface	4.98853554529	823.19385963	0.743094454827	0.738030351797	545556	1
4	35	Deep	6.82211545678	1893.55958066	0.90404482519	0.895554052103	400056	1
4	35	Rhizosphere	6.42731616046	2085.162286	0.840985333119	0.823954399887	349063	1
4	35	Surface	6.93778747155	2403.14074037	0.891227327147	0.874697282528	702152	1
4	36	Deep	6.43380641273	1707.16443312	0.864458103519	0.850439167511	467819	1
4	36	Rhizosphere	6.09338703388	1380.93178344	0.842732237261	0.833582192228	173922	1
4	36	Surface	6.52353572732	2094.20838821	0.853092019508	0.839601391423	422240	1
4	37	Deep	5.97695975262	1615.77471065	0.809056279691	0.790160142655	489679	1
4	37	Rhizosphere	6.08924318901	1888.28114549	0.807225552181	0.789214997255	436420	1
4	37	Surface	6.22355670698	1931.20166475	0.822580074907	0.805328209578	351005	1
4	38	Deep	6.71322677871	2203.91248888	0.872075339957	0.858597089394	518648	1
4	38	Rhizosphere	5.49795881445	1078.57712251	0.787289917636	0.775901110409	212973	1
4	38	Surface	6.12205742926	1887.63131355	0.811612632092	0.791385736324	450747	1
4	39	Deep	6.35871203057	1178.35947216	0.899154595978	0.896530975243	453888	1
4	39	Rhizosphere	4.50795926374	507.51103516	0.723644900713	0.719511977266	88140	1
4	39	Surface	6.22216830627	1749.72153366	0.833265262064	0.820901314092	392885	1
4	40	Deep	5.74947467346	1149.61123727	0.815854767417	0.807735541519	183318	1
4	40	Surface	6.11596502815	1129.61563382	0.870026256458	0.862710573527	633853	1
4	41	Deep	6.33056904339	1808.97415943	0.844017893955	0.831081327096	441537	1
4	41	Rhizosphere	4.96969868303	986.62727221	0.72084246568	0.70534434761	219888	1
4	41	Surface	5.93543856752	803.160118842	0.887402341872	0.882746353328	464378	1
4	42	Deep	3.07587836052	45.9948724007	0.803409774563	0.803386382266	202429	1
4	42	Rhizosphere	5.50912033545	830.82238114	0.819514934828	0.816457901436	89400	1
4	42	Surface	6.1590507326	1131.98357808	0.875894492224	0.870854541658	491030	1
4	43	Deep	6.029620895	1164.06946151	0.854092990037	0.842667637207	437288	1
4	43	Rhizosphere	2.94893882165	233.72118372	0.540680076553	0.522684756159	223024	1
4	43	Surface	6.0294374998	723.358491688	0.915784410044	0.909142925797	460770	1
4	44	Deep	6.70499039114	1945.73367302	0.885334902911	0.873657924117	560521	1
4	44	Rhizosphere	6.06961761544	1481.23228141	0.831382759068	0.819207158808	236291	1
4	44	Surface	6.25550252655	1263.3686245	0.875932250385	0.866543949143	554370	1
4	45	Deep	6.61656255473	1491.15495353	0.905472186562	0.895842941422	549047	1
4	45	Rhizosphere	6.08663309414	1652.47650108	0.821404610439	0.80901817141	449184	1
4	45	Surface	6.33241195954	1676.89009936	0.852884989113	0.839125030489	599288	1
4	46	Deep	5.90108974862	1645.86612744	0.79679613591	0.781805392126	321601	1
4	46	Rhizosphere	5.36471260095	757.899554684	0.809090030617	0.805908516967	97674	1
4	46	Surface	3.87402322573	107.514583026	0.828202771286	0.827405947805	53792	1
4	47	Deep	4.02333155322	190.127557788	0.766685448957	0.755147346853	181613	1
4	47	Rhizosphere	6.24252942563	1442.69691658	0.858165816635	0.847137264084	468453	1
4	47	Surface	5.28762926834	826.554250673	0.787169902055	0.778855689567	467362	1
4	48	Deep	1.43903796587	6	0.803142380765	0.803142380765	25303	1
4	48	Rhizosphere	6.82755295255	2367.44867935	0.878755784463	0.863250408123	325754	1
4	48	Surface	6.50681694547	1891.5656861	0.862382878357	0.851663880069	552721	1
4	49	Deep	4.6560508824	262.835222189	0.835686631002	0.834458123889	178016	1
4	49	Rhizosphere	3.92483451418	291.634101892	0.69153987404	0.690970994076	46683	1
4	49	Surface	6.59658107468	1765.33214325	0.882356609713	0.875734857936	140943	1
4	50	Deep	6.0417246358	1334.54475352	0.839554553402	0.828658007969	663527	1
4	50	Rhizosphere	3.48685343144	785.418321482	0.523063336965	0.510535686062	248627	1
4	50	Surface	5.84114745697	1139.12169305	0.829942715817	0.82221691741	600539	1
4	51	Deep	6.16475274495	984.466618728	0.894466527371	0.89026683262	509352	1
4	51	Rhizosphere	4.98020207069	991.300339263	0.72187119844	0.700784871734	450329	1
4	51	Surface	5.03820260398	488.621152969	0.813717426092	0.813347252218	63682	1
4	52	Deep	2.28541083497	12	0.919716978168	0.919716978168	76639	1
4	52	Rhizosphere	5.30634844881	644.319989013	0.820375399162	0.817911050182	95285	1
4	52	Surface	1.25160317626	5	0.777664777614	0.777664777614	54272	1
4	53	Deep	0.840482896596			0.522221385555	15697	1
4	53	Rhizosphere	2.95339119325	57.1917269652	0.729879507369	0.727356888295	63649	1
4	53	Surface	0.510224881338	4	0.368049453022	0.368049453022	44735	1
4	54	Deep	3.30937212475	61.8046376502	0.802470769759	0.801857127974	159416	1
4	54	Rhizosphere	4.92182201263	513.348733334	0.788632780114	0.780238618384	221041	1
4	54	Surface	1.01652356362			0.522389774322	15266	1
4	55	Deep	2.41180383079	56.0088924145	0.599129935947	0.582120541586	114126	1
4	55	Rhizosphere	3.23019473527	161.224104382	0.635515403033	0.632634005157	119617	1
4	55	Surface	3.63363049576	195.203822111	0.688964733812	0.686457820979	93822	1
4	56	Deep	1.64078976509	38.9994251786	0.447869184354	0.447867382502	25214	1
4	56	Rhizosphere	3.0248149031	355.929319557	0.514885583764	0.514377678026	37594	1
4	56	Surface	3.22750314898	442.764886512	0.52970335534	0.529461292058	34250	1
4	57	Deep	3.08541086338	52.0937472208	0.780515000631	0.777124435825	134129	1
4	57	Rhizosphere	4.85572234242	545.036364852	0.770645294327	0.767346847539	115623	1
4	57	Surface	4.947463089	252.524115639	0.894415086367	0.892210057936	302229	1
4	58	Deep	1.0264249273	3.99998342332	0.740411289608	0.740409076228	28112	1
4	58	Rhizosphere	2.60212135186	74.0706491573	0.60443894362	0.597267675067	85984	1
4	58	Surface	2.97058787847	67.554267082	0.705111884134	0.692370576909	90160	1
4	59	Deep	2.21717625306			0.473539964068	17783	1
4	59	Rhizosphere	3.57241906415	424.180233696	0.590467026111	0.586696130054	87477	1
4	59	Surface	4.63282650145	935.337602991	0.677223961368	0.666976269755	179363	1
4	60	Deep	3.55210783058	258.795491043	0.639323874517	0.632821443455	476823	1
4	60	Rhizosphere	5.27352334032	896.710409239	0.775662666335	0.76611491297	269463	1
4	60	Surface	1.80481495394	16.7684168991	0.640119441423	0.637020490437	37387	1
5	1	Deep	4.91607978279	1317.40969321	0.702057601495	0.674375267928	771018	2
5	1	Rhizosphere	4.59862029239	1317.66673854	0.641661959448	0.599394308878	1672953	3
5	2	Deep	6.49108141126	2829.82291396	0.817538673321	0.769668997911	970328	2
5	2	Rhizosphere	6.92313975429	3318.48148033	0.85473452683	0.815333504179	1562283	3
5	2	Surface	6.77623114371	2912.44403771	0.849683525844	0.802596324414	1125926	2
5	3	Rhizosphere	6.31485082642	2140.75475931	0.828041481863	0.79504592715	734538	3
5	4	Deep	7.18900535319	3991.11606193	0.867200696959	0.811070639074	2516096	3
5	4	Rhizosphere	6.03547328966	2430.8161434	0.774312519026	0.722359864253	2510143	3
5	4	Surface	6.8271491319	3220.80107847	0.84541371704	0.790777291662	2772054	2
5	5	Deep	7.25931118643	2991.41120732	0.927380712233	0.894553072936	1354267	2
5	5	Rhizosphere	7.18857743301	3642.52953164	0.876890341372	0.828772972752	2590415	4
5	5	Surface	6.88956297381	3364.89966874	0.850131989575	0.792635076329	1603268	2
5	6	Deep	7.54621507028	4013.58212262	0.909463111359	0.871588906697	934213	1
5	6	Rhizosphere	6.24885378381	2608.48984132	0.795188101586	0.74380822814	1455843	3
5	6	Surface	6.55322019235	2568.5516264	0.83537712215	0.799580537019	1802985	2
5	7	Deep	6.19450947455	2064.10152429	0.819707497585	0.799849132441	2813130	3
5	7	Rhizosphere	5.99907619538	1946.16439318	0.792034951204	0.747602329584	2872847	5
5	8	Deep	7.30034429803	3486.91760574	0.895003934085	0.863185733158	684253	1
5	8	Rhizosphere	6.52743141653	2733.85921973	0.82570052715	0.764557663438	2383089	3
5	9	Rhizosphere	6.57843648172	2554.14144988	0.838907220849	0.784823708548	1534325	3
5	10	Deep	6.28009897187	3049.2836505	0.782794911807	0.757984434075	848205	1
5	10	Rhizosphere	6.96498731311	3905.49207481	0.842185029501	0.820432356104	433320	1
5	11	Deep	7.34444036515	3821.63690711	0.890404197782	0.858277835451	737509	1
5	11	Rhizosphere	6.89389793246	3841.91807104	0.835231936391	0.789110043751	1303221	2
5	11	Surface	5.54869482859	2308.57667873	0.716479589344	0.668615051361	1665447	1
5	12	Deep	7.55614638347	4212.83931742	0.905373119305	0.843943308677	568196	1
5	12	Rhizosphere	6.6973687401	2864.93401941	0.841393513051	0.782017882138	1646417	3
5	12	Surface	6.56071097082	2786.34943933	0.82775073773	0.778852964578	1380109	2
5	13	Rhizosphere	6.56856497073	2904.46966811	0.827781261958	0.788450065642	1951768	2
5	13	Surface	6.62595603507	2493.34542424	0.847159388755	0.819051756615	696050	1
5	14	Deep	4.75338322053	1455.36348357	0.652667316194	0.623345873413	843651	1
5	14	Rhizosphere	5.20609045869	1098.42619511	0.74432183676	0.720164570748	868266	3
5	14	Surface	6.14367335835	2407.63892881	0.789025981159	0.762012350015	571205	1
5	15	Deep	7.1720860519	3412.18624771	0.881792284522	0.847078587255	2654880	3
5	15	Rhizosphere	6.23126663269	2182.99637562	0.812121609261	0.765988661462	1872303	3
5	15	Surface	7.37914265583	4076.74001701	0.89118930849	0.847299923941	1540915	2
5	16	Deep	6.3923253239	2525.417028	0.816372262821	0.791107569037	2357532	3
5	16	Rhizosphere	6.2732802511	2100.85707277	0.823220930583	0.776565932728	2163498	5
5	16	Surface	5.25008372682	1330.3162963	0.729870454889	0.697326988669	583216	1
5	17	Deep	7.04763959898	3583.05093281	0.861216842959	0.80522730992	1352409	2
5	17	Rhizosphere	6.41880781344	2252.36956606	0.83168671944	0.793348336638	2140808	3
5	18	Rhizosphere	5.99150858083	2312.60961807	0.773503567584	0.727325582864	1176622	2
5	19	Deep	7.57224405625	4716.63128972	0.895853979704	0.822830783506	5016461	2
5	19	Rhizosphere	5.94250953666	2148.83619607	0.774618501946	0.728170383829	1839501	3
5	19	Surface	7.00191743346	3180.19199731	0.868218305448	0.833965764455	1109733	1
5	20	Rhizosphere	6.3215114433	2759.75876244	0.802009832862	0.740749170975	4063334	3
5	20	Surface	6.21878560278	2108.56368738	0.812513555695	0.790018852103	665008	1
5	21	Deep	6.91816388945	3010.71115378	0.863709714307	0.830285751325	780821	2
5	21	Rhizosphere	6.63887174201	3312.70384801	0.819793556058	0.770725536585	3475774	6
5	21	Surface	7.46590069879	4233.73468245	0.894029928722	0.852686671485	1104702	1
5	22	Rhizosphere	6.7147849296	2982.00539459	0.839311259486	0.803129652131	627961	1
5	23	Deep	7.26341636873	3962.65933943	0.876729648504	0.828773644512	703098	1
5	23	Rhizosphere	7.63153464576	4485.91234938	0.907578683865	0.848369802135	1091400	2
5	24	Deep	5.95021387173	2294.35293114	0.76893969578	0.719292455051	433766	1
5	24	Rhizosphere	7.31145345906	3551.73738306	0.896223983433	0.857612345908	924940	2
5	25	Deep	7.0050078456	2992.03042915	0.875220369752	0.834020343853	409246	1
5	25	Rhizosphere	5.86800990255	1837.42075424	0.780760293066	0.73094838726	1606280	3
5	25	Surface	6.80285631951	3209.40164426	0.842577422617	0.801183400877	1700567	2
5	26	Deep	6.91736915047	2626.03049837	0.879324905272	0.860928590719	823872	2
5	26	Rhizosphere	7.17938015469	3380.46832786	0.883802980786	0.854802350953	1322786	2
5	26	Surface	7.08383981141	3281.93435532	0.874959866933	0.843135364	674420	1
5	27	Deep	7.07535927073	3809.24574895	0.858150913429	0.810063909362	1427333	2
5	27	Rhizosphere	5.76757446103	1498.52292272	0.789338064071	0.73881314206	1513430	3
5	28	Deep	7.15609693881	3210.83615999	0.888215937622	0.859575542703	1302321	2
5	28	Rhizosphere	5.16737584787	2614.90833801	0.656103942899	0.611203339763	1935925	3
5	29	Rhizosphere	6.93394581606	2912.91396428	0.869608618586	0.840737588271	1706397	2
5	30	Rhizosphere	5.93121119841	2001.69886345	0.780057499855	0.734748466622	1322697	3
5	30	Surface	7.19698462781	3252.43237324	0.889927494416	0.85994139326	944579	1
5	31	Deep	6.7281101279	2638.76290449	0.854015890405	0.833104056467	1515887	2
5	32	Rhizosphere	6.99051388425	3562.4204464	0.85742337545	0.812311031098	2024210	3
5	33	Rhizosphere	6.13113731146	1938.49908267	0.809853117714	0.763987021714	1924393	3
5	34	Deep	6.82128445019	2880.47722402	0.856330869356	0.828212181797	870393	1
5	34	Rhizosphere	6.02020068905	2302.98395849	0.778074898827	0.736074445842	1748596	3
5	35	Deep	6.80129031877	3269.85461347	0.840443576716	0.789250813721	1446704	1
5	35	Rhizosphere	5.61665850792	1240.66496183	0.789244286356	0.751004974849	1320341	4
5	37	Deep	6.40749580973	1129.41328344	0.911521181021	0.903515061002	236636	1
5	37	Rhizosphere	5.90200080582	2134.22049122	0.772762019105	0.726814197706	795252	2
5	38	Rhizosphere	5.71626689436	1006.38819574	0.826752252574	0.823758135789	47326	1
5	38	Surface	6.01742369126	1668.05138249	0.811037881195	0.78270368225	854711	1
5	39	Deep	6.57034257495	2535.59653822	0.838294697212	0.79416704543	1749001	2
5	39	Rhizosphere	6.70181147779	2434.843017	0.860401224136	0.805811962775	1725815	3
5	39	Surface	6.42982233008	1364.52462813	0.890734591481	0.882632861843	324457	1
5	40	Deep	7.61029516695	3319.98955699	0.938648357534	0.925902571574	688733	1
5	40	Rhizosphere	6.94608279847	2906.25869825	0.871989104864	0.827505777157	2026436	3
5	40	Surface	7.02437314063	3270.37663498	0.867993065575	0.811724179268	1315556	1
5	41	Deep	4.96526974798	529.851772019	0.791581145232	0.786221421933	380181	1
5	42	Rhizosphere	6.16968731045	1785.20972847	0.82402128624	0.785859065007	785500	1
5	42	Surface	6.66163336574	1969.13077437	0.878223887808	0.847807782974	1022507	1
5	43	Deep	6.94426791552	3342.70181004	0.855884774758	0.806532466065	1803863	3
5	43	Rhizosphere	6.60555323685	2605.32276306	0.840117293887	0.790185508232	2447560	3
5	44	Deep	6.13071320678	1488.91221401	0.839156876046	0.821125951576	688483	1
5	44	Rhizosphere	7.25269257367	4029.34792392	0.878636874335	0.822119499182	1585487	2
5	45	Deep	4.36215877888	980.34469938	0.634249222281	0.605046151486	1728953	3
5	45	Rhizosphere	4.27781975257	775.524126819	0.64727685299	0.602735637894	1681020	3
5	45	Surface	6.05215236487	2169.88121447	0.787791645707	0.747726423292	602224	1
5	46	Rhizosphere	5.79887424639	1693.94376398	0.780508622311	0.734840545988	1336758	3
5	47	Rhizosphere	6.3101956195	2337.18746528	0.81365578422	0.759810451363	1720517	3
5	48	Deep	5.2368635472	1146.95153347	0.744349852117	0.709160649101	1899737	3
5	48	Rhizosphere	5.10282874172	1067.36591216	0.731803523596	0.693669738965	949598	1
5	49	Deep	4.88917170334	1702.24214036	0.657173094809	0.627166929715	734140	1
5	50	Rhizosphere	6.04475384772	1993.95836793	0.795584581158	0.775935139745	547207	1
5	51	Rhizosphere	5.32977894425	1125.2191812	0.764863251442	0.72345039076	684002	2
5	53	Rhizosphere	2.14276751653	359.651455384	0.364098253836	0.3344478937	550912	1
5	54	Rhizosphere	5.59174987539	1400.32153435	0.772402775624	0.734398331753	1495175	3
5	55	Deep	4.55737115154	714.536779255	0.693491272417	0.648114170279	696965	1
5	55	Rhizosphere	5.27483510374	1310.92448183	0.735154724878	0.688279690254	3099922	3
5	55	Surface	4.81906854556	710.185235574	0.734614262474	0.698113013179	776876	2
5	57	Rhizosphere	4.93941019574	1191.22802977	0.697122710597	0.65614825559	1009722	2
5	58	Rhizosphere	5.74010673927	1239.90350543	0.806068608441	0.766908831476	1139584	3
5	60	Rhizosphere	5.67141514019	1688.93533971	0.764729031334	0.729410255348	2046268	3
