ASV_ID	TRIP4_EB1	TRIP4_EB2	TRIP4_EB3	TRIP4_EB4	TRIP4_EB5	TRIP4_SEB
6e7604ec6f61c2fee0d97a8d8b3d057d	1525	1294	1000	903	1487	755
acb32191eadb8ef6ca9ff22fa26c53ed	1194	2665	866	0	0	0
3c573e58ac2a034b90c33aff248f8cbc	1424	2384	323	0	0	0
cd5ac125748fbad5bf6d26ab20c6f1dd	3114	0	0	0	0	23
72a23bebd4e258d1bc58aa2004ff8166	899	2106	0	0	0	0
263e4e3ba1393504c1bda557b59ef4fe	1688	0	0	982	229	0
e1febf4dc0e32bed5a20b4164748a012	2657	0	0	0	0	0
7f7c25e6adc6a3262ec4c966ba9bf36b	1210	0	0	1426	0	0
6c9e90fb167ef93dabf58390790e1dd9	2600	0	0	0	0	0
fd1abdab9ac5be9882a47cd317a1f2e6	1187	0	1156	0	0	105
78cc56f801804721871b41eb367896a8	2412	0	0	0	0	0
dbccf66be9d06745026c95b1d30b79e3	2269	0	0	0	0	0
a6a55e28bed147800585992ce0c9f43e	2246	0	0	0	0	0
986a0e9c81150eeb126502c2522cf390	2228	0	0	0	0	0
93363c859e2de8d26367156b701f28c6	2211	0	0	0	0	0
c5f0885c64556b50ec9b6c32695f7eaf	2182	0	0	0	0	0
b7e7d9e7dcfc73a851fbfdcc7d565d58	0	0	0	0	0	2171
5ae7b1191f2694b3c58f52bf3b23c240	0	1317	330	117	391	0
cbb1675204ab1f18d3990823de5207a6	2078	0	0	0	0	0
1f450b24be1f06e0a31207cfd6fbfe24	0	2027	0	0	0	0
3b4088a8b99b703818deeb271ca7b004	2009	0	0	0	0	0
1a8e05914f219e58e4f400a0ca2544fb	1936	0	0	0	0	0
ff5b03d0764e42ae5463c8a20adf5542	37	1362	0	0	526	0
470269a870f348d1a1b6cf449fb02460	0	1888	0	0	0	0
a9980ab46cd10503cc316c65aafd583e	1880	0	0	0	0	0
2022f09cdd7c19a26cd1a7a40b1ec6bb	0	1857	0	0	0	0
75f7abfe634de4a6fce0fb1731844547	1832	0	0	0	0	0
6b01e296d04b8091fb7a6f5cb8dda6ae	1764	0	0	0	0	39
0a4d35b534f919c3c0ed5985192f5c2f	1779	0	0	0	0	21
9b8d24b790abe45cbaf58ec57c8493c2	0	1781	0	0	0	0
6213d1481ee6ee33749b8af6e44e2e47	0	1725	0	0	0	0
8eecc352de88d4f44e9f33bd6e19d16f	0	1712	0	0	0	0
4c8472761aa5178168100b5cd32ade03	1690	0	0	0	0	0
e15bb68ba8f109117f9f741a4623bded	1686	0	0	0	0	0
64d0c64e3fa2af39d3ea7dd7c770a5f6	0	1684	0	0	0	0
713cf6a2cda2efc43368327fc9c912ce	1651	0	0	0	0	0
aecbaa87dee5a7cb4b783d73428eecb4	1651	0	0	0	0	0
265e133c6695080cab20c1cca9552694	0	1642	0	0	0	0
4eb774f7fd89be3162fdf6ea3e7d7798	1563	0	0	0	0	51
fe01e30b566b4f8823ccedd261c45257	0	1606	0	0	0	0
b77ced0a2c80c08c5c91bb160f1ccb3c	0	1571	0	0	0	0
e0cc089653516b48940f2620ce5329df	0	1570	0	0	0	0
adeb46936452c7a38e2ab8054da5ff40	1562	0	0	0	0	0
a85b017bc1b7fdd73cc91f72d5378011	0	0	0	0	1560	0
1aad9bde3ebd36df6a1e03185f533bfc	1536	0	0	0	0	0
a7e0696668d565caed36882999958284	0	1532	0	0	0	0
9c69c73edc2aac348b9d52af57a2c2a6	1094	418	0	0	0	0
2b013336a650e9f9fcfc0683f3ce0c88	0	1501	0	0	0	0
2b289729e8d05c7e6103b5204129ba01	0	1494	0	0	0	0
00731284bbfada95eb1312052613a033	1490	0	0	0	0	0
81275ad3d8862172940f1f290435e02e	0	1489	0	0	0	0
ca41cf98a6126fb35009eb6d04143f38	1461	0	0	0	0	15
b604ba59c33fe9d84906e4e3fddf33ad	0	1474	0	0	0	0
978bedf4abd2023fc22065f532d3dc0e	0	1464	0	0	0	0
7d07635c19e930198eeb37a8281631c6	1446	0	0	0	0	5
2868cd8509c32177da43186934676889	0	1444	0	0	0	0
ef346f71042b43afe8dba98f6aff8921	1422	0	0	0	0	0
b7aa1ab2d96f1c8cf8ff08b3a4f88642	1111	227	0	0	0	76
ddc6b8485a137baec25565236c5a422e	1394	0	0	0	0	14
7179dbfcc505246d6ac5a63aec276d78	1399	0	0	0	0	0
61547946901ae77011075eef52f80888	0	1363	0	0	0	16
c630e0446b2ac41986737996676e748e	1371	0	0	0	0	6
ed33a1a7938984c9202b6c301c8fba99	1360	0	0	0	0	0
db404f3e15bdfd62a52abf3f9678441e	0	1347	0	0	0	0
c3180366c20bffdae2cb035835c9097a	1346	0	0	0	0	0
a7dcfc129af0bd371c0514fc51c92c3d	0	1346	0	0	0	0
b458175f4e67d44fe0d685b805d87dcd	1336	0	0	0	0	0
9ba25169ccdb38d6fd74db6b805376fb	1334	0	0	0	0	0
3a238646f49b634244b5a6a915ac7819	0	1333	0	0	0	0
0e6def0db8d1d95dc59b7c50227abac0	0	1327	0	0	0	0
3293aaddb29fc556b5aea699c61e3b7d	0	1325	0	0	0	0
a981231450dbb773383bd7c8119cc519	1318	0	0	0	0	0
53a2e273def177c799153f6dc8275d27	1317	0	0	0	0	0
423ee829a8a3e5f1a61042d12284626e	0	0	0	0	0	1313
f02bdb0255f8f72d019dec49461260dd	0	1311	0	0	0	0
90496d89cfd2cb3cd6449625f7c81123	0	1298	0	0	0	0
845dac0b5b22d3263a9699ca5a7c4760	1278	0	0	0	0	0
b0dae25ed1f2c9d9fa08a21d5834f069	1276	0	0	0	0	0
7c03d3d54a87852c1f427e1e9588dc78	1276	0	0	0	0	0
b132ae3744663783cdbcf920f1b5074a	1272	0	0	0	0	0
0897bb249c3b7ae16029f82ad4fd89b3	1266	0	0	0	0	0
67da717c37ac5521d57c8e8c42a00af7	1250	0	0	0	0	0
0a3c292ff6f818e36af215300de1af0d	1249	0	0	0	0	0
3d81556614fa2876cc5de61590a422c5	0	1249	0	0	0	0
8eb7132702b8fb05194e64ce018cd900	0	1242	0	0	0	0
dbfd8c332183187b0f109491167a81d7	1240	0	0	0	0	0
832a017b511b908dfc6890a80a6b863c	1236	0	0	0	0	0
fdb43f3e9925b7d05ac8db50482af2b1	0	0	1234	0	0	0
014782e2820c9b3c21f90bae81e5aae2	0	0	0	1230	0	0
9e50c9c29f77a2bf593f9fc1a86d4c5d	1226	0	0	0	0	0
c339ed5820d71912d08f810f5a84869e	1220	0	0	0	0	0
0a0f3e86fadee3853a508ef6ad1f8f27	0	0	0	1216	0	0
7de04054f7121a801adfa13de3bb689e	0	1212	0	0	0	0
9117939c8b6c4f6f2aeeb4df736fb557	1188	0	0	0	0	0
70263784dc8090d909153a62ee51d0fc	1187	0	0	0	0	0
9c7f0ded651d134c0c15ee04436a9104	1171	0	0	0	0	0
4694d338d20975356d0719ddcb778218	1166	0	0	0	0	0
8727ff71589dd9aa986cfd73845ba498	1165	0	0	0	0	0
19b7510d34c9fccfb90ba8b417ffd956	0	1165	0	0	0	0
46f6692b7f94812ce94cb344848dec0c	1152	0	0	0	0	0
ad54d7f6cb39104fbe48ca510ecefb5f	1114	0	0	0	0	37
fba9ba7ea8145f55229c6bd938c6fcc6	1150	0	0	0	0	0
471a2b818f0c8e1505bb72079a846dc7	1138	0	0	0	0	0
d55e8966ad468ef3dd3092e2e84c34d2	1131	0	0	0	0	0
59e850477382c6d8b77316f392c5a7f1	1128	0	0	0	0	0
3b001df06d3a56ff1fe5d619253b5fe9	0	1127	0	0	0	0
74e9c93f8ab192db352e7881fd87870c	0	995	0	0	0	127
347ef82f273cc6465b6d567c9625eeb4	0	1118	0	0	0	0
f88a2761db708caa32663687faa79f42	0	1112	0	0	0	0
f00db2b3bbf0d34a1d9104301a0d7f6d	0	0	1111	0	0	0
16dc2270d357dcf2cc4205a6da71a0e3	0	0	0	1110	0	0
237d9f083a226e512e71d64977134445	1109	0	0	0	0	0
9458017ddc3d98c986256dca766a32e9	0	1105	0	0	0	0
31e75fdcc28b30672b7a3fd791f3fcb1	0	1095	0	0	0	4
dfd8eb80a70de41e032094c7d0490ff4	1092	0	0	0	0	0
b08c9fa716d9ece91996744ddb2408db	1075	0	0	0	0	0
ce1de948bbdc3b8deb47eb5cd2b57a5c	0	0	0	0	1070	0
68d256900ba7375c06d529855a197ae6	1068	0	0	0	0	0
a0a82df66235ad0c8ea1a0b02fe2b005	0	1068	0	0	0	0
83259b23a30743d77b95f2edf605f25b	1067	0	0	0	0	0
82a435a65f567e0143ff84d29dfd5bf5	1066	0	0	0	0	0
ad524721af226357421c7d94393207e9	0	1060	0	0	0	0
c3a18e2fa464d3878997473b8f7930b1	1056	0	0	0	0	0
933fe24392fceebb273b8b36613d4298	0	1056	0	0	0	0
fe61c0efd469836585d8fa2f8d7163c2	0	0	1054	0	0	0
a7a9d145e504b05567f3d20d791a5ad9	0	1053	0	0	0	0
c02b1e49b8c3ae45f1c9c5ae932790d8	0	1050	0	0	0	0
52bf70dcb7648ecf957d6f3584f1947e	1049	0	0	0	0	0
fe49127021ecadf21ad945c1c8d8a007	1034	0	0	0	0	0
2f802d34026c4e58ffa397b7a24e534e	1032	0	0	0	0	0
094837c84cbfb4aee355eefae8505b4c	0	1032	0	0	0	0
0021109dd6c3d36d9cd45b8b4fdeffc0	0	1023	0	0	0	0
c497c31d0cbb7d71847c383fefed1526	1019	0	0	0	0	0
cb418e61512405d51a19833eac39ceb2	1001	0	0	0	0	0
2a1c056029c1471530e60e148844b8e3	994	0	0	0	0	0
a567634b3d7f27ea099c89d7910fdb1d	993	0	0	0	0	0
a0a6444f04bd1a0ddac3783e1b94a5e0	0	988	0	0	0	0
e15cf45af49d0e48c6bc07aae7d39c86	0	986	0	0	0	0
669c02d792ad1a306a8e3a25f3d8f36c	0	984	0	0	0	0
8edcda72ebc624af0ccbd89ffd2362bc	974	0	0	0	0	0
cc46657df8bc74f3d8805baed8b4619f	0	963	0	0	0	0
54e5a7af94910d026d86e26b0889b505	0	922	0	0	0	41
fb19efc31a63e6e31b9a239ab433fdae	0	962	0	0	0	0
6d1a5d81599f24de069bfd7572a16f76	0	0	0	0	960	0
81d8ab0bf8044083411556e40aa7caca	0	947	0	0	0	0
c681232dc5d3a7e6133de82cd793287d	0	938	0	0	0	0
6b75c7a077cd60379e553d7952216c71	0	937	0	0	0	0
b198528d3dc528ab0ba53445bc996700	0	933	0	0	0	0
5c35d22c1080fcebc7538813e26dcb70	932	0	0	0	0	0
c48b2f68d2b51312689620fa57f874b2	931	0	0	0	0	0
f02b841f7935124be4df4df6cdb49371	0	925	0	0	0	0
5f1653d696e9de2b643bc31b2392b02b	0	925	0	0	0	0
68fcd0c69abb5d249609e17a7a2e194f	0	0	925	0	0	0
16042e8a5ca97cbb78acacf284188c34	0	922	0	0	0	0
f9945c5f56c60fdf27ee53cda0012203	0	918	0	0	0	0
6497c21223c645a0c93bfa08324cceb5	912	0	0	0	0	0
f012b51fd22973ca6d75162101c58d77	0	0	0	0	912	0
8dad4fba0eb5e791d987a8bbe09e76af	0	911	0	0	0	0
880884e94c79a88805eec01afa9e40c7	0	0	909	0	0	0
eb1bb2819309f952ff916d8bd307788d	0	908	0	0	0	0
e43ca8871978f9805fbbf5f9700b49d6	0	905	0	0	0	0
3b32ed0e7eeb5c90fe7673da1480c197	0	0	0	0	894	0
9ff51cb0577a0072341ef52671c710c6	893	0	0	0	0	0
7419717c99fc09a4363b99a71c557804	0	0	884	0	0	0
d67272120864edbef41012231866d949	877	0	0	0	0	0
cb0ff0d3837b4ce08370e061bd53452b	0	0	0	876	0	0
89583d981a7acb95f2961e44526712c8	871	0	0	0	0	0
33566cd8d904ac2f5a75bb8d3c627998	867	0	0	0	0	0
f29ab84d4eafbbaa65577f14c5bdff99	0	0	0	862	0	0
f3802c80053575676979392d07a1f55a	0	858	0	0	0	0
77f66c6812b52f7c418fcc25ce0c9038	0	856	0	0	0	0
c9255543799b4124e22c0ac172e4c439	0	856	0	0	0	0
4fcc8cd7460d8cb86306ebfe3a149896	0	835	0	0	0	15
86233b0aaf37ea3b44445847aab15d8b	0	846	0	0	0	0
a9a1be9f7b448553e954668544fbb6c7	0	831	0	0	0	14
8255e2475791d9b0927b14f28e8f0d9c	0	803	0	0	0	40
6313747f3e8be515d3d1ab6287ef72ea	0	842	0	0	0	0
f6e7319372e3c4004fd9de12edcd3780	0	795	0	0	0	45
848ea8abf3fc551c73881ca1afb22668	825	0	0	0	0	0
4be823c57ca5d2b863301147c5d511b8	0	824	0	0	0	0
ec5d548fc71add164dfa92271cc01b3e	0	816	0	0	0	0
f5cebf0316180f39b2ec52029adbf236	0	811	0	0	0	0
bf80d108a4e17ea44d1fadab628fd957	0	811	0	0	0	0
e1ec5186a049caeb947c4a0b2fd9f8e4	0	0	804	0	0	0
9b374d5742bea033127f7ecc67ecd213	803	0	0	0	0	0
ac878a6e0c434dc118d5934fb352b463	0	803	0	0	0	0
f991cc5f6593df340ec0622e34aa4690	0	801	0	0	0	0
3cd7929e08acd3e5c87880b74959b2bd	0	801	0	0	0	0
35bac26f23f8831524e7a3774cbb5532	0	797	0	0	0	0
d87d9b98432f581781fd1a4f22a606c8	0	794	0	0	0	0
19e80da3a9ec75d52ebfd4f4d3532e06	0	789	0	0	0	0
52adace161124d83b831b8eae2d1b401	0	789	0	0	0	0
1f052d2f81fd2febf76b366a0ffced64	788	0	0	0	0	0
70be28cbbee648524c32c3fa4c609056	0	788	0	0	0	0
367ec8cf2a7c3d6bd585f910cff95f97	0	788	0	0	0	0
c9536d6e1a51b12af7d28f9c2542c2c5	0	783	0	0	0	0
99533cda957d5b975c00264653e183c6	778	0	0	0	0	0
8a6d31b5c11a316628864898cbe0967b	0	777	0	0	0	0
0fbd5805479a0987397378815c1aeceb	0	777	0	0	0	0
1fdef38620810374590fbd29becab061	776	0	0	0	0	0
5b226f48bbe3d032b31e9e3588613f82	0	776	0	0	0	0
788c252e221a63b7cb20b583f4a87ce7	0	0	770	0	0	0
28948f0d3dca5fbe4c26fc4b54c13059	769	0	0	0	0	0
136e784a84f388bd65144890c0ecd4ea	0	0	0	0	762	0
f3313f7948e40476b8cebf68bce1147e	752	0	0	0	0	0
b90e5f207e760c0b02d67b5488f525f8	0	725	0	0	0	26
6417cb584a009fdef61213cccd58e440	749	0	0	0	0	0
a6e07fc9500d82fc517fa6d066046611	741	0	0	0	0	0
403fb34cf333de741a9bbe5fdfbd723b	0	737	0	0	0	0
02ac7c7f8691282391e80eb4f5deba4c	0	731	0	0	0	0
5a770dc9b3ee04cf0c0796aad5cd06a6	0	0	0	728	0	0
ab7754e09ce7c6de70dad3de4de97862	725	0	0	0	0	0
b0ef5098a2d1db566df2c6903363e035	0	719	0	0	0	0
aa8cb990b29945043d10044523531464	0	716	0	0	0	0
3e0b14efad3fe5024fe72fdf941db7b8	714	0	0	0	0	0
aa4de3fbfc02f00dc30d3b0a1bc8d280	0	0	713	0	0	0
5e67fe9a98f5eaf40e35fbdbb5829632	0	712	0	0	0	0
60891a8510745258f7866b9d63c90767	710	0	0	0	0	0
848f6dee3f8ea166d4e216baceedb19c	710	0	0	0	0	0
a6d013a7a216cf4c78dd5a12b5515389	0	698	0	0	0	0
a39d5e39694233a435927dec32140583	0	697	0	0	0	0
e68ba3376775c96114d1b24f07620165	674	0	0	0	0	14
948a691a1eaf973a9165e3cdf528aa51	0	686	0	0	0	0
747c976487df7694fb885b1e07da3f0b	0	0	683	0	0	0
57d302b5c4360db27df7cb4881c57be3	0	682	0	0	0	0
40d02f2beccc9424651a3e2c52dd1ca2	680	0	0	0	0	0
dac65f2dbe2bd6c7672a9e7e733f42d2	679	0	0	0	0	0
c13a00c7f0ad2af435fe1c0ea4af9294	0	679	0	0	0	0
ec9b2899c83f01ac60dfe73065212895	0	0	0	676	0	0
d7b1ad3c1eeeb356003a40b48ba078a3	0	669	0	0	0	0
610b5562109836723975c0d4546a6182	0	667	0	0	0	0
96a8df2f36a7b47662ad366f73f5178e	0	666	0	0	0	0
d2425405de17a3c45e6ec6f520bcb77b	0	664	0	0	0	0
35395ef8317505d0451f195cfabe44b0	0	0	0	659	0	0
90cbfe6ec0cc944d9f93993b16d841c8	0	657	0	0	0	0
70f5f2262deffe3a47e48cdc99c3866b	0	655	0	0	0	0
58a02ba5ee8db4e80b41723784574f3a	0	644	0	0	0	0
79bf90ebe2d2e75b558efb97f1d7ea33	639	0	0	0	0	0
c517f774e9ab3f6c96e1f7adc560d82c	0	637	0	0	0	0
28493d4acc88fb0222c669254d8b3076	635	0	0	0	0	0
df54ad9e4c8640f8308ff61277ac7bf9	0	632	0	0	0	0
b34809fdfbb467e04476d01c98729089	0	620	0	0	0	0
862befaacd6c500e4ba6a34ed20fd80d	0	618	0	0	0	0
7e047c19b7308c1d65f856976f2afce7	0	617	0	0	0	0
aee67785162eaf00016a09eb78c63744	0	615	0	0	0	0
1d31b58baa088d465ef2b51ca9f7c06f	607	0	0	0	0	0
0687278fff938a086f825d5cce04ac4f	0	606	0	0	0	0
1d54bf40dee53634c0d1a17532d500ad	429	0	137	0	0	38
20dc3ee62a2a38e3ad3c1f7716b25792	603	0	0	0	0	0
c50e0f3e076cdf370583690d5e406dfb	600	0	0	0	0	0
79c21a15325bb48106e4f0868f20fcf8	600	0	0	0	0	0
ac0ae9e4a6f5d0ca5da8ffa87731ee14	0	0	0	0	589	0
855bbfc40fd859825297eb2387566d94	588	0	0	0	0	0
2300b6b69efe7ff0ae8570751c13760d	0	586	0	0	0	0
992ba8a2a1a2c8d99e0ee53f855229e2	0	586	0	0	0	0
248e9feae8d7c32c75cce9831a17e062	0	0	585	0	0	0
104d62b5075f1e397af8bf6a34e9e8f8	582	0	0	0	0	0
18f3b613df6261feb57efb8dbe33c529	580	0	0	0	0	0
e035779000aaaf4bdedc12396e15c3e8	0	579	0	0	0	0
cf6331d7b1fbf2e842950573d7a6578c	0	0	0	0	579	0
6c59e672b3aa022629018612e5faaa53	0	577	0	0	0	0
696d19940e593d784ac277f89d5031a2	0	571	0	0	0	0
0cf8d7163166bf55a8349e89d5cb6b15	568	0	0	0	0	0
836b9de81af7b9c1084c1e9ef0d69488	0	565	0	0	0	0
31232120ea5823685ca9a6714a12db94	0	565	0	0	0	0
0faff080f36b1d8cd647e7010bbd3a9d	0	563	0	0	0	0
c6cdc71a1f7376db5a843ade152ed641	0	0	0	0	561	0
979465ad60af868ec7a5c2072872ea36	0	560	0	0	0	0
707fa0009ce76cec0dd98a04c8dca9be	556	0	0	0	0	0
ef5a2b24f6737cd6edcf4b6c8e5fbc66	0	555	0	0	0	0
9f555d2fe5ffacaa6ff5921cb8686319	0	554	0	0	0	0
67e8bfd7d8af09c5c9ad8d0f29a2594b	0	553	0	0	0	0
c7eb5c61bc95088f8c959d4db7114ff1	0	550	0	0	0	0
318f34e6c60838b88118e96634fb84c7	547	0	0	0	0	0
fa125881a56ad7eb399b9aeae1f72735	0	0	547	0	0	0
8ac5cbd4b2a42abaaea7292ba573b58e	0	0	0	0	542	0
541fb08356787320d1702f3326649397	0	540	0	0	0	0
024e2b53a768bf972ffadf4c9355bfb0	0	536	0	0	0	0
d45322a19af1b4ab1bf578d5a2cfce89	0	533	0	0	0	0
2b825041dbad70ac24b18218b9e84f01	531	0	0	0	0	0
0cf4131b1efab5752488805ce00551ad	0	528	0	0	0	0
d8067a05042817952a2eee86cbf6da22	0	527	0	0	0	0
64e6d1b7335d2e7f2872a74f4b4c65f8	0	527	0	0	0	0
b79565a1545613690ae12fb1e31cb6dc	0	0	526	0	0	0
f522eef366d1adf1aada901ca45efb20	0	522	0	0	0	0
7c51608da01554abb8ee79f921a18256	0	521	0	0	0	0
1d3633404f1a562e071ef9fb6fc9d430	0	519	0	0	0	0
6926888a5a5b9c5751cec4227d91b3cf	0	519	0	0	0	0
e6a1983c6ae4bb282fdee23e53b48af9	0	516	0	0	0	0
22ffd4e407337bb0913a380045e76dfd	514	0	0	0	0	0
09b4d3f5dd9100f26f094de13bb4f64b	0	509	0	0	0	0
30619132af6d3d43ecbcc3721fdb9f42	0	509	0	0	0	0
f3f046da90c52edd9bce1519297b97cf	0	509	0	0	0	0
bfd042a3f4f84c8070583c78f8a97054	0	508	0	0	0	0
78e417af3e49eb7b0e16377240744cf6	503	0	0	0	0	0
e77cd91f55110eff936e72a0730cc6a1	503	0	0	0	0	0
0670bbdd82b6f26051a609c1fe8dbcb5	0	498	0	0	0	0
caf3686dae60e3f86e6c79d018c27f1e	0	495	0	0	0	0
ec6f96609ce6195d26da85f14995f718	0	494	0	0	0	0
2b5c134ad96204274c0c04410edbd4d8	0	494	0	0	0	0
e73da67da9585e928be6f70b6e59d83e	0	492	0	0	0	0
9241af524f4f52badb5dead020760daf	485	0	0	0	0	0
36d51307a5ca4d7ddab89adb3861f937	0	482	0	0	0	0
26fa49b4e82256126c68aab0f5d33962	0	474	0	0	0	0
2119fa6effc041cea705bcbcce5dd06b	0	0	474	0	0	0
5e979ed1a76658fb98292f9d957f384d	0	473	0	0	0	0
e17ac9ba497f3118eac7a4b3c266a064	0	0	465	0	0	0
90976ca1f6d2ba256a8337057c2c5b2e	0	0	0	464	0	0
7d66a94f6e8975051ce7bdef58308578	0	462	0	0	0	0
079c089ab2001f73e68bcb13ba94813f	452	0	0	0	0	0
f9766e45e8cb57a229911469ed09e3d6	0	450	0	0	0	0
7c05f7c40f490793fe00305b132f36a1	0	446	0	0	0	0
29db0ce4f5606a8bce7453c6883e838b	0	445	0	0	0	0
2130250ceff0c73c8be655c730eb19b0	0	444	0	0	0	0
31474b8a27524b8ed79905a638134949	0	0	0	399	0	45
322ee3d3c079c7518f44e1b8acc328b0	0	443	0	0	0	0
e778134e032562e8658b580a884a2c5a	0	0	0	0	440	0
eea6d237a74f74582431e3e98f38a142	438	0	0	0	0	0
e70629f76e4e98fe3fbc7e7cbda93c02	0	436	0	0	0	0
2da87862a74f7e965180ae96c6ad7962	431	0	0	0	0	0
7e54528acb68a54b158a9e6a6bb1cbf4	0	431	0	0	0	0
59d49b44054eba9a572c04842cffcf55	0	428	0	0	0	0
de063937e38de4c0a53a547514e78739	427	0	0	0	0	0
739dd3357e4be42af0994b3ad67dfde2	0	423	0	0	0	0
be9a96582926c6023b112942a9a60d2c	0	419	0	0	0	0
b156d2177162fc0970a9bb0ee17474c2	0	416	0	0	0	0
cbc426dda5f8420eb130dafac56f05be	0	0	412	0	0	0
db82d4d8ae7ab0a253afe5c10c79a8dc	0	409	0	0	0	0
8f4a84aa6f96fcc8a054f6401d420d24	0	0	408	0	0	0
e81a8ea1018ff32e92e33d3321ae9e60	407	0	0	0	0	0
0fc5ed339904eff2cc29827f9db73148	407	0	0	0	0	0
0eac6131e5770fcfc116194cab0a7108	0	407	0	0	0	0
aa857b34cab0531706a2526bbbddb03a	402	0	0	0	0	0
e781c82aefc8e69c19de3dac2ae18c2f	0	401	0	0	0	0
372c53e5d468669364299c3975205b37	0	0	0	0	401	0
383730998c7261ea1496452fbbb2b70c	398	0	0	0	0	0
b19c4362ba287049cb3b373f52b92d96	0	393	0	0	0	0
729d3155b7b6123976c68e5904d7a37e	0	389	0	0	0	0
16bfdb356f5531c5498b6baf9e479e68	388	0	0	0	0	0
59da64855a2cbe269558e9393162ab9a	388	0	0	0	0	0
728b49af6fd4ae896c184befaa891703	387	0	0	0	0	0
15e9ae9af549f82e7db9a99a38507855	387	0	0	0	0	0
68c935333112486a99897c122b16f5c0	0	387	0	0	0	0
f8933e7c60303bea818d4234dddf3d49	0	386	0	0	0	0
9c56b78f69452504d103fde02ff9208c	381	0	0	0	0	0
9a34b077cc8d2623f9b98cd1b9232d4f	376	0	0	0	0	0
30a5e46db60bc0c1700fad527e31b98e	0	376	0	0	0	0
efcbe0542c734e65f7749a9af0e07389	369	0	0	0	0	0
7b373bb8edfe64c1a109a267e4e43fce	0	368	0	0	0	0
f2c3a41df11b66b69bcab55dd14e75c6	0	0	0	368	0	0
60e9e5581ee2801a4dc456557954e3dd	0	0	0	366	0	0
a86af5263766010e28f63e8bade99fd0	360	0	0	0	0	0
ec9acd2da644f18f5241870da2c004f6	357	0	0	0	0	0
6f85c1e63f7a9025679227a27198c8d9	0	0	356	0	0	0
a03b2d3b164d387cebde401ba76d2bb4	0	0	0	0	353	0
d8fb1d99cdf4a8a8d8df13d976af7dc6	352	0	0	0	0	0
6a5ca95d005aaaca4ec7e95c68584a8d	0	0	0	0	351	0
163b6e9a6da1a6c6ef3d5004233011c5	349	0	0	0	0	0
10f3f00fefd6c131535b94bc9987f798	348	0	0	0	0	0
829cd8ec560409b513102c9de9ff5f85	348	0	0	0	0	0
0451713ca22a0bf21edac128337eeb47	0	0	0	348	0	0
b7f5c00261b4e3dccce4012808c72449	347	0	0	0	0	0
fd3d260ddce3391724cf3d137dd5f0cd	0	346	0	0	0	0
950584b9ba111f55abcc0bef080ae16f	0	346	0	0	0	0
f4566bca291129444ee1b79561cb3a31	0	343	0	0	0	0
80468e4bc5790e26f8adfdeedbdd5a0a	0	343	0	0	0	0
b885be4e50699fe05572d62f6be2f420	0	342	0	0	0	0
977d5ec9e2770fd0ee7f1f81f7281a49	0	0	341	0	0	0
06debe6632439bbe5c1a5938a87f0599	0	340	0	0	0	0
0e2b48db7c4dcc73862916a9920ebce3	0	335	0	0	0	0
14c0cdcd0aff0062724ae38942350913	0	0	330	0	0	0
510b57c0693809bc008777a087fbcf75	328	0	0	0	0	0
788ca2d615c4679f8dd7dce84cc82304	0	326	0	0	0	0
b36ab26b9aaba56cea6abb1ee9cee522	0	325	0	0	0	0
d618097338f506d44bac8aa82b9c2c49	0	0	316	0	0	0
790baca46eda97b89a37715faaf796c5	315	0	0	0	0	0
02623d79aa47e2b330c60413ed0b579f	312	0	0	0	0	0
895f8e0a71532ff57351f87d61b85b43	0	0	0	0	312	0
fbe05cef594859e32e485834c847b7d9	310	0	0	0	0	0
c7178d0c325868f0feecefbab289b12a	0	310	0	0	0	0
9bb57db427ea2cbce72df7258a3f54f7	0	0	0	0	310	0
b46aa6f21e16b7a7310d645413e0e7dd	308	0	0	0	0	0
9d0ecabd752c561afaa882615e273f0f	0	0	0	305	0	0
040382a25e07244a56ef389b90a7631a	0	301	0	0	0	0
d61bd01b013431e5bdaf9343567b9fca	0	0	0	0	301	0
7e56b305adbd4d8869ac02b7f37fe545	0	300	0	0	0	0
7d71169cdaf12c3736e613ffc3d8fb37	296	0	0	0	0	0
439dea6ca3387719ffe76c5c6f6ad4cf	296	0	0	0	0	0
c1821e98aacc04e3f6a474ea16d62f69	0	0	295	0	0	0
68501901ef59259b997bbc0a476bceac	0	0	0	295	0	0
321bc3495c8395f50be8ab16f29fbde1	289	0	0	0	0	0
92581e5fbb4cb0a2c766307afeb130c9	0	286	0	0	0	0
fca2681e0c30dc1fe162566587f2ae8b	0	286	0	0	0	0
ac91ee131392068760f63c75a8063897	0	0	0	286	0	0
cc6183b540fc1949aa40c35fe3231c02	285	0	0	0	0	0
7944fc15728ece04e1183feb97a2c40a	0	283	0	0	0	0
88c5cf9e1a066e876c39f5507ef5e4e8	0	0	0	0	283	0
dc8d66901eaca2f2fb2bddcd47b23ef7	282	0	0	0	0	0
13a64dab642697646015f99d5e4bff2a	0	281	0	0	0	0
db89ac7e0dd2359b01a6456caa8658a6	278	0	0	0	0	0
135ea3e4d147e2cf6e381bd218ca38c2	0	0	0	0	277	0
de6abd8abbfc9317bbe85c36af80fd26	0	274	0	0	0	0
61640d3cd7b6b6a7b47d8c6d97109561	0	0	0	0	0	274
2932e9d7b17bb3ae569897894d323d12	273	0	0	0	0	0
5464fc4b14bc80cc6b5efbd876298d11	271	0	0	0	0	0
40238ac85e4b1ffd603d8981cb3a43f0	0	270	0	0	0	0
17d74315c9d5706d86d4437474f3aab5	0	270	0	0	0	0
304da091bba03a23af386d80eeccfadb	268	0	0	0	0	0
5e319290c06de6defef201510725de60	263	0	0	0	0	0
3d9d213993e2ab173bb28c364f841ce9	0	257	0	0	0	0
4c134d2ad31548aec4c563a0ae9d79a9	0	0	257	0	0	0
3e8f3ddd2f56aecf54aa309b263920d3	0	255	0	0	0	0
97b89ad72297f0a9c4ad9f30cd908e86	0	0	252	0	0	0
41bd731e88e6a2e878c5f67f40c7df34	0	0	0	250	0	0
8c22602ebc9e4112f44f05e14748e3c6	249	0	0	0	0	0
e714b43e837457491473e28d35d2dbb4	0	0	248	0	0	0
38f6ce2496c16a4774e3e01c52984b26	0	246	0	0	0	0
e1fa0170f831e23b755e5f25567619c1	245	0	0	0	0	0
01a0f1b5b4a14e6f0bdbde75d245a3dc	245	0	0	0	0	0
1573e572c74394b7655a1d5c9ad17231	0	244	0	0	0	0
2d4e0ec8ac50ba52f7611d7c5e56caa2	243	0	0	0	0	0
add53dbe8f5c0051c978fe153c036e6e	0	243	0	0	0	0
ef36938ec5fa817eb659166ce93acd13	242	0	0	0	0	0
b5db8b70464ddc6853ce10135780b237	242	0	0	0	0	0
91b5d3054af305e3de28e92e3524fc05	242	0	0	0	0	0
0c39da2793023b077eed70f5f13f8c67	241	0	0	0	0	0
90c4ea6a2bd0c1183dd4ab5ed179dbf9	0	0	0	0	239	0
8a908fc6a0b38d96c737e58040eab4dd	0	234	0	0	0	0
74ca69e28941312253d6fcc78702cb15	0	233	0	0	0	0
82c022a7c425453025d2621d4bff30c9	230	0	0	0	0	0
13685738d539cb0077a18b044dec618f	229	0	0	0	0	0
c10d45a4d0dcb39239578c828aa582bb	229	0	0	0	0	0
9ac2e610e785c3e370e37388ca0f8141	0	224	0	0	0	0
dc2af35939d9bc6fe6f5cf8b4fcc5596	222	0	0	0	0	0
e0f654202d2e75103a1afdd77e510ae6	0	220	0	0	0	0
e269c3b17954d3a52550489b19554c4f	0	219	0	0	0	0
8d936493ec6b0cdfe5b0d9e8f2080b09	0	0	0	218	0	0
6ec336cb31074286f5837ffadd12129f	216	0	0	0	0	0
6c091fd20a71cccc8704c9ec2d62b245	0	0	0	0	0	214
87fb223264cd7bf0c843a069a5b76f4f	0	0	0	213	0	0
5bf8d80ebe4898d1e961de3791819b22	52	0	0	0	0	160
45c3387da959b3e7434a39310448cec4	211	0	0	0	0	0
9d8588225463466f2b3bf49c09ea5cfc	211	0	0	0	0	0
8d48bc9e030f9c74799e9b8b67c00629	0	0	0	0	211	0
24a808ae1cdae9aa6b0c648caae09938	0	209	0	0	0	0
559fa95f312947e70e3e12c31846cd23	207	0	0	0	0	0
1ae9232056af19e7ed44c12ac8aa993a	207	0	0	0	0	0
3547778ce6a60aecb98b7f5e7178f105	206	0	0	0	0	0
0660e3f22b7ae41675b8f430c227cba8	204	0	0	0	0	0
40b0868bf89e356a9abb4b16fc8ccaa3	0	0	204	0	0	0
a3a05f44ad1376a7d676b0ecb3535f93	0	202	0	0	0	0
57da8b80eedc2c80fd3bbca9dbb78d25	0	0	202	0	0	0
29c4a98d2825854d13c1ee780fc559d5	199	0	0	0	0	0
85e6a9d6046ae200e7cbf4bf12e9a9b3	199	0	0	0	0	0
8305ac91b5d016cf4bb8afb85cadbffd	0	0	199	0	0	0
d063b3a91336ee2e455481a206be3b60	198	0	0	0	0	0
6d3822b1b4a21580d9a2ed80eaf361ec	0	0	0	0	198	0
c5a9dc6a94f84685c30381dd8e4e8bb0	0	197	0	0	0	0
c3c1a07d8cf9eec7058903ba495d66bc	0	197	0	0	0	0
2b1baa3992adeabc767851632c0f1ed8	196	0	0	0	0	0
32cb2ec3d28489ce5caccbbb379ace42	196	0	0	0	0	0
ac70917f75bc13a6d5ea8fa9be355774	0	196	0	0	0	0
684006847a9df8f3d763212a1923505f	0	0	0	196	0	0
599a73cad76351bcc6176f64e183b643	0	0	0	0	193	0
c52405c93370fccf94b0b73ca9c5d5d2	192	0	0	0	0	0
f3685d18a8300abb5289864587e19c44	192	0	0	0	0	0
0ee771f05b1ccacafa33a12c310231c1	0	0	0	191	0	0
3a449b8f5c6d8b0fdd12a32d7eea21b1	190	0	0	0	0	0
fdf7f53fa34f679ebc9828e6ab807572	189	0	0	0	0	0
07a15a9456374961e309be4554f41dda	0	189	0	0	0	0
478c91fd17f17f50850da6f9196b6b69	0	0	0	189	0	0
46c09805a594c383fa9eef198204f33f	188	0	0	0	0	0
bbf3b76442c168e798d144fc700988f5	187	0	0	0	0	0
48cd12b6925ac1ce4e4c17623bfeff54	0	0	0	187	0	0
2cd84a49a88f1adfbc3cd450daa053bc	186	0	0	0	0	0
265cb06e8a36a3e97186f8c13ed99db0	186	0	0	0	0	0
98094599db7c3ff2fca1fd3af4542075	0	185	0	0	0	0
25f7fda26f7e1aaf4b4804a9658ef04a	184	0	0	0	0	0
b769eb0aeebc96bde1d21ed08765d1df	184	0	0	0	0	0
ce6ca00e2b87c0095e3c5f0c404746d4	184	0	0	0	0	0
200097c566f9e3d7a8db37923158f72b	184	0	0	0	0	0
f1b174448f017fa04441058163ca93a5	183	0	0	0	0	0
4e32919fe15321cae2ab6d26df9f65c4	183	0	0	0	0	0
43e3b7448ddd43e80a1294e7d13042f9	0	183	0	0	0	0
905c451becd96198fd34991ced6e7c86	0	183	0	0	0	0
7c73abf724e91d0a7d36de284e8f611b	0	0	0	0	182	0
9cd8842c8e5966f3ab109423cbe32579	181	0	0	0	0	0
5515656dadf7019b639157265aa31118	0	181	0	0	0	0
576a7c13f81b823d1ec088f6dea8775d	0	0	179	0	0	0
6c091ce1a041e83451e9567f4111d203	0	0	0	0	179	0
f971f6f6b6179309fa90747670f24260	177	0	0	0	0	0
97536c8ad294c4d5d452174b1f7d74f3	175	0	0	0	0	0
e7489aa11d56fbf8e1d9a50b07b3ff18	175	0	0	0	0	0
091ee191740ff2775bc16a0486754a12	0	0	0	175	0	0
63b40c2fd99523092ba1c395a40a1df2	173	0	0	0	0	0
6db19a5fb6aa2cb6369d76e13c46eb6a	0	172	0	0	0	0
5e00de0eaa880097f1fc0014bf1a2e51	0	172	0	0	0	0
7f9a4f3688000b50dae0052ff6a92f5b	0	0	0	0	170	0
32a774df190b2874f9dbda49ac79ed68	168	0	0	0	0	0
1b6de9e532bb12f2172a0ea3daee0126	0	0	167	0	0	0
25307c8a141dd6ffdc12ea8a2d99315d	166	0	0	0	0	0
f0489ededfed99fb369e2e9b659cc481	0	166	0	0	0	0
23fbf1eb04e7768bcaf1d10598593d49	0	0	0	0	166	0
c8b2df537c054fab51e2a1374d252696	0	0	0	0	164	0
365fa2ed12b2f33c3686717d3e92c1cd	0	0	0	0	0	164
a00cb3cd21e29d6a35a305e043742c78	163	0	0	0	0	0
7dcb4b038ec20022959a5d5d01765654	0	162	0	0	0	0
d094b3287e57ffd8054a1558b8ed9db8	161	0	0	0	0	0
a044c9d265f77a8b9696f146255d1049	0	0	0	160	0	0
d4d910f9068d4f0f2e32e1dc5d985cee	0	159	0	0	0	0
1301d12f75630bb9d9fa1e85ced74b5b	0	0	159	0	0	0
f67bda717735ad0cb89d295844acb241	0	0	158	0	0	0
7d853d395f56a1e4e90cf272e824d9c9	0	0	0	158	0	0
c630b1b34b82cfd748de88c9ef47f638	157	0	0	0	0	0
3d8a781d0d2ef64f2de5bf5a685699af	0	157	0	0	0	0
82bcfbb337b352ff6d61850cbb5f153d	0	157	0	0	0	0
831db994bb413c15f67d4ac648ed6498	155	0	0	0	0	0
8efac0ab72f5b91d029a9a63fc0b7b2e	0	154	0	0	0	0
e175ec25164290c033c7e4976c5c9653	0	154	0	0	0	0
dd7f4ef2bffec8d523037c52f7e48f48	153	0	0	0	0	0
1a3be6f4f0a5c3e33b6b5e952e6cbd09	153	0	0	0	0	0
46d49ad169fbc808a0be66c64c6e4b7d	0	153	0	0	0	0
5cf831bf02f005b0abcf64b10632c020	0	153	0	0	0	0
0b26ad89d361873be6147a51333a8ab6	0	153	0	0	0	0
7372dfa7ff065df44a120ffcc4026ca3	0	153	0	0	0	0
69017d48a97835b35b00a1b0f4f984e7	0	0	0	0	153	0
b447659058099638d82d68c9d7d47a91	0	0	0	152	0	0
1f6dff3cd649cab458bb422cc694c362	0	0	0	152	0	0
84e713e2b0a4b752bad4b599f8e39ded	151	0	0	0	0	0
e1d07b020a1b62a07269056014ddbae2	150	0	0	0	0	0
817d5457ac86c97a22f3670559aaa9fd	0	150	0	0	0	0
9b75c4a697c262c932509027c9b84800	0	149	0	0	0	0
02f1df42efddb8fbd91d92e2fbd3a5f3	0	0	0	0	0	149
23955f5220f6a96607aa8687c9bf32f5	148	0	0	0	0	0
8420567c51839a81b2ae1d93ece17c52	0	148	0	0	0	0
9ff4b4e9b1b60cd281c551e1912fa72f	0	148	0	0	0	0
856266a3eee9acfef495ad8e9752a082	0	0	148	0	0	0
8a08525cd95ee00c59de037ec08867ad	0	147	0	0	0	0
72b1446be98b8f72bc077d128a463174	0	0	147	0	0	0
3379f1861249410efb6cff8f11345f04	0	0	0	0	147	0
75d38b125b1a03e1a7e746a1cfeac645	145	0	0	0	0	0
f7d55490217ab819197781a8c773f52c	0	145	0	0	0	0
95595a8e5962ef69862b877b403c5943	0	0	0	0	145	0
015f3ec1106c3fa0ad25f317c96b0efa	144	0	0	0	0	0
6930fe5e69eced80f19541e9cbef9c91	144	0	0	0	0	0
b4225a7843f2abd9f67b2afeb0579cb7	0	0	144	0	0	0
c9ed5f36180fae9404941c424475813c	143	0	0	0	0	0
2fc1aa969c566b0bec40e19dc57734ef	0	142	0	0	0	0
a88b9b17d79631ffc6fc7cb37a64e4a7	0	142	0	0	0	0
0d84f22820b6559c8a19478bcaf4f770	0	0	142	0	0	0
5c27353cc43ec12e973d613417ae1e44	141	0	0	0	0	0
591410869dc072e7cc2ddd26ad8eace3	0	141	0	0	0	0
c68729117bc525600b1d29a52ab8afe3	140	0	0	0	0	0
3153d26a2e1a84a18958c12c4e25f5ec	140	0	0	0	0	0
bb1fa8f5ceb7fa3e794893d60f1c341b	140	0	0	0	0	0
6b6379fcd2053778ddc493cab85943a6	0	140	0	0	0	0
b7d7146c8801e95e9f80a8ead5dbcead	0	140	0	0	0	0
bf855de91dda017acaf6236b3b4cf3a5	0	140	0	0	0	0
518a66bd6186df28b6d18da9d6fe955b	0	140	0	0	0	0
97c59f485f18e7a99a43bdc56aff34d6	138	0	0	0	0	0
1fe2f2ee26204e1cfbea5323eea90008	0	138	0	0	0	0
02a89af1e6c42e2e5b9961f61821b1fa	0	137	0	0	0	0
fa8eb9007a1a99b7bfa4a9e9e2b590f0	0	0	0	0	0	137
52eaabb2f02957865e62d65b0a62f8a0	136	0	0	0	0	0
bc9681dfbf24000a05a891c4b4d81e1e	0	136	0	0	0	0
c0185e18ddab17ada45812bb6dfcc479	0	136	0	0	0	0
46ab166979bacee73b20ee04c1043093	0	136	0	0	0	0
1eff1a955b8628972a18d65a7306e948	0	0	0	136	0	0
47edee91e84973c72af53265ae3e946b	0	0	135	0	0	0
77a82645f07e97484f4d7a7590d96f1b	0	0	0	0	135	0
a3a5dc23127247b2c74c5c4fdeb10733	134	0	0	0	0	0
22e03543e735cffbbac760d81cbd30c3	134	0	0	0	0	0
5aa96772648f59615c5d81a830994c14	133	0	0	0	0	0
f2f577344f00c57e696583b995833e1e	0	133	0	0	0	0
6c7ddc8bd432f2aa9b2e9e25c5e7e89b	0	133	0	0	0	0
5cd03130ad17966a5744b2e1ac4aa27f	0	0	0	133	0	0
8d2aa3874414d9028262ef8433726a29	0	0	0	133	0	0
90a790c341cfde740a537ecfa9998946	0	132	0	0	0	0
81cb4b0b0683c51097bcfbda4089bc3f	0	132	0	0	0	0
a97943a8759b0d855507d0d74864d24b	131	0	0	0	0	0
21631192644c0e4961b28e611f21a02a	130	0	0	0	0	0
f8b779156f5c6bd822a979e35f0f98e6	129	0	0	0	0	0
cd4eda20fd3c0e859d9ff66ed22fe510	0	129	0	0	0	0
8b5da6f3d8a9afc8a4b99efad0543463	0	0	0	129	0	0
6fc1cf0872279fe134930f4c9854c875	0	128	0	0	0	0
f769526cdf1f52c0c02f3d874ce47c6a	0	128	0	0	0	0
07b2cabfaa430e801dec9b22aa140991	0	128	0	0	0	0
19fc63ccacc83d026216bc52ad2d6d83	0	0	0	128	0	0
329111d94688abf8a574d87c0030c3a2	127	0	0	0	0	0
ef6e7fe3f53327b6a22bf5a539f23da8	0	127	0	0	0	0
b4e8ceed72a2d698d492ab686ec1a890	0	0	0	127	0	0
03bd4ba16f7f3503ee41e6bdb003d1ee	126	0	0	0	0	0
0794e0418f853ad74adfd4193315afe5	0	126	0	0	0	0
9e3b1ff28f4a47e0c85f3a46ab5c22d7	0	0	0	126	0	0
b77af7ecf7f3b9fd02a8c9a8c543c9d3	0	0	0	0	126	0
771db2cdc2c65e552c1933cbf0ee728b	125	0	0	0	0	0
86dc3a407196293214ca7bfbc7a2f926	0	125	0	0	0	0
27506d16a50237fccaf2e390176456b8	124	0	0	0	0	0
00f05abeef2fbc9790d6c5f2a218f67d	0	124	0	0	0	0
9aa7718a6ae241848717a6ace4333e33	0	124	0	0	0	0
f21dba0b9f7d4eb3e020730bc9cce425	0	0	124	0	0	0
d91a73d7e7ed5f5bd918ab0bfb222c41	123	0	0	0	0	0
86c4a4e9b79915c557b03e6b2db854bf	123	0	0	0	0	0
316d00f1b0f1184b9352d0f8e31f27a6	123	0	0	0	0	0
d130f5b04dcf07ef670bbfb3cb177678	122	0	0	0	0	0
6d46b443e3c61553821ac88c8f0120bd	0	122	0	0	0	0
130d38cf1451b32ed1c92c981078ec61	121	0	0	0	0	0
b138d88cd70f07a89252d9a56e1530ce	121	0	0	0	0	0
e8d4d215bc329d1032d28407d5616395	121	0	0	0	0	0
f17717ec862146f28c0877711b71e86f	0	0	121	0	0	0
6627cb1a4d60e332b88f923f36db437c	0	120	0	0	0	0
506b9e1510436b8d10be17658c6b0e33	0	120	0	0	0	0
60044836bd19cd8796a87ea4412601fb	0	119	0	0	0	0
4bc7e2d85ddb7dee1401d025961d4e8b	0	0	0	0	0	119
605684a820702d66ab1ddf5076e88c2d	0	118	0	0	0	0
055872e63d1b652a8b63128a7029e485	0	0	118	0	0	0
503346106d3211c43b1e05bccd07fb27	0	0	118	0	0	0
8115e426927d60f4d48a5f64077b49af	0	0	0	118	0	0
4f9204f6531681b1fbfe19348a407d6b	117	0	0	0	0	0
183db6b70922bb04173a3a6c0eac66c0	117	0	0	0	0	0
6ec1aa25fcdedf39cdb381dd99de32e8	0	117	0	0	0	0
9092b4e3cee8e7dfbe461caaeb3ccdee	0	0	117	0	0	0
be5eafb46d9311ad0d18c9f03ca3a0d7	0	0	0	117	0	0
09987122708009e6498e8d2a70e9bb1d	0	0	0	95	0	22
009ce59ebc05b2f1faa1d563fce5890f	0	0	0	0	117	0
bf561bab8fa890e56e45e15868e0c1ac	0	116	0	0	0	0
8725e35789d248ad59134c3f3d286299	0	116	0	0	0	0
eb787dcd61822935f6783195097940a9	0	0	0	116	0	0
1c2a3609dfb78c382b314f808d893ebd	115	0	0	0	0	0
a5623f4acb9f078f5d7677ad209c5686	115	0	0	0	0	0
e3fe21db790c5472dd0866e0e91eedd9	115	0	0	0	0	0
ab8cd99bf33181bf00adda421e593394	0	115	0	0	0	0
1ee165c287ba6654febaad4c97909df4	0	0	115	0	0	0
d3241840664f077f343bf73898af4acb	0	114	0	0	0	0
3077698ba2860fd3c9049a619334df07	0	114	0	0	0	0
a298ca3f278a90c2d4a59677b7afecb2	0	114	0	0	0	0
2dcd18e6d88f2cdb8c2823e49f07e437	0	0	114	0	0	0
ab1157a6d5c8412c9929c9734cb8538d	113	0	0	0	0	0
00252c09b0604d9c710aba1456519fd9	113	0	0	0	0	0
2396f2541647642b7415400a8eb20644	0	113	0	0	0	0
a467770bef37da1b3c04fbdd4f473410	0	0	113	0	0	0
764546f379fa12925a896d86a47796d4	0	0	113	0	0	0
5be0f3b25563b611d6921b663e22dde7	0	0	112	0	0	0
2ca2e71bb9f74a1abc6871f915d355a3	0	0	0	0	112	0
9d63c024a360034bde9c52ccb182ade1	0	111	0	0	0	0
57c3a0984cc9e1dca1572fa88b40e37b	110	0	0	0	0	0
cef26a46c0e86617dd682b9cb1c63a43	110	0	0	0	0	0
c99056f5e6062bc972d0534eb5c47e08	110	0	0	0	0	0
860c173b745fbd70ae36350bb0066e45	0	110	0	0	0	0
6942347e168a04df2f770b903238b367	0	109	0	0	0	0
342f727675a0dae8d833289456fc5fbe	0	109	0	0	0	0
342e8efb9ee04467f2d3a3571126ea80	0	0	0	109	0	0
3bec838374a121c91f113ebcbb9a7a39	108	0	0	0	0	0
acce91d26a6d7a6813920f3e2ef58031	0	108	0	0	0	0
f0e9317bb48ca22c432c5dc276ba011c	0	0	108	0	0	0
ecddb7c61204a9cf1cbf021e7c8e435b	0	0	108	0	0	0
abcc59718a5985e092a6204ae9aebd92	0	0	108	0	0	0
2df820a5bae54cd287de87451a403ee0	0	0	108	0	0	0
898f03a3d812cf3c7c0f1b2f9c60277a	0	0	108	0	0	0
afec8b9019740c33b837777f9b02e0b2	107	0	0	0	0	0
377096e14c5235568780b513d1a3dd3a	0	0	107	0	0	0
d38b33ededc5ce4ecaa92a255f5176c0	0	0	0	0	107	0
e1a719f63a342dbb30147b7cb765a04b	106	0	0	0	0	0
19ce7ab62bafd29ad2ee5520b941ed4f	0	106	0	0	0	0
d1b4cdac2c4db8d559e84a997dbd76d4	0	0	0	106	0	0
6ef4d90cd4010b9f7bb83f3e5603968f	0	105	0	0	0	0
eee213e6c7ee96e6bdf638a84ceb0cce	0	105	0	0	0	0
3fb474550713f0fff0b87e6cbd14e94f	0	0	105	0	0	0
1b853721ff913ea2f205fafcabef66ec	0	0	105	0	0	0
167c846091eca5282e99d5a2df9d0baf	0	0	105	0	0	0
e4221effa62031f63253788fc1a9bbcd	0	0	0	0	105	0
147963666e02ca33361d4ec8b1fd2f8c	104	0	0	0	0	0
1277ffbabaaa7b51c1b4ba7436aef35f	104	0	0	0	0	0
6a205e87463a95948169a10c7633e52e	104	0	0	0	0	0
73ee3d24b19c4465414132e895214f69	104	0	0	0	0	0
6f9c66f1fb15f2dc9374e9b2093eba97	0	0	0	104	0	0
1efa9d92cc90e92287aad95e33c57c1c	0	0	0	104	0	0
b44e39c811f13821198646b374c56c2c	103	0	0	0	0	0
2609599b8ec6ef9f947eaa085e1f16ab	103	0	0	0	0	0
7ad9fa0c8e44c706186e9f28ed439dd8	0	103	0	0	0	0
956d4b51d4896c15302cff869396264c	0	103	0	0	0	0
35c7901f4c245378790bf209b4c64721	102	0	0	0	0	0
82f86d5de89845f48418316fdcfba8c6	0	0	102	0	0	0
dfe248981c135db850de2e0151661e06	101	0	0	0	0	0
9f9d7ddbfb87f2c15cf23df54c878e9a	101	0	0	0	0	0
e7ccc15f98292a981c1c04e2687ead1d	101	0	0	0	0	0
a365a54d06a0d4f1d088fd113b4a5ad0	0	101	0	0	0	0
9454f7e408855010fac2bfc50add5da7	0	0	0	101	0	0
4733cf53870d0a719b64596efc81f08e	0	0	0	101	0	0
e7c8d60d82060551ed299f0a20568ba6	0	0	0	101	0	0
7c958851b17e9c461bc4bd2d2cfcbbfc	100	0	0	0	0	0
4585d11f27f03ed1945d04c360706ed3	0	100	0	0	0	0
345453c43d93c03106dc2a43b3f07fb4	0	100	0	0	0	0
a59245f7371f0006110c1d1b07012ffb	0	0	0	100	0	0
fc971175fe4f7f84aa2b7c03a363140a	0	0	0	0	100	0
965422109f005e4b0302bce99fed4c6d	99	0	0	0	0	0
68855e1096f30cee99995fb2c426a708	99	0	0	0	0	0
24518e145efc794ea4292f87c1e493c8	0	0	99	0	0	0
37ca1f0c81ea92cd4b5fbb5190dfa2ed	0	0	0	99	0	0
c8f62024f6b64305a9868a4b667130c5	0	0	0	99	0	0
3c7e37f4083b0b16aa9124dad86730c7	0	0	0	0	99	0
63b31bbe24f94448667e4f0fa1928f01	0	98	0	0	0	0
128bffe876d6c2f64fc2e0226def613a	0	0	0	98	0	0
f050befa4a602eefdbfb02591a8520ad	0	0	0	0	98	0
c8900fb06a9e281fe31f8b195661299d	0	97	0	0	0	0
f643c8d4fc231b2a3d1b5d21cf0910b6	0	97	0	0	0	0
0e93c5b5daf271a527ec42c1e8385544	0	0	97	0	0	0
69d9b950baf3257955b6f9699b835495	0	96	0	0	0	0
9f80c94aa7ed97a28677b399cb792f45	0	96	0	0	0	0
88800d8da7d6112d6fb986e67ef4fac4	0	96	0	0	0	0
3e507c61c2a405d9d86a779c42d248a5	0	96	0	0	0	0
8bab2766402281a25edb5bd0e0bfa3b3	0	0	96	0	0	0
561f80d414fd7ed67cbba2db3e51f0e1	0	0	0	0	96	0
8ea2869b64460df1eb0b7eb258c995aa	0	0	0	0	96	0
ae71c2be613387b04672d305887eeba0	0	0	0	0	96	0
4115f1372ad9b69a434d8dcbb572651f	0	0	0	0	0	96
09dbfb9d21e030620d1c37e259633d97	95	0	0	0	0	0
9ea566be3583e06de2ef1b2ff8743886	0	0	0	0	95	0
f1fde0f9297bd0e5d2910f9ff82d1f47	0	0	94	0	0	0
0725e3c4f19677bfc8b6f3a5c5871d67	0	0	94	0	0	0
ad1820c7187cd6ee557749763a34e968	0	0	0	94	0	0
9cf65adcd91710f9902b732a7533bdcb	0	0	0	0	94	0
e1207d5cc4226b2e95ea0105e745d57a	0	0	0	0	0	94
019ca7be649689eac09ff33b147e79a6	0	93	0	0	0	0
082c8240e5586945d55d5d87e2f82780	0	93	0	0	0	0
9ad39e9511ae1446d2721493139eb0a1	0	93	0	0	0	0
263d2d3f94e10d8f81f6f88726f2b57f	92	0	0	0	0	0
94b3a4038cef2f63a728e3ac31ab542e	92	0	0	0	0	0
a12dfc54600ba00d75205534468a79b9	0	92	0	0	0	0
de9db691ec26b7e38b071106f13630e3	0	0	92	0	0	0
d3c05364dd7e25634091a01099051e2d	0	0	92	0	0	0
021d2f09eef13c87ec8157dfd6880133	0	0	92	0	0	0
585536ce46257c92b9fe1cbafbb43e4a	0	0	0	92	0	0
be2414a22edf81b86fe802cafd607fdf	0	0	0	92	0	0
1d7c0691b94d99f8d076ab1d8ecbfe0f	91	0	0	0	0	0
684248fdaf1bc2ec2553ba69e63923c3	91	0	0	0	0	0
d5dd8eb96d9219d9daf5cdde412eb7b8	91	0	0	0	0	0
6755128a473b0ffe4b60b7b21f45e053	91	0	0	0	0	0
facd0da489b1832bd3104520fc327d97	0	91	0	0	0	0
755c2446ebeb976ba777fb4a291b3937	0	91	0	0	0	0
e06e0251b4103af407ae85c59b4317f3	0	0	0	91	0	0
d425a103273dbd56a370837bcb9d9707	0	0	0	91	0	0
b12b680607647ad4e9ab825eb189ce53	0	0	0	0	91	0
4a7c036656f05b0813d556e95ce0325f	90	0	0	0	0	0
971f6becd7b2361b28e290a2fe39931a	90	0	0	0	0	0
5cb1bd70eb0c712da723d4f1bcf08ee4	0	0	90	0	0	0
621b7173aec400c2321a7acbc182f5aa	0	0	90	0	0	0
7f6109aa3a6b946848833758731e59aa	89	0	0	0	0	0
f48f7d8fce6c66c45ce14f2fb3d7df23	0	89	0	0	0	0
b73a82aaa09f8a7b0f93b0d7eb8d1307	0	89	0	0	0	0
a4918bc4a734067555cc98068e593930	0	89	0	0	0	0
de04e42ba39e7d29a2592a99774916f4	0	89	0	0	0	0
7259fb86a8aa68d16449f9c97f08ea74	0	89	0	0	0	0
cb6295e5794409fd703f9acca241425f	0	0	89	0	0	0
a059ad3a9a5adad0693a9d4c5040e502	0	0	89	0	0	0
1b20e0db9f672e7da711512bd6cc050a	0	0	0	89	0	0
eb59735a17c54e5097e1d77d42375b81	0	0	0	89	0	0
039fd09ead6075cdb7a0e32e97b2c84c	0	0	0	89	0	0
7091ca9b91791c77c5ec334ac70c59f2	88	0	0	0	0	0
640f24723fe65beb187ac34008871787	88	0	0	0	0	0
f456285f984935c1eee8432fba6363de	0	88	0	0	0	0
f959e0fc4e75e857f13f919a86259a87	0	88	0	0	0	0
6fd3829a10e3091c0a1976a899c6902a	0	88	0	0	0	0
e0fd26584a965025f612b63f2d86c45f	0	0	88	0	0	0
a13c2f202bcc1d877f34262c0168c8ba	0	0	88	0	0	0
590e8068c109b93bd1b340f667c01811	0	0	0	88	0	0
3969e5ffeefe976788ccb411331e059c	0	0	0	88	0	0
064ab84374595139812005859d3c57d5	0	0	0	88	0	0
f33439f9b451c91cce9cf873b5f71ae2	0	0	0	0	0	88
2c99d43b56139c70e33401af44744fa4	87	0	0	0	0	0
06e6f70e5be8074bd2ee346d7d512858	87	0	0	0	0	0
b19f8eb1eeccf72ee77ee5e222c8341f	0	87	0	0	0	0
d1fb8c480d55a471034f02f8c18b9745	0	87	0	0	0	0
035d3e72aa5f06dfbaa5f28a6f207118	0	87	0	0	0	0
8cf4cf960d41d5f6be03d76b60f1bf1f	0	87	0	0	0	0
4c9a91670963b96136a77fa658537159	0	0	0	87	0	0
a8606c246e69d6c48faea7389b1236b8	0	0	0	0	0	87
cc36df91e078e53b53be3f36da000f6a	86	0	0	0	0	0
45a0476251699f0ed74209ee1d0e31a9	86	0	0	0	0	0
ff301581f12a482b61addf5ee00e4190	0	86	0	0	0	0
ccf7ffc0faf91c69bc847a2a5e0b028a	0	86	0	0	0	0
be59b894df0ba5bfbfcd11d8be3bf6a5	0	86	0	0	0	0
82256ae2df17cb8ace7435c30dfcc50f	0	0	86	0	0	0
4bf5d4c761337b55babf98616df99d0a	0	0	0	86	0	0
1cd9c722c506a285177c57c1f646dbe2	0	85	0	0	0	0
b1da99a46fd6d8b6cfb38b1af97c1925	0	0	85	0	0	0
e041bb49c6786af2c0a19a2f5a4273d1	0	0	0	85	0	0
115daed3ea4d96579da0f73cd5997c35	0	0	0	85	0	0
1aebf08bfd3b9f62f5f30554599273c4	0	0	0	0	85	0
95a70c053ab1884c04b26c7d2418fc95	84	0	0	0	0	0
a4d98ca36dc66a0161e195b9a625b708	84	0	0	0	0	0
1a061b7e9ea1f939d414020ad9b558b6	0	84	0	0	0	0
387a4fc5997ed46c2fc7f075ed6b2b92	0	0	84	0	0	0
2fd98d2d4cf6b0f1874d0af24c42663b	0	0	0	84	0	0
0c0f1b23f94f0f8f99c6deb6a1d60440	0	0	0	84	0	0
ddf129588816fd5958f061d70bf9fd9e	0	0	0	84	0	0
88b45c0caa355cb3cc6d111cc7b8173c	0	0	0	84	0	0
f6e9df113305d4ebaf37bdd8119a384b	0	0	0	84	0	0
e37d36746f845ac50723966b0c868976	0	0	0	84	0	0
8df45bc83f1a8f5af78f945c678bce89	0	0	0	0	84	0
b52a9159dba49aa825964d9e9dcb9fdc	0	0	0	0	84	0
3d22f5327213d4cee2dad2b6a67ea603	0	0	0	0	84	0
37bac70d9ff05bf4608e5a94fabdbbac	0	0	0	0	84	0
2bbe9ea05f57196d82e20b3251d4c261	0	0	0	0	84	0
3c3df09c1d533b4aa70fbf57233d5a2f	0	0	0	0	0	84
91de2c5c25692cdf9a18c41cfc463098	0	0	0	0	0	84
91483ef973582c20222f1903cc21e628	83	0	0	0	0	0
e779aa461c076a3a615e17994a77d7c2	83	0	0	0	0	0
943a4341ec14ff7abd74c6a76cdaebcf	0	0	83	0	0	0
b772f9ae29bbb0dd57ee93e02c276e5c	0	0	83	0	0	0
06684da3727b0728fea3d4395e0243d6	0	82	0	0	0	0
27a88ec1eb60a403593270ded813266e	0	82	0	0	0	0
4b741f19fc0494a1fb393868a06caec7	0	0	82	0	0	0
100c21e03192c51374dead0f8bb8faea	0	0	82	0	0	0
463b40b93480818fb65d79f39449a462	0	0	0	0	82	0
3c3f24666efcfb8c1efc4b81005710e3	0	0	0	0	82	0
b8e1e441407063d2109f0c72edba9266	0	0	0	0	0	82
52bef4128274488fb91ca4e0b69855e3	81	0	0	0	0	0
3e797c848fa3a2303fd5839a66ea7662	0	81	0	0	0	0
6b648d1ba3b024cf483d82951e5c0f75	0	0	0	0	0	81
507b9d205e5db0ea1d9f3a743e74d027	0	80	0	0	0	0
7982e2227e398967b420d0d8d22e7670	0	80	0	0	0	0
8a54b262c30ef46c42ac229616b634ca	0	0	80	0	0	0
53b86a2493843842356e90b23ed37800	0	0	80	0	0	0
62bb2c6445ff2b0429bf96ae3e1f523e	0	0	0	80	0	0
cac326be61b36736098a7aba428edff0	0	0	0	0	80	0
f2094769516c769821874e38bc5759e2	0	0	0	0	80	0
fde13657110f4b6b74464cfe10e4b222	0	79	0	0	0	0
79779bb760aaaeb8b4fb7bd392c8b36f	0	0	0	0	79	0
02a40570076d9acb87e41d41a2744fcd	0	0	0	0	0	79
efbb9dfb8921c5e279f5d58c533891de	0	0	0	0	0	79
562772f2f53a7195d1b8810e8b998c19	78	0	0	0	0	0
5dc1256a4f83981d1fec5b326faf8feb	0	78	0	0	0	0
08c3f2b32a6e8c8dfb5c2e002fe6fa22	0	78	0	0	0	0
da46329919fcd4066b64fe1c0655c6a2	0	78	0	0	0	0
5e690cdb2eabca3683780cda75234ac1	0	0	78	0	0	0
07d4d377fdb00e2f014c78b96a556c65	0	0	78	0	0	0
148b4732a3e7a743c7b27d91016882a4	0	0	0	78	0	0
315e0dec5d617b6a3de37b8ea988860b	77	0	0	0	0	0
5f204c341941464a136a604c9a3f4eeb	0	77	0	0	0	0
e665b9c62e397f02032f0d0880c1bf91	0	77	0	0	0	0
f2568bc0eb797a3d926948b44302ac29	0	77	0	0	0	0
c25e10a4395c9795a22d54be39c35d52	0	0	77	0	0	0
c7ebbdd0a5292f79c0ce8f85813d2936	0	0	77	0	0	0
d820595c06354e975271a1aeb3760a17	0	0	77	0	0	0
712af5c8129813ef57d9c7223332f580	0	0	0	0	77	0
e092fb7713ec25592bf71d4706d3f10d	0	76	0	0	0	0
6698046dfbf507e40fce1b442f77494c	0	76	0	0	0	0
a531c2e3f8d3bac265c6ad640f111f57	0	76	0	0	0	0
b6207345b656d177a2f74fa82f23197d	0	76	0	0	0	0
0859ebe35b43ab9e0609b238d50e35dc	0	76	0	0	0	0
e7852c89e42d3108daaebff2e4fc44df	0	76	0	0	0	0
413e8998bbfc2208065f6ab7b109dc71	0	0	76	0	0	0
add713d68061ca2d439df4e6499da76f	0	0	0	76	0	0
3c8f70f58a2b76171b5f24ac7d6b15dd	0	0	0	0	76	0
b542ede9bc57eb30f5f7cacdf212c496	75	0	0	0	0	0
36ae48e47c310ed121d487fb933a49a7	0	0	75	0	0	0
8922262535b6f0d8aee3b3caa2b231bd	0	0	0	75	0	0
8018e9cfb028431908b121eb71f2f108	0	0	0	75	0	0
b197e32c973dc38aa9924625925210d5	0	0	0	75	0	0
f6eeadfd301a92685b40062102bf0ec3	0	0	0	0	0	75
a261760d6cd61c5ca00274c621d00fc8	74	0	0	0	0	0
ce2aba2855cb503d0002995e34ed6915	0	74	0	0	0	0
b0fe61ad3faf3640905de812926666b2	0	0	74	0	0	0
d723929a1f7bb010c61fe7513983b715	0	0	0	74	0	0
2e512284f947456f4ab3e10007cd1bad	0	0	0	0	74	0
480f02d3ad4c1558e0c01ed8f0ad3292	0	0	0	0	74	0
15e151e8882c2f7a563f5b1cb18b70fd	73	0	0	0	0	0
ae617845491adb139e68ab2b83cf8f0f	73	0	0	0	0	0
21bf225f30193eb632a14515bb32e4d0	0	73	0	0	0	0
bb0a4bd2fcca05abc81909a713133bb0	0	73	0	0	0	0
fb7043f0b4f5b4d3a8b805d06d6ffef7	0	0	0	73	0	0
561952898daba9487e245840bec2b99b	0	0	0	0	73	0
56c862625684b06670c51a768b37256c	0	0	0	0	73	0
c8bf46085e2f41a6a2851c8c8119a901	0	0	0	0	73	0
573c908337b774f8ed5f1067a650ad0e	0	72	0	0	0	0
8c7eb4ed64f341c9d67ccf75608ed847	0	72	0	0	0	0
f97f4b8fd4bb4acfbe20200445c360ac	0	72	0	0	0	0
3b3a5ffdeff5f5c318ce4cdfafe38903	0	0	72	0	0	0
494b7f91eb9134229a509718528810ae	0	0	0	0	72	0
283fc3287824653358445c9f2ef4c912	0	0	0	0	72	0
01b892f4ea8b9a263b482f3c2e45fbea	0	0	0	0	72	0
b268d6f834c1da5347ce75d85d21fd55	0	0	0	0	0	72
5fa4c3306265789aa438dcfe7a0eacfd	71	0	0	0	0	0
cab20f855a9509512eee68e3cee11631	0	0	71	0	0	0
9d0f4540898c8958b2d50d11aeedc758	0	0	71	0	0	0
f70f13172d3032642c1e599ef94975a5	0	0	0	71	0	0
df7dd2db76b1c4eebb13b13a0dd741c6	0	0	0	0	71	0
0851f1d9e58922e501db1e26c37a7fee	0	0	0	0	71	0
0ecf494ea7d00031a163cbe38a39edb0	0	0	0	0	71	0
ce021f175af374feb7469f9285c6238a	0	0	0	0	0	71
67e64c304df37fe206ec310e53f81060	70	0	0	0	0	0
98c64e245c3b11e688c394972be46d14	70	0	0	0	0	0
f0f434987fdbb6dc2e0d5e9bcaaabf98	70	0	0	0	0	0
2618dbd42470e32892daa8bcd6db3d91	0	70	0	0	0	0
cefb8282aaec5bded9bb50e2b662ba49	0	70	0	0	0	0
450595eeb33c4abd6df26715d2a47f92	0	70	0	0	0	0
b48ffcabd226fcd7427b9e5950ccbb19	0	0	70	0	0	0
c0c4a8006ff6515464c6e97e5ccd9591	0	0	0	70	0	0
6358624c59fba577a2e058b75b083319	0	0	0	0	0	70
8c3a497879b74efa3ab6bcd99de20fcd	0	0	0	0	0	70
c2d71ab064ab6bd18e453b2d5c044acc	69	0	0	0	0	0
8252fb899ea8eb6f60fb886db5540011	69	0	0	0	0	0
388643d47df5df51aa454adfaba53aa5	69	0	0	0	0	0
618291357573cce6a208976be90a26f3	69	0	0	0	0	0
a34bbcbc0cf08194233a96f42047b8d6	0	69	0	0	0	0
f7173b0c059e8d639d89075ced47c427	0	69	0	0	0	0
e31417f89e371b737d6a234e2fbb6a84	0	69	0	0	0	0
cd023f5beb50d629a92fb42fedb87c07	0	69	0	0	0	0
160f4ec16ccfb33a0ec42ab5ebb5010c	0	0	69	0	0	0
7f75e80cc11387094a2e2ee6b60f3375	0	0	69	0	0	0
c0b6a16e6b4ae0e75b376ae3b8dfbaee	0	0	69	0	0	0
2091cc3e4b016885c2a03cb8be1311b6	0	0	0	69	0	0
414083d8117cdd9a4930a55885785e4b	0	0	0	0	69	0
eb794bae21de9b886340fa1471e7ad72	0	0	0	0	69	0
97d1f424a746d7761ab1f6c1f2de2b3b	0	0	0	0	0	69
a4ecdbef9dda747c877d918bf27cde5e	0	0	0	0	0	69
7c3c65fcf41bfe753a7abec26631eab6	68	0	0	0	0	0
0cfcdb206fb45b25363a9662949dd4e8	0	0	68	0	0	0
f171c1ebe574112c622f0d9123e7b1fd	0	0	0	68	0	0
5ca623f5fd2765cc3fbf5277878ddc43	0	0	0	68	0	0
792956b2fd3958d356849ad0e9221fbd	0	0	0	0	0	68
1600408c9ba2c58d5b75318d5da916a0	0	0	0	0	0	68
ce68b70c85923002008e1814f56da07e	67	0	0	0	0	0
b199d1cfb1cb7c3f7085a35d5a522dc3	67	0	0	0	0	0
a352deef17ac4752e8616a659d932a18	67	0	0	0	0	0
986a16f347736b48cc318b9d72a80a1a	0	67	0	0	0	0
f727e6af85dae839d40da3c6cf2a5fc9	0	67	0	0	0	0
06abc9763495b82f5b28ae4961bd075d	0	0	0	67	0	0
dcb529216bcd9e427b6b02c3911b21cc	0	0	0	0	67	0
fec71cde24025ab7cbff671edb714672	0	0	0	0	67	0
0b6465a32e8e1d056e7f5fb6d26ecfe9	66	0	0	0	0	0
5c773d2ccc744d21b6c7039cf1c1a2d9	0	66	0	0	0	0
73a469f075acb389837393808583644e	0	66	0	0	0	0
8556726467508e3028e6037d7203cb0c	0	66	0	0	0	0
f60a54939a2c7feed3a721307d5eff1e	0	0	0	0	66	0
f0385de96d65ba67cfe148970322ba72	0	0	0	0	66	0
40fd627b5b4efd8392e48ce668a36600	0	0	0	0	0	66
63ae44002b051e752237f90f77ab36a0	65	0	0	0	0	0
a356d9d37befc502f272909979b6d4cd	0	0	65	0	0	0
9f2b9c36ca83385614410fa1d31e398f	0	0	0	0	65	0
3c51f2268777542e6f52e4b3420e4b1e	0	0	0	0	0	65
cae1fc70dbc2e2b3a36a0af26edd65d7	0	0	0	0	0	65
5e6d5d1bfb08f093d32599da7379988e	0	0	0	0	0	65
34cc9519fd09172d97439b2a9cd65d76	64	0	0	0	0	0
de1a6175014066f866359ca512b37e80	0	64	0	0	0	0
5f3c1b24c50b58f893277dd0e34a1edf	0	64	0	0	0	0
10dec19377fa25817f31946229ad8232	0	64	0	0	0	0
bb6ce3a7110a583ff65d769819f78acd	0	64	0	0	0	0
1e3ae256cc7c13f27599a154905e6fc7	0	0	64	0	0	0
dfa89099ac1b91d3f784f284db96f9e1	0	0	64	0	0	0
447ae1ee09286d55ab032c2b8820780f	0	0	0	0	64	0
4fe9ad72719798a68ddd3d569813ce0e	0	0	0	0	64	0
bd830f3deebb46a3db9c158ea4ca3b33	0	0	0	0	0	64
3c3de103662b5775e8b8230ca47083bd	63	0	0	0	0	0
ffce2592d88bef29968140d349649d86	63	0	0	0	0	0
13d44e91b5e7b2c8a6a70c1c9ffba9ed	63	0	0	0	0	0
5b9fbb34c628df54298b98e97a252fb4	0	63	0	0	0	0
cad70c537180a2ee47b17a5b589fd820	0	63	0	0	0	0
18bfa3a958f13dcb601b71ce7b54f68f	0	63	0	0	0	0
96154ef0c18024b21a4279b88d2f5ebe	0	63	0	0	0	0
80e04d8ce465c55ee3880dd34e56e6cc	0	0	63	0	0	0
099cc9920d95b4cef6a4b60286f0abf9	0	0	63	0	0	0
a70d70599be4d1b629b1b5e877de9337	0	0	63	0	0	0
a91d454952c326873d1b1396c4f6140e	0	0	0	63	0	0
cbac3618d22a70cb18f6139f7b740380	0	0	0	0	63	0
99ffe5c63e1b8b7d0810567c5a0cdc8e	0	0	0	0	63	0
fdbb253bf29e95c2851c7224c604af2d	0	0	0	0	63	0
7f480a32c681f1a1a800d6f5630804bf	0	0	0	0	63	0
607d2c8793f075021b8a674aa346d48c	0	0	0	0	0	63
c7d600409f27e87385cb9acfc4630e5b	62	0	0	0	0	0
5d16aeb98b943ef94f787ea8287580e5	0	62	0	0	0	0
ed213c2d05dda0cd7f09610d862478f5	0	62	0	0	0	0
cec31be8c64ae51977f09fa248b7d231	0	0	62	0	0	0
54bbb802881f30ce713c8e09dc6fd8ee	0	0	0	62	0	0
c874178c8201843a465a9a3d09b518a0	0	0	0	0	62	0
c3b26aade6742b1551b410fe769b8bcf	0	0	0	0	62	0
a4fbb646d39c051da520601a80d6bcc7	0	0	0	0	62	0
9c748536d9563c59a3a34fcff2a9c0e1	0	0	0	0	62	0
9a4cb7d23cb96e0b3579b405c09d3369	0	0	0	0	62	0
cc11393520344af2b66bb7b0cc5ec83b	0	0	0	0	0	62
42561f4443548a76058affb1c2d1fea2	0	0	0	0	0	62
3b9fb1345e975cd5c51393df9512390c	61	0	0	0	0	0
199c6d4128fb5c4555c968267dabc9ff	0	61	0	0	0	0
2aec7e7abdcd765520a87411bd27b940	0	61	0	0	0	0
e4e14ce2398ae7431906303424f5d96a	0	61	0	0	0	0
c66cc312462e051d3740239aff3f1bd7	0	0	0	61	0	0
7fff4678a1d0128c7542a1b9f6972f98	0	0	0	0	61	0
af7295e0af6e2cfc987ba00030afe9c6	0	0	0	0	0	61
6c0d491245f16109990aadf161ff8e7d	0	0	0	0	0	61
e132d628d9ed86b1c3b6bb4ce5c14e26	60	0	0	0	0	0
2cf61120936e3dede8594d3b93b8e6e4	0	60	0	0	0	0
ab70d099d7df41734441188c09f5f460	0	60	0	0	0	0
540919386b6bd3367c114585e44d87e9	0	0	60	0	0	0
838e66d613930a6b17329fae85af118d	0	0	0	60	0	0
fc507638a24285ecd4426f9a4439c53b	0	0	0	60	0	0
9dae80b68d460a8e091b89d951c60e1c	0	0	0	60	0	0
0031559adf6b7fe75f0a23a3a37b1a71	0	0	0	0	60	0
5d9d83b3b4bfc465ede31462b92fedaf	0	0	0	0	60	0
0e4fedcdcdc4abaf12d1cc22cdbdd8bb	0	0	0	0	0	60
777c8bba8bd3ebcd95ec03a7b6765f85	0	0	0	0	0	60
fb18a25d53c5a9d6444d6d99fdeec820	59	0	0	0	0	0
888a68d74986df91ab45efeea6c363a2	59	0	0	0	0	0
9e4d83ed38f50cbf2f62e7178914e257	59	0	0	0	0	0
3fdca65ddaeaf95e92670e2a0c1a8080	0	59	0	0	0	0
82600f1cf253de557421fa4d2815aa23	0	0	59	0	0	0
8e944f7d15e661ffbd4794dc680f599c	0	0	59	0	0	0
40e200074d68f2df733410d691468d60	0	0	0	59	0	0
c4f51be3f91b67895f63c68f3f080de9	0	0	0	0	59	0
89730225da2709159ac3e45a42a68564	0	0	0	0	59	0
6a9dec597ae923644517ac8d797ae7ed	0	58	0	0	0	0
b986300f09065faba4c7b26b77c7dfd0	0	58	0	0	0	0
68a589de7fe0718f92577bcdcb0a3cd7	0	58	0	0	0	0
bdbfe8c0565ea874818caa407c6eccbe	0	0	0	58	0	0
9817dc8dedfd984a689964af8849d3de	0	0	0	58	0	0
1ffe5a4049cefc6aed7ec527e717efb0	0	0	0	58	0	0
b4cf88fdb77f6869e8b18dbd480896b4	0	0	0	58	0	0
42aa726a29ba6eef8bdce55a01f0056c	0	0	0	0	58	0
82f9ba4e15d8287f1edd8336aff6f7b6	57	0	0	0	0	0
bdac4807c616002085a76eb67b168732	57	0	0	0	0	0
75b11c16768aa26b614ef4318b62fa10	0	57	0	0	0	0
173b3c895d2933d442e2b8b3f8e9bf3e	0	0	57	0	0	0
af326f5e9d1136e0fc78208d45d9dbe9	0	0	57	0	0	0
c7aaf5ec57799a6fe8eec015fcd600e7	0	0	0	0	57	0
d2a5ca31e940e6e0c305d65d7ca71ca0	0	0	0	0	0	57
d013de1b02891dd2cf4fb1ae805aca97	56	0	0	0	0	0
584e6be7d4ef08c5acf01f8fcb2e2327	0	56	0	0	0	0
79b48fbf2c33fc577640f6863c7b388f	0	56	0	0	0	0
3b59fd3ddf5c952af4af7e5d0d54444d	0	56	0	0	0	0
9cef5571d894c96d743999879493f956	0	56	0	0	0	0
8571a1466d08f6330944683cc144019b	0	56	0	0	0	0
35596e86ad916418dfa4cec60f3a13dd	0	0	56	0	0	0
ac739271625c596ad560c38d16ddbb73	0	0	0	56	0	0
d1d7b520af632e936722160a696dc44b	0	0	0	0	56	0
c5408c36ba319b3da63c9a6d41c5a15c	0	0	0	0	56	0
662220c87dc284e1dea02283e3a4d311	0	0	0	0	56	0
0f2982bb8ce93139771334fceb67054a	0	0	0	0	56	0
3dddb57be6e987b9ed80cf819a043b7f	0	0	0	0	0	56
7b7f4e31b15c54b6bc0e411bfebec67f	55	0	0	0	0	0
b3afeeb98c2280d596a31af604fc97d1	0	55	0	0	0	0
1cf91a0f9ddeb91695668f7e908336df	0	55	0	0	0	0
8efe36a429c78a82750386ae4b5e6783	0	55	0	0	0	0
6cdc509c39220448d768668c69216def	0	55	0	0	0	0
26d175bde40a101c745c2084f2d9607c	0	55	0	0	0	0
f09dfa85e20e609f9288669bcdeeea49	0	0	0	55	0	0
7f1202361309f4f1934ac3b8fc8dfc3a	0	0	0	55	0	0
40976ee3948fb15f4d36c7d2a5477f1c	0	0	0	0	55	0
ad153bb494710a10040856cbe053664f	0	0	0	0	55	0
68940b6c89bddc738dcf10065672960a	54	0	0	0	0	0
9fbadb3b122b2c426ecb4da278b44f5a	54	0	0	0	0	0
69f0a957359246fbc7190748786c39cf	54	0	0	0	0	0
80677c2ec9131b63dc2f3f7241d8b721	54	0	0	0	0	0
5b38182ea3e4ceb0f05f686434108a03	0	54	0	0	0	0
53903934cfcecd7e603b4da002b0dfc3	0	0	54	0	0	0
43bd88b484f6710f039a74bbf64832d7	0	0	54	0	0	0
a23affb3c12dbfeca754dbf5574c7a10	0	0	54	0	0	0
7cc4e22a96c77128f0ebfee5424eea82	0	0	0	54	0	0
d4b02a1d462cba8e617914d5fe3a5e60	0	0	0	0	54	0
d237961dc79b8a411f0dee0d017a2d75	0	0	0	0	54	0
3e3094f2cd1d37b658d59276c1b32cef	0	0	0	0	0	54
50c374539875f911899e3a7dbe0cad18	53	0	0	0	0	0
a1aebf4ca8fdfa2a50de28856b301124	0	53	0	0	0	0
0783aa9414000ea9cf9db2d75ac7d74e	0	53	0	0	0	0
54baa89610a5dff2230421571a297e89	0	53	0	0	0	0
b03883039d6c0653241bac5ea218b52a	0	0	0	0	0	53
004acb2e750ed10f4fcdde918a98925e	0	0	0	0	0	53
1e7d45f2fd2a1f4fbeb7abbe3bdbe4fc	0	0	0	0	0	53
4a7bfd378c84edbff6f38e1a4b2182f0	52	0	0	0	0	0
c0f19e343e97dc381302b5e599c9aaa7	52	0	0	0	0	0
52b78ca6f2cf7b990eca95cc9b645a66	0	52	0	0	0	0
d5e5ea76bbefe1b9f56276e3a6e4e788	0	52	0	0	0	0
cf3562bac215f044ed71f04c42cf6342	0	0	0	52	0	0
7a1523a7f708982fd36f03409979e860	0	0	0	0	52	0
25dff80d6709b433bd60923cff7639bc	0	0	0	0	52	0
1fd30ff6f7fc0f011b0d728005bd0a97	0	0	0	0	52	0
7392af4b6a84b5f3f7d56d20ce65ca3d	0	0	0	0	0	52
4b04e6846210eecc98ee30b266e4e6b8	0	0	0	0	0	52
42df077862a4d2ac39fb1dc6ad6958c6	0	0	0	0	0	52
555348859ccfaf7b919a9a535902cfe8	0	0	0	0	0	52
15ed8287d2f04e62847d5fcdf0382ab0	0	0	0	0	0	52
529651387cdfe80e247fa4c351551e43	51	0	0	0	0	0
4ea548a6ba62cddcf8bc235d95162b41	0	51	0	0	0	0
47cd7c8b2163a86182cf6b51116ac688	0	0	51	0	0	0
0f6c3d000b07ee682ef7e6e7fd584144	0	0	0	51	0	0
d9195170cd68bcc0ce587b99767c09bf	0	0	0	0	51	0
4ad6f3e4bcc9772cc1f1df12ab3b6794	0	0	0	0	51	0
c367078c57db0522da6951a5aebe083e	0	0	0	0	0	51
4d995a7a7d4c03b51f0477f7fda2dcd4	50	0	0	0	0	0
4375849d0e3792577f26573e18480ecb	0	50	0	0	0	0
0fa94ca67fd3d7f5cd0f1176f68f067c	0	0	50	0	0	0
176f9e5bee378d7eab055caf7a02ee55	0	0	0	50	0	0
be35536ab944fd75cd22c1736a709aea	0	0	0	0	50	0
c73d4ed06d868bd0d4d9df16f415c259	0	0	0	0	50	0
c56267dfb7ea01d2ed3d1440b672f7d5	0	0	0	0	0	50
b9e910395923570ac7a99a209cffe3b3	0	0	0	0	0	50
897eb6b7d1448db786693d67589de397	0	0	0	0	0	50
a14f82b354f7302177d86a2549451145	49	0	0	0	0	0
0a3d349cb7cc3dc6eed1eec1a8f82542	0	0	49	0	0	0
19fa15da951cfa7ce4d7a3d90f26c3bc	0	0	49	0	0	0
a0c1833cbe9ea12742e701aba20f79d4	0	0	49	0	0	0
046203ea72b66caf7a49245d1f324f7c	0	0	0	0	49	0
abce5034399ffeb9511af5393a6f77da	0	0	0	0	49	0
095e60764b1a5ea2dd8c01ed4acc9b2b	0	0	0	0	49	0
d79ed25e98e9c806403e169dbb847244	0	0	0	0	49	0
5afd299b1c34b2d146b5babdbb5b4683	0	0	0	0	0	49
2902e24b610072bcc1cbec964881e643	0	0	0	0	0	49
0d749ef038f8c99a3a8e468b7ae17b98	0	0	0	0	0	49
bc0cb1a19ec1523355b13c4a357cb7df	48	0	0	0	0	0
1e17185cd2b042b77e3c3d9ebc169421	48	0	0	0	0	0
3660407ab1f682a0c85721d38bb078ce	48	0	0	0	0	0
d5ba6967b1249c86763bdb6efd265705	48	0	0	0	0	0
8d1abd5ba21405611f753c53e2e1938e	48	0	0	0	0	0
7a3cc62f9a8ad7e5c86aaac8a214c0be	48	0	0	0	0	0
5bcac970b1a5029332880dfebb25d00c	0	48	0	0	0	0
76a816004e6d416ba4b810beaf8b6510	0	0	48	0	0	0
a7aaa66d19bc48dcf3e31d0640b31084	0	0	0	48	0	0
031d9e81ba2539bbae2d13181abf9966	0	0	0	48	0	0
86b20a93cd282fca2418b268da51c1d4	0	0	0	0	48	0
e5a0729f5a89fd230aa23a01bebe1e6e	0	0	0	0	48	0
a5d4075b1e0c15d411dc7f3886909249	0	0	0	0	0	48
696b9f1c6a50206049fedcd15679700b	0	0	0	0	0	48
0d601790defacfee83b7a1b23b952f9b	47	0	0	0	0	0
d50c56d710b242cc20841f6f456e5de5	0	47	0	0	0	0
164a45b5521d214b7b89dfde444a178f	0	47	0	0	0	0
ebdb2ed5fc50121e7a6b6defab1c0024	0	47	0	0	0	0
9d055f8ca6305a1256f62cc8c97050e6	0	0	0	47	0	0
33b25ec23bc0d62431fb78300dae703d	0	0	0	0	0	47
2dd410b6d49b37cf05589396bbca94a1	0	0	0	0	0	47
378d14bc550da68dc29347f9959b2b31	46	0	0	0	0	0
6cce959ca5b4b24802cbf101524e59be	46	0	0	0	0	0
91a85be1fbf717d414dfe58ab883e600	46	0	0	0	0	0
eccd474caf61ee335f7bb8d594bd6b06	0	46	0	0	0	0
4f43528c30165e569441d98b85b6f900	0	0	0	46	0	0
f252521c825457f6d21ca93e3f675c0d	0	0	0	46	0	0
e40d570d634540a3241931d38ca27d32	0	0	0	46	0	0
56f47bc063e4ca61aa04b8708df6c900	0	0	0	0	46	0
c411accdd1f869d8aae6f300fa60b661	0	0	0	0	46	0
080b0903645d04abee307c535d6f9e1c	0	0	0	0	0	46
4bb2c317f33f5f758e4319dd82ced4e3	0	0	0	0	0	46
f7d9d94fb81d84dd1de3ea7fe4b890c4	0	0	0	0	0	46
9c38e480ef0d8a9a70bb617ebcc12468	45	0	0	0	0	0
98afa1b4059d2a58c19ccab6897b620b	45	0	0	0	0	0
1b58a029b581da4a58adab1fb3bd3f15	45	0	0	0	0	0
2303bec325afdb67f519ecceeef530d5	0	45	0	0	0	0
c3a685db73a0f9f1212f433826505758	0	0	0	45	0	0
95a734441943d398ae28fadc123f4624	0	0	0	0	45	0
f29d239815dd4067ba341fb079c24578	0	0	0	0	45	0
279ef3bc89505b2ffac7b88f8cc5ee8d	0	0	0	0	0	45
5b0a3b421fb1312844fa5526de5cfd1a	44	0	0	0	0	0
77bc1adee93bd676178db0062eb605f1	44	0	0	0	0	0
7dbc7a60ceb612c14377ab0a92c3a53e	0	44	0	0	0	0
8d5ab38bd86fd630bc3e5ffc550dc0c5	0	44	0	0	0	0
5d0ef3aa1f874d675f83cc720a429d3c	0	0	44	0	0	0
df704d64de028079320e6bf57b8a3198	0	0	0	44	0	0
15c910f7f4d36732df1fc4408565a0e2	0	0	0	44	0	0
dca96a48131c7d3f52e545c8559a7a1c	0	0	0	0	44	0
435d47e6cec18d1178bf63dffc9d11d2	0	0	0	0	44	0
f491ce229ae81f5b83b458536fcd77b9	0	0	0	0	0	44
a479d55149410a1d4f185efd258f4377	0	0	0	0	0	44
b4f7e46dfe2e88131f056d0966273933	43	0	0	0	0	0
52db52610e0bba15df4877c4cd449f9b	43	0	0	0	0	0
190e4b18215db9fd5e28703535addec5	43	0	0	0	0	0
ebbe5dd02f29a16c6d6f9ed9bd68f5ef	0	0	0	0	43	0
8f43699ed1b54670d1be2fcbf5493c68	0	0	0	0	43	0
4b126f44973a20359896b793b2926eea	0	0	0	0	43	0
bc6afd76d304f122200b3c398bcd654a	0	0	0	0	0	43
ae82ef27c7a4bd80ce11fb8c46cd34d7	0	0	0	0	0	43
01211af9068c1676ab16f19c000d62c0	0	0	0	0	0	43
d66b86c0f96e019a1c399dd32db8e3e4	0	0	0	42	0	0
5ee354007c29e95af5ddf531af70337c	0	0	0	42	0	0
93608643d9e00de39a8089da4e5df4f3	0	0	0	42	0	0
944f85fb9366024aa01eab1a083ef2b6	0	0	0	0	0	42
2dee5a897c3d8a2f19d68b96a032b8cb	0	0	0	0	0	42
128c694fbc2dc5d61e9bdb743601fb17	41	0	0	0	0	0
ed8bae98942ba80bdffbb18249709723	41	0	0	0	0	0
2692375eb629203c5feb998ae270af69	0	41	0	0	0	0
6abf7703b23c8cf183d452266e44b99d	0	0	41	0	0	0
05cf114d49368afa367b7cafb0c55d48	0	0	41	0	0	0
ed698b69dfe1b7252370ab213db283f5	0	0	0	41	0	0
2ebd10524af3eebf4eaf13357b9fe6ca	0	0	0	41	0	0
4fbec5603dfec51b57deb0188471a0a1	0	0	0	0	41	0
165d674301d5e0f5ee063fceca7f0d6e	0	0	0	0	41	0
26a8a816085c6c5c70bd50d6c8663c90	0	0	0	0	41	0
9e7c14fd905cd5326d1f89130d200435	0	0	0	0	0	41
bc0112a226e67df4681701fa8df11747	0	0	0	0	0	41
df2f557b5745def4c79134b1d8e3e537	0	0	0	0	0	41
ed13a80f117033ced230571ee67ccc3a	40	0	0	0	0	0
49ff8bbe88345f067a4583388bde317a	0	40	0	0	0	0
396e831ec517de7768f2544b52e71261	0	40	0	0	0	0
f43a4931e199e4d0d6c183596622e415	0	40	0	0	0	0
4b83d13f27882b97e0c589dccb7e0637	0	0	40	0	0	0
7bb66e19c5d659cdb8f43a54447bfa4f	0	0	40	0	0	0
83b2a085bb732ca0b863fbd115363202	0	0	0	40	0	0
7ca604433f8436065c0ce871b406b5d3	0	0	0	40	0	0
3bfa7eccb83fa320195f37e2f42ad7b8	0	0	0	40	0	0
8588609d061075002977c67d27d52552	0	0	0	0	40	0
727cd1eebae3ae24468583a5fd29bf40	0	0	0	0	40	0
de92a3dc19e0bebba9ae6e9a417dc5f1	0	0	0	0	0	40
f659674c7d8568d7c037846022d9d82b	0	0	0	0	0	40
0eb8a475b08b62e765fcdeb2f0b06c82	0	0	0	0	0	40
ecba8338c9afb800fcbe2817ab6a7cb0	0	0	0	0	0	40
77762e261d2352dd7d855231e10b22bc	39	0	0	0	0	0
1c907862f991c50216586f0d11f7a328	39	0	0	0	0	0
736d7a45736430a7f9562e9b5cb17656	39	0	0	0	0	0
6570ad832fa70c925b9bde2fab4c504a	39	0	0	0	0	0
5b2a8a8668a49683f27ceeafe1c2c5da	39	0	0	0	0	0
c6ba3143ea33281db2882ef29a31caa8	0	39	0	0	0	0
3decc46010532d4ccab7c5fdfc0cb45e	0	39	0	0	0	0
f3bb5f904a0d78b0b30845e15f7c6f00	0	0	0	39	0	0
441f5ed67f5a5ff4ab04c20c4bc83bed	0	0	0	0	0	39
a6f017e3e5be250232b69aa3bcf952ed	38	0	0	0	0	0
0166374d8dd012e5e607578e5f143660	38	0	0	0	0	0
ae010039dfcf39af095f0fc5c9de8743	38	0	0	0	0	0
5326237fb933ab4f1ff540cd3984ad01	0	0	38	0	0	0
ab858938ca7f2471e5e1b5737c35ef1d	0	0	38	0	0	0
4a129f3529a70efa0ecbffb38ba79068	0	0	0	38	0	0
1714e5c7e2573e1e2165309dff5632f0	0	0	0	0	38	0
747b62f54e9aaf835cbb099ff4c9fd2f	0	0	0	0	38	0
83b10232cc2f64978b5692f506aa887e	0	0	0	0	0	38
bd864de629cecb84b2b53bdd8d243bf0	0	0	0	0	0	38
c1d5510aefd5d3ea06fb1f2a0ffb0cfc	0	0	0	0	0	38
60a53287d9af126289e9f95353e06eb4	0	0	0	0	0	38
e0caf8c989e18c2f2c30493c89c62d3d	37	0	0	0	0	0
1c91ebb30d3e1491921ab7dc4eac981a	37	0	0	0	0	0
41bf43a6a703ea9e912b8129ff4f99f7	37	0	0	0	0	0
4b82c9bbca616ffef5a818db364005db	37	0	0	0	0	0
570d7bcbceaf04e9adaf076220ede0f1	0	37	0	0	0	0
2bcc3f1f5d04aaee95229cb586cc78ab	0	0	0	37	0	0
2fc45b09ecaac5ad6e68592ca3de16bc	0	0	0	37	0	0
653e4c523d3100d440bf696386e19f6e	0	0	0	37	0	0
af5e677d94ec81bbe067c2a4f64eb566	0	0	0	0	0	37
d2428cb56df384cc64c2e94950d590f3	36	0	0	0	0	0
dce30587572689936742c68f3f285b64	0	36	0	0	0	0
bd09657ec6465eacc023a546d054edb8	0	0	36	0	0	0
0eaec586f42dd9ef8c24a67566833396	0	0	36	0	0	0
a4c742c091a8cc7bb8663970861467c1	0	0	0	36	0	0
b0b384772a63a32cd040a9a73194f30b	0	0	0	36	0	0
337bdf558503bf2e24cd8d2c2d8f9236	0	0	0	36	0	0
b9b5a741888244f648dc868cadb95190	0	0	0	36	0	0
3fb32abe9b0e972548012db95916b061	0	0	0	36	0	0
624f82f63ae8b5513633610b608ad957	0	0	0	0	36	0
a212082a2a5cea3f7a1c696a9457b8a9	0	0	0	0	36	0
72aee6da465840f8ef28d0bbabfc24a8	0	0	0	0	0	36
830ff1752a514ed55c53698f260cb4b9	0	35	0	0	0	0
d0ef690989c2316cb82ffe38574b620c	0	35	0	0	0	0
bc9d1aaaad125e1e400bbbac36b5b4f5	0	0	35	0	0	0
225b92f1d29789fd65fb2d279cd22a3b	0	0	35	0	0	0
d854d8e3dbaf20cb54a0b86e4ed3b866	0	0	35	0	0	0
75e19c674cce289a642396baba35885f	0	0	0	35	0	0
b5289c02ef8117c0c2d489a03e17ac0e	0	0	0	35	0	0
5b8ca1d9aa35bee72ae93e3b2a147a42	0	0	0	35	0	0
9877ef0abe3a3d233fb8750c75049dde	0	0	0	0	35	0
94caf0aae7a7f24e0e3b57d9d44ec103	0	0	0	0	0	35
7400aa65996df45170cdf8fcfe0682db	0	0	0	0	0	35
79957e70313c9b0959868c9c47ce2ba3	0	0	0	0	0	35
cd1bb507a74f1958407ba736c75ca58d	0	0	0	0	0	35
4c8c9b8cbb6370dd6cb773803fb6edea	34	0	0	0	0	0
0a00c843ce40c00f295b7db9d2d58bef	34	0	0	0	0	0
d2686fa4cb89c56fb63e640188a8c04f	34	0	0	0	0	0
d239a0d2d32e5dcc0714a606d97f7136	0	34	0	0	0	0
0236429b8ed8a935f07728e36bb3bba5	0	34	0	0	0	0
9ec95bf3659179b01631ba68cfb5bfde	0	0	34	0	0	0
f328323a338100de5c7ee65a97c2da7c	0	0	0	34	0	0
aa76f87feab23403d057d99be215e388	0	0	0	0	34	0
f51c699987b4add646253dd3a0859dca	0	0	0	0	0	34
5120154a2e110a03470462117710de9b	0	0	0	0	0	34
4331f04123617da460b230442bb000f9	33	0	0	0	0	0
0dbdd47c0a049736df456d7582851a61	0	33	0	0	0	0
4accf5406c96d4598b7c32a0d738b257	0	33	0	0	0	0
2d26c54c4a1b24f10378995cfa68483e	0	33	0	0	0	0
b6203f002dea2c376029aa5f6cbd6df4	0	33	0	0	0	0
ff03228348fc04089e53283539128010	0	0	33	0	0	0
a53f1b65491f28d96f8fc55ec2834f85	0	0	33	0	0	0
479aaaa49caaafb12442b8444f5e0dd8	0	0	33	0	0	0
a14005be98efb9f6db7f5ec58a9118f9	0	0	33	0	0	0
132c582996e2e24b5c07bceed8164ac3	0	0	33	0	0	0
4bf0b81ed13649abaef58807b847a2e3	0	0	0	33	0	0
44fe57d4549d14d2a388e7e6e918ce6e	0	0	0	33	0	0
f8487c829eb951b7a10697c43b758db1	0	0	0	33	0	0
b1fc79b3531688609e2db55ec76f6217	0	0	0	33	0	0
1616f30cdc1bef11a5a96fd907e57dc6	0	0	0	33	0	0
6ea2609e161a30632112dc5073f8da64	0	0	0	33	0	0
fb2438d978609daee3e0d56dccf9d28c	0	0	0	33	0	0
f193e0a899b2ea657625d7427b8f3255	0	0	0	0	33	0
0a7e16245692201ebab78fb4d1040fe7	0	0	0	0	0	33
65094a4117f60a36d208f9192d0682e7	0	0	0	0	0	33
d0721efda35f1b8be2c66e4fd1cd0709	32	0	0	0	0	0
e442925c511859925e0e98d7cf1fa3b6	0	32	0	0	0	0
380c3690970bdb6d786ac425938121c6	0	0	32	0	0	0
103bce5d2988cc66c46ca03a37ea2dcf	0	0	32	0	0	0
8a1d328c432b67d033360a11c535dc2e	0	0	0	32	0	0
cd189bdab13253e980e9b590542c4412	0	0	0	32	0	0
3c96ab78661d86d4cd37e7cbfa6b1353	0	0	0	32	0	0
3fdea8001a8576e374a246dbc3dbc426	0	0	0	32	0	0
a2a6c49f5c9f0d95f2ae9151cda562a8	0	0	0	0	0	32
2522c203c142ed3e415704d3834a3401	0	0	0	0	0	32
c62324c14538e5897d9eb700376f9b77	0	0	0	0	0	32
97495758e1d3f1dd5b3d691d4b4e8d6e	0	0	0	0	0	32
1a4855b998ef99269a5a6a2dbf477f0c	0	0	0	0	0	32
6b6b4a29c4ad06ebcd0e0db00fccf953	31	0	0	0	0	0
aecd2e8c1d10f540b6adc007c4f40e24	31	0	0	0	0	0
834e02e2243309f0dde552db8679b7db	0	31	0	0	0	0
7c5b080a275e1f53d744870ec3da5c3e	0	31	0	0	0	0
18af808ea2db0cfba5a5e37e63f78f55	0	31	0	0	0	0
6938d43e0f20bee9d3cf846a5097bfcb	0	31	0	0	0	0
7ddfd02c6f2837edd580b00463e2c28f	0	0	31	0	0	0
7d18a2a3b4f72222041f86253a49b246	0	0	31	0	0	0
a2d5903748900cf09a6d8a0c49f87b9f	0	0	0	31	0	0
cd4389a76e3f5d59de054d06a713f82b	0	0	0	0	31	0
6ef351f74047555cc176fcd458f9c6ea	0	0	0	0	31	0
85dcd71c56cda387dc5c2f7f776097d9	0	0	0	0	0	31
204cba7074714374db19d2d833433379	0	0	0	0	0	31
53e3b702ef74bfeef0a57aa9de0c6abc	0	0	0	0	0	31
7f756374fb6d549ecb7cc8187f1fd20a	0	0	0	0	0	31
e75a6e45d43f8d498493dcb17c9ec4f4	30	0	0	0	0	0
dae87b15cd28416d18fd4bc901370aab	30	0	0	0	0	0
1032ad32fa2aa2f7dcd7bcc2c1e8697a	30	0	0	0	0	0
f25511d13775946e871a566548e3eeac	30	0	0	0	0	0
ffbdf2a9ae3b3348dc92f9b177567e1a	30	0	0	0	0	0
16f8c64e5b7d5b691c5b8ec65b8a0518	30	0	0	0	0	0
2c94da808fc2c36b3b2b775107589fc6	30	0	0	0	0	0
b81e9c2c7ab0a6c7887632ecc97dd9d1	0	30	0	0	0	0
b33bfcf9578eea091cfd2e33176166fc	0	30	0	0	0	0
92f917d4a1bed2d5db5f6accc2dfce83	0	30	0	0	0	0
b43a198d64b672e671c65ed7fc24c3b1	0	0	30	0	0	0
c42f507ba1ae8eae459c9c459705b902	0	0	0	30	0	0
80d420fd39e22df01a5d387732f5e0aa	0	0	0	30	0	0
9969e5b25db1a51d79502cc1650762e6	0	0	0	30	0	0
de78b050f7c0abb1cbf02e595168f6a9	0	0	0	30	0	0
d78f63f99f66ac4b061bc2fd36e560f6	0	0	0	30	0	0
22756d14005c67196114f7f59631809e	0	0	0	30	0	0
c8771559dc27c2ae80c329c066ae9ea6	0	0	0	0	0	30
7c0544e9130378503f274590a005f615	0	0	0	0	0	30
29bceb2c76993b0682032a76fe0bf05d	0	0	0	0	0	30
8a9f432136cb82437128d63c45a13cfb	29	0	0	0	0	0
3b0f488902030a5f9e744d2cc5858cb0	29	0	0	0	0	0
52645b13bf4eebecb0c4214b222aa340	29	0	0	0	0	0
f66b4ce69d15cee3606e538200babcd2	0	29	0	0	0	0
9dfbadc8e0afc14c16e0c7cf928cd656	0	0	29	0	0	0
5a60016fefc06a31d327610543dbf4ac	0	0	29	0	0	0
6da835739a7c0bc8915f23326c093901	0	0	29	0	0	0
f1483b640ff617932fe52f5e4af5338a	0	0	0	29	0	0
287cf4c1dd96a131d13a41c32bca93e4	0	0	0	29	0	0
ddc2ed8d83d792309d532e6d6bee2fcd	0	0	0	29	0	0
190d0a2e1e8a5423eec0ddf43aacc8a8	0	0	0	29	0	0
70a28bb175e71380f01abfb48d58309d	0	0	0	29	0	0
e829b7291d93cdb132c5a2d18dad0ae1	0	0	0	29	0	0
491d86f97dd4d7a5d6649a1b99c3b26d	0	0	0	29	0	0
98ff51d903f8751116c027e49a355f50	0	0	0	29	0	0
ed3ea14dab4a10fc07f6d108221434b6	0	0	0	0	0	29
8b466a0e806487c3228c850c9e31419c	0	0	0	0	0	29
4bd4d89ef47d18d868edd8fb37fad00e	0	0	0	0	0	29
755e91e7b3d47f7844b2d593da6a86d8	0	0	0	0	0	29
5a28f8ae9d85cf7e3be836c463009f9b	28	0	0	0	0	0
00aa21edf6757a66de532db9451f3e94	28	0	0	0	0	0
4756202ba1ac8958649073ae11512e3d	0	28	0	0	0	0
4acfd7fbcd5a4db4b77572e46717b1d2	0	28	0	0	0	0
e0997eefa8f83ebc2dfa303cfd725e3d	0	28	0	0	0	0
940c83fce6a99d8492ceed8476bc406c	0	0	28	0	0	0
96124d49f0a9e345e028f0353bad1f2d	0	0	28	0	0	0
ba6a1ba4e122898b939351d3ca85d08c	0	0	28	0	0	0
82bbc13f3230f5bc195494ababa5c1e2	0	0	0	28	0	0
9dd83987e653293a2800c36f18f0a107	0	0	0	28	0	0
4fe57daebc25ff761b984f2db1353528	0	0	0	28	0	0
3c081add9fc0ea102f023fe31a7406b4	0	0	0	0	0	28
489747889101602c6e0a9ad01956a685	0	0	0	0	0	28
c0be4796f2a03f74981dcdd64d346726	27	0	0	0	0	0
04099f97e4ced55d2bb3c65a346f3bb6	27	0	0	0	0	0
d00eeebb426a8e24b500d8abd9f55a59	27	0	0	0	0	0
f3554174df8341693567c904ed49b575	27	0	0	0	0	0
3888e7211a739b097245fc0b06edbe1e	0	27	0	0	0	0
ff88aa544346d82816c1681cdb622d27	0	0	27	0	0	0
d980ff139bf89a1d52a6753bc6e726e8	0	0	27	0	0	0
b11681ec4512aba0c35cd2bf84149c8c	0	0	27	0	0	0
6c324ff96a60633ed3cbdf2744ef5899	0	0	0	27	0	0
5ff77eb7ebcbc8d5eee6be9d17ee5ba3	0	0	0	27	0	0
af59c28c7b0c4a814e6a209077a2f072	0	0	0	27	0	0
e059c6f0cac20591669ea5be0de9d2fc	0	0	0	0	27	0
40f3ffe2f3451e5678459399a54ed76a	0	0	0	0	0	27
4aec6bfb81abcb28e0fd4fc233399e40	0	0	0	0	0	27
a931d8a19f3df44cb2ebafc9b31dd99f	0	0	0	0	0	27
33d6b6712781e06ae3425c1a74b8ea46	26	0	0	0	0	0
f552e2367aeb1516decb056362581db6	0	26	0	0	0	0
06f46e5c91ef6bec279de90f4d2d9edc	0	0	26	0	0	0
18b8f6607f93d799ffa9779d741cbc71	0	0	26	0	0	0
19ccfba113f119fd46cb1f776581cbd0	0	0	0	26	0	0
1fdb3addbf1806ceb30d66884e4cc2d3	0	0	0	26	0	0
c730dd0599224ce8704cf10fd1806a48	0	0	0	0	0	26
bdf9022a2492e8055be88654815936ce	0	0	0	0	0	26
e4b5b9c268c2d4416ce2fa723ed99d3e	0	0	0	0	0	26
cc034df55cd5317e710676fc3ef71bc3	0	0	0	0	0	26
53d51e6a96fce0c78fc295dbb0c7fd2c	25	0	0	0	0	0
6a997aaca2a8b4056d885e2999a3aa9a	0	25	0	0	0	0
b0ea05b1a53d015c2c242fc97bac4899	0	25	0	0	0	0
aab429997ce80796d200ef379ddf9e00	0	25	0	0	0	0
7b0886d9448f10b406b450d296af196a	0	0	25	0	0	0
a1868f7b64986ee38104e4eee2d381f3	0	0	0	0	25	0
952f0d4fa36b06a80aea4e373de4aa85	0	0	0	0	25	0
3df597d39b9396ee04e02aa551ebd6f2	0	0	0	0	0	25
b4c300e98008bdd9c88ff8629ebe152a	0	0	0	0	0	25
9705324aa787a6a131d031e4e0e516e8	0	0	0	0	0	25
60b5a68fe79d293ded903f697ccb78d8	0	0	0	0	0	25
2a23b4b5192e345271ee50279111fc96	0	0	0	0	0	25
31cf863a3e1d80cc531811dd3a43828c	0	0	0	0	0	25
d1e9230f4c673d9c985c280bea70dc29	0	0	0	0	0	25
b673cd708bb915da29ff5d3b23e4f5f5	24	0	0	0	0	0
d2fd1cf1eafd81b5e8cfa481962908ec	24	0	0	0	0	0
28b519a79d2a5ec4053fab2bc74779db	0	24	0	0	0	0
503c06919ff388867d62e9eec586c702	0	0	0	0	0	24
27a66d432cb8b98b969e7c3b6a2b5f46	0	0	0	0	0	24
49b7aae041c3f467cf4d495a27b6bc49	0	0	0	0	0	24
cdd2a58c5ce393a4a274c1bc4153616f	0	0	0	0	0	24
fa6403abc0dd3b637a41c0bcec627b1e	0	0	0	0	0	24
80bbe1813f93a28f96f5583590d515d8	23	0	0	0	0	0
1df6db840fe1dffd5e4e8517cd219db4	0	23	0	0	0	0
9a752a6e20dc1cf8a21986555510ea2d	0	0	0	0	0	23
f5c839ae5842b1b75a12b48b4b65206f	0	0	0	0	0	23
77c23678bec0c726ca58299d4cf5c8fe	22	0	0	0	0	0
d5b8e711009f6a5e4fda326496649d1a	22	0	0	0	0	0
91ac65f167b06f8b9cc87467b17c3538	22	0	0	0	0	0
e33ff43a60d42f46005a18b7e3887b85	22	0	0	0	0	0
025cd8947582d3a556b0556650e7d356	0	22	0	0	0	0
68103688e55cf81d7b9486def42acd81	0	22	0	0	0	0
b1c95f5bc7bd6adabef672f3e3137498	0	22	0	0	0	0
64aa115c84888ec48d9d2cb3512df1fc	0	0	0	22	0	0
5c3c5022b6d2b9280e45a5b441edce85	0	0	0	0	0	22
421317fb28e7c898e559618626af70f8	0	0	0	0	0	22
60fafcae934af01a535891dff3b888da	0	0	0	0	0	22
b93430b2ee094e1398e91b93edc72f62	0	21	0	0	0	0
be06f4a59a7be2264577ea2e1fbb0706	0	21	0	0	0	0
471beaf22499da9a0779492186cd6a19	0	0	0	0	0	21
d204acd4f3ffdb4c3c6d10523c3b5582	0	0	0	0	0	21
c2b11af20e52a37052e725a764135f93	0	0	0	0	0	21
cc41b25aeb93dc8e55ccae440414c092	0	0	0	0	0	21
4132dd95db10bf12a9e36b51a7665abf	0	0	0	0	0	21
35e47e119c20806aae0bd64b7ae41afb	0	0	0	0	0	21
115f97ff00872afaea30c734c9bc328b	0	0	0	0	0	21
ac1b813f9a82f2d18f3122bbf066ac4e	0	0	0	0	0	21
b4ef3aa64d8bd5785b319e6107ab603c	0	0	0	0	0	21
fb7783c45e2b83b90f181d1f9522e0a0	20	0	0	0	0	0
3fb37af75751c7bf60cfbad6a21c336c	0	20	0	0	0	0
270f773a6430ddc743835e8c46147977	0	20	0	0	0	0
009ab20445a058f1698c0b436ad194ca	0	0	0	20	0	0
ab843234780b3f860313f876d8e8c497	0	0	0	0	0	20
6dad8b6db5bfd84dd184f3c40854173a	0	0	0	0	0	20
dd147a8c8de8f2590c52fe77202cffad	0	0	0	0	0	20
5f71b765cacedfba55e9d4d4f935d33b	0	0	0	0	0	20
af74bef8cfb2659cd8a8b6cc529c5f7d	0	0	0	0	0	20
2a5c02dd0c037e08919e171752af853f	0	0	0	0	0	20
0c462ebf0e6236dd379f71d158d8ed98	0	0	0	0	0	20
2de0068aff1881d2d5d63b5f9356a116	0	0	0	0	0	20
763169571b5d907876bdfce7a095bf78	0	0	0	0	0	19
973dba82f56d2bf7ac119d4a37320f91	0	0	0	0	0	19
1970b1109d02af55604cca172302d5f8	0	0	0	0	0	19
14def531e7c8d980e09f7d9a0563c697	0	0	0	0	0	19
c69ee93c42587072966c0be6d07b7594	0	0	0	0	0	19
b28fbefec5466512c6eca228ddb1da7e	0	0	0	0	0	19
a7637f17aeee3bd6ce947e51bfef7a25	0	0	0	0	0	19
2f3779786a68015b7c9d1edc3d7854a4	0	0	0	0	0	19
0c67c746ef0d48d75be457b845e44d5b	0	0	0	0	0	19
c7a14cfab250801ed4b85bd468632110	0	18	0	0	0	0
a139357f53992f4fa23901d5a37402dd	0	18	0	0	0	0
01d963e4a766fa05bb1e0879350c4aee	0	0	0	0	18	0
7316050ce47081e53281990aa167c09d	0	0	0	0	0	18
12663d3059901ddbe6ff9087d227a8d6	0	0	0	0	0	18
e526b49a67c4693e1957fd2da229f8d1	0	0	0	0	0	18
a5fe56da4d954cc4701a65fb2688e858	0	0	0	0	0	18
23565dbab3b48a6e3bdcae52bbd3cd53	0	0	0	0	0	18
5c983f1668d6b42a2049b3efedca3d3b	0	0	0	0	0	18
9b5a5b98d5414ce2cc6f730ed6dcfa43	0	0	0	0	0	18
36346df4d457376f8b6b9586330b5095	0	0	0	0	0	18
32835fb767daacd302a5157a9b2d2a49	0	0	0	0	0	18
fe8493530e4acfa78a6a67b63a43aa6e	0	17	0	0	0	0
641b9347c53e42826966e189ff5ba0c1	0	0	0	17	0	0
67192ca69358025ba31281fc98fce19a	0	0	0	17	0	0
07cfc45079f02ac2d0e17f4cb48a6e42	0	0	0	0	0	17
0614f96128ff8c0c619b7d5fd6e8d1be	0	0	0	0	0	17
8fb69da2f239324a95e64d3367a38347	0	0	0	0	0	17
1cfc183b7070e101acd75343e54811d8	0	0	0	0	0	17
6b219974a299a1c7e202c03c5118e3a7	0	0	0	0	0	17
4a7c6da9a3f79cf9cd1320fa86f98891	0	0	0	0	0	17
e9e5e2e0d40ac77211f928a66fa4a7fe	0	0	0	0	0	17
73e2e6e9dda3efb482aeb8072bdb36a5	0	0	0	0	0	17
eb93e244494d74fda35383673f1b41fa	0	0	0	0	0	17
90da78bd1487c3636a847563318ebc4b	0	16	0	0	0	0
b605fb8dfe5d0543d532980c483d88f7	0	16	0	0	0	0
80246f40c113413257c7949126c3aed4	0	0	16	0	0	0
661146bb0cb683166627a8398bb9fb8c	0	0	0	16	0	0
23295239ba3be1b8dbdc3291740e68f8	0	0	0	16	0	0
f9a970b781913ce786d771e00e62123d	0	0	0	16	0	0
cfcf1ae7714f8b5d0afff709bb41ad43	0	0	0	0	0	16
03d3a6f0dd824deeeabe68d62356d997	0	0	0	0	0	16
47309df96f3bd503223cb7cab541d0c9	0	0	0	0	0	16
a7e5a44e036d206feb917110f78511e7	0	0	0	0	0	16
ddfb53391b50bf2b508dc6ff6135afea	0	0	0	0	0	16
5d8d695fbccfb9d5391b697e2ad86bf1	0	0	0	0	0	16
fad9ef978c416a3ea358b120acf601b3	0	0	0	0	0	16
fd74e2b4227b86a4a6bea61a82e30341	0	0	0	0	0	16
9375445360775045532c58ea9c118c82	0	0	0	0	0	16
65bb286092375ff026d99de5e1e3a283	0	0	0	0	0	16
e9300a0b6a73dc1fdd5c5cfaeab49eb5	0	0	0	0	0	16
c216285dda14d0c3d2705bb1a24a780c	0	0	0	0	0	16
b0dea5f5e88b2b4e35113f508a8531d5	0	0	0	0	0	16
8bd64bc5a0112da571625e14f15ca639	0	0	0	0	0	16
cac52e62c2ad2154f0cffb2502b08029	0	0	0	0	0	16
82eb1b56de39654a91f6040ba334718b	0	0	0	0	0	16
82fe682f8f9d221fff768c08eb423afd	0	0	0	0	0	16
4e7ddbe3231538675177ca12607c9869	0	0	0	0	0	16
dbae8d465a8fd9d02cb14bdab061b541	0	15	0	0	0	0
0c9df0db2ecfef0064044d7aa4e4046f	0	15	0	0	0	0
f956f8b60358be4c54f5ab22ba098ca7	0	0	15	0	0	0
dde60d53250494f8b61fc37564998a3e	0	0	15	0	0	0
9f376ce06448af2732d5b12d859e482b	0	0	15	0	0	0
ebabaa5a355aa66dd5ed67f10a1463df	0	0	15	0	0	0
8c3ec6b39c001c55583463d0f16c4e8d	0	0	15	0	0	0
2a74ba2dfebf06e60e4c1979211638b9	0	0	15	0	0	0
e4cdbbbb1f4038e059d5551c3c26fae2	0	0	0	15	0	0
2b5d8b79db356b7d603190010492fc1b	0	0	0	15	0	0
fe63dc2a4a1b62342b165d26b8743742	0	0	0	15	0	0
4074c80f5007c0522a1884eb6748167f	0	0	0	0	0	15
cdbdec2f0a32dbb3870ce5edaac9e797	0	0	0	0	0	15
59f1efa1cf634f32d9c88fd40cdd00f3	0	0	0	0	0	15
e38ff404720ac9210f57ab8b147cc6b4	0	0	0	0	0	15
210796f4824b441e345a38103ac0e547	0	0	0	0	0	15
a974616a1fe1f154325f98dc962c76eb	0	0	0	0	0	15
b63bf859d35e73a4b268003d728ef5ff	0	0	0	0	0	15
f737aebb7b3ad5f3b0683ee9e6ab78e5	0	0	14	0	0	0
a87397f23a0c5628e82bfc0658c31e14	0	0	0	0	14	0
bb12590daf0e0306dbabdff3ab8af3bd	0	0	0	0	0	14
d07fdc3871d8a10d33178e4eb40b645b	0	0	0	0	0	14
5fbec3695e6799ad6b2f04457d4b01bd	0	0	0	0	0	14
cfaa260161653e4cea03c701d6a46064	0	0	0	0	0	14
e802f757a98341f6740dbfc98a461603	0	0	0	0	0	14
872e43d10f051492642dfe7f6b29dac3	0	0	0	0	0	14
424976a3bcfc75b1086970e244cebb6f	0	0	0	0	0	14
d4ffe4338626d5db9aa21c2d8515aad9	0	0	0	0	0	14
1ff05d707d20dd4d4fe46a51e6b76e9e	0	0	0	0	0	14
12b102ddf8c3eb267a9a43982d2b1c4e	0	0	13	0	0	0
e1132345643446592ed234f401e86510	0	0	13	0	0	0
de46ffe305471cc094f3ef364cfcf240	0	0	0	13	0	0
e73001a969e8ae6cd92a8ab1ef7e80e5	0	0	0	0	0	13
8f8e8e5a054d1d5b82796a18ca0a8624	0	0	0	0	0	13
2b30cdcffb8f1ef33782c9485e52d01d	0	0	0	0	0	13
51df3c3acf8ce037de735995dd96ad1d	0	0	0	0	0	13
ca0eccccca9bb3481bfcc0b5f0758baf	0	0	0	0	0	13
969c1c203a61e37720d0d0434bbd2f09	0	0	0	0	0	13
9236d483816380a0423f129099d4e3e9	0	0	0	0	0	13
bb3651ca4b62a42559797f62951e192f	0	0	0	0	0	13
be40720169214537b96e4a3dfa0dd5ea	0	0	0	0	0	13
dbcb3ee8f299301874bbdb19425ac68d	0	0	0	0	0	13
6e05188ffffd7226eb69fe59a5dd5e2b	0	0	0	0	0	13
16806becde8cd904848358ee5e195c58	0	0	0	0	0	13
f11cb3989bab462657c221eca8e27b02	0	0	0	0	0	13
2df37a62e6e0d57b73d13fafc1c73167	0	0	0	0	0	13
cfc227fefb5578cde8708f80bf5a8d55	0	0	0	0	0	13
d3bcf4328e7d1503a969f58a4a514aca	0	0	0	0	0	13
fd049a528a02e2431ae305d8c8d39916	0	0	12	0	0	0
5a0b7877b9b99aa70d236b52e937caaf	0	0	12	0	0	0
9d5a2d5457373f7e34220b096c14eb96	0	0	12	0	0	0
8ca185097388028ffb2613d4629000ef	0	0	12	0	0	0
44a7c9de86e32d1dd765a6cd70299313	0	0	12	0	0	0
7ea22394f6026f51c12a60907e0625d0	0	0	12	0	0	0
7e584d26034e12d0fadf731e2ae0282b	0	0	0	0	12	0
5098f579b5af45d181a569a65de40074	0	0	0	0	0	12
1f675322a2fde27fc6695adf4f62e9b2	0	0	0	0	0	12
dd7686fe35572f4bd2410fbc7a541850	0	0	0	0	0	12
e7f9a38cd7699c2f78dcf403a0f36d81	0	0	0	0	0	12
ca62ea2e0d5baf4dd0ba42c42dc677bf	0	0	0	0	0	12
8592501ee65a7ae72bb926707b4e6654	0	0	0	0	0	12
42ce026ed560c9546cd44b50c496376b	0	0	0	0	0	12
f85b1b44c55556ac7687858bfe4e4d8c	0	0	0	0	0	12
cc31e9eba70b8e0723ad720449faba7e	0	0	0	0	0	12
267e9bb9f559764df62b10eb3fbc82d2	0	0	0	0	0	12
5701e257b8a9267c8b3c1e8daa4ed8d5	0	0	0	0	0	12
eab0ea9b95cdf2f39d85393e43208055	0	0	0	0	0	12
161dcff7d5d2610cf2085b8a7792fa97	0	0	0	0	0	12
1bab8fb099cc22bdb6c2bf3637ed1301	0	0	0	0	0	12
1172f6ce7b5146061fa60699c9a6c58e	0	0	11	0	0	0
4013880113a097033f5748da9537ae2b	0	0	11	0	0	0
34809ccc2667a693adecfd0065ef3a43	0	0	0	11	0	0
6f92573e0890b76afc5247e86d629359	0	0	0	11	0	0
8f5c7f3f33fde4b1014a0f333b4af179	0	0	0	0	0	11
26474fd0963047779c050749ca6a51af	0	0	0	0	0	11
38bcade2b35f4d58bf678f1604b488ec	0	0	0	0	0	11
37270c3f338140f8ec7bdbfb95e9ba1a	0	0	0	0	0	11
b2c70ddd61a70df20079c49fb754baa8	0	0	0	0	0	11
e829d5b9a76cb011118f5882caf1b17a	0	0	0	0	0	11
2d93962d03fe972a4baab68926242856	0	0	0	0	0	11
3266af71f07eaf14b3f397f53929f1da	0	0	0	0	0	11
70bc5d1b39a854399901f858d6740f71	0	0	0	0	0	11
bb4eff441ece9192fbb4388ec0dbb190	0	0	0	0	0	11
f9284d0f07a39c0446e6dd6aef7c01a1	0	0	0	0	0	11
955d28f1d536aa8dad9799441039764b	0	0	0	0	0	11
042589d9b3dc9b3b492266d224f891bf	0	0	0	0	0	11
cfe75e9448b0faf40d011f8e6e00fd0a	0	0	0	0	0	11
9d4ea80b99bbd75e75fd181f32406543	0	0	0	0	0	11
b1027995a38f014f49774b4bb2ed7f9a	0	0	0	0	0	11
1d4def1ac4d091931b219103d35799a5	0	0	10	0	0	0
9b1555a8dcdc270da0defa8ec32e0d5f	0	0	0	0	10	0
b5b6de08c2595edaa5041529a6712844	0	0	0	0	0	10
d152e15cc40d331a90692676104a24f2	0	0	0	0	0	10
3c238cd8cb37d9a61a510c6b02df611c	0	0	0	0	0	10
fb710f76b80d21e40ae82a7204c08544	0	0	0	0	0	10
0ccd36e66a348a964a10d5ab5a966605	0	0	0	0	0	10
88d99b3cdbd8a98e208344eab040cf90	0	0	0	0	0	10
26aeaba78e30da728e2969d875086572	0	0	0	0	0	10
d9c2e74446b3a67005905c88c082589d	0	0	0	0	0	10
722b394b26d34936bc436e043b95a785	0	0	0	0	0	10
3278a8c37b212e4602934f40712243c4	0	0	0	0	0	10
62f34c510621f5843923550e45e03278	0	0	0	0	0	10
618815fab7e2db20438221b089ac4161	0	0	0	0	0	10
9930e659bce1a212712899a612fedb70	0	0	0	0	0	10
2cb2220df4abef1de019f41fd33d8630	0	0	0	0	0	10
fd0e2831c5a99a2b2f4d90ef06ab7588	0	0	0	0	0	10
838f8ba11ebf604dad7f226525b350a8	0	0	0	0	0	10
7af80017428849ce5faffbba3f4e0b13	0	0	0	0	0	10
d6d0e78859b8a6fe5b4ca541e63a574b	0	0	0	0	0	10
e7720adefbebe9b3fb42c7fcfa80c2e5	0	0	0	0	0	10
2e3a2e6ad3b3a40db2740b41a7f6c4fd	0	0	0	0	0	10
0ddb98abb0021ab5fc62b81564d90442	0	0	9	0	0	0
7d882a3566c8de922425a8ffb39f4934	0	0	9	0	0	0
d1fa4caad18b61e49ec63a296f9a3b43	0	0	9	0	0	0
89b2897d0120c53ff2caa1dcd94c9445	0	0	0	9	0	0
ea008b1831f84c6bf8fdcf6acc42ee98	0	0	0	0	0	9
01317b0729993ec1d9878c2ff1697f8e	0	0	0	0	0	9
3d598ea9c6fa7fbb379bbdf42f5ede0f	0	0	0	0	0	9
c1abebb6a7747b0d0a24d2add054912b	0	0	0	0	0	9
5c0a961d22b286583010051b27752e36	0	0	0	0	0	9
89b02a572e0d54d06ce09be1f1cc99b5	0	0	0	0	0	9
e3770a5c281a51b099b7680d3e133638	0	0	0	0	0	9
de1ffedad5fa43204fe25ac256692e44	0	0	0	0	0	9
5f57425302655a76a4ed11c407dc39ed	0	0	0	0	0	9
488e8b1fa8689b1f0689c60e486eb862	0	0	0	0	0	9
1e1d1f852bb846f9e250c311b59dd678	0	0	0	0	0	9
a0fe15c030e364621953809297feb841	0	0	0	0	0	9
d61f40fbb06fac2e906fde29cf00896a	0	0	0	0	0	9
de37de202a285d5536d6d5b8f23e17a0	0	0	0	0	0	9
6a3e39aed226f0c3255f803aae555f7f	0	0	0	0	0	9
564e28679bdeb0265010597cafeedfc0	0	0	0	0	0	9
cb803ce51595ad7e2cf08d0cbcaa4664	0	0	0	0	0	9
cc93b4710d3b8ed5609114edc1792f86	0	0	0	0	0	9
c39a568f76990f8d6b49a5d78b2c887a	0	0	0	0	0	9
c047bac06c375057a83b94eee320e31c	0	0	0	0	0	9
bfeb7090bda08577192459ce486eb03a	0	0	0	0	0	9
ddc61471a766ea7463f55b7c73267d1f	0	0	0	0	0	9
39abe161014328892c0a6871f284a7a2	0	0	0	0	0	9
c44bd3d3deee9e71661ea9e37d5a0bf7	0	0	0	0	0	9
0a16d65dff77e011d735889ef89d8b2e	0	0	8	0	0	0
b9f1b53a81adc4c32454fecbfcd65c84	0	0	8	0	0	0
9d9c828967b0f712c7cdc239ceeeef02	0	0	0	0	0	8
4fc5cc37fb13d116fe8cbafcd98daab9	0	0	0	0	0	8
3230b12ac502a5686157b41482728e25	0	0	0	0	0	8
4b5b75133241f6da979b8622263989a7	0	0	0	0	0	8
224625d9d81009c96293c7c3bcb88b28	0	0	0	0	0	8
54031ed6425bc2e22850909c6cf33123	0	0	0	0	0	8
68568943b9b2f40af55c677ec5ebf009	0	0	0	0	0	8
f54e18aec083a43aa02509b6d1102d22	0	0	0	0	0	8
e8b0a77bfae9157791dc09cd97525254	0	0	0	0	0	8
a0b30fa3d4f5b7d93671f0aaa6a15327	0	0	0	0	0	8
a479f9c1da80b6accae615a125035ed1	0	0	0	0	0	8
a9d456bad583aaf1495697920e1e9d7b	0	0	0	0	0	8
b6d05459a5c4a85c34ed196227f162ab	0	0	0	0	0	8
7342ad658e1f23de8f884581303ad77c	0	0	0	0	0	8
a5b04d865fad46dd6c6565fb79f691b9	0	0	0	0	0	8
c56e7e084dd8a10c70bce7d71556ed61	0	0	0	0	0	8
2a7c5043a7ab2a3c124a6b35e12c751c	0	0	7	0	0	0
d1a96ec1188719a42707180c4b36d5ca	0	0	0	7	0	0
627da86622f076d5fbe5396c13dcce22	0	0	0	0	0	7
128e19845e828039350e30ad93bfcb2e	0	0	0	0	0	7
0f92ac3fe05cfe9075d19e14f2afe6d9	0	0	0	0	0	7
effa1ca64f8103b8afd3e7b6c143917c	0	0	0	0	0	7
4a74e1de5f2e20ab13b50fb310de46cc	0	0	0	0	0	7
a3039f2d15c9fe7125499e08feb143c3	0	0	0	0	0	7
f5781099d158cdf6550ba604530c148f	0	0	0	0	0	7
cb5b53003e3852953b151b7d69460f1c	0	0	0	0	0	7
cae25189fdd5fb9f6a647ec6c59a4827	0	0	0	0	0	7
2ebcc9daecf94d7154666fc72311fced	0	0	0	0	0	7
805b1cd60fc0dd18830b933627e45baf	0	0	0	0	0	7
436ffc599f4e83ad694a5adb18a900d5	0	0	0	0	0	7
7635f7289defecbae7d184ad2267801b	0	0	0	0	0	7
8cfb107ddae1ed69aaeadd7100d9a42d	0	0	0	0	0	7
7f0e89d203a45651dec6cd74eab3811c	0	0	0	0	0	7
8a338e066ca4bb6050cb9b9b3bb25a56	0	0	0	0	0	7
d407947d60a13a54d22e6a38dc7cbf55	0	0	0	0	0	7
a2f0549df43076d382bb31d14d1aa3bf	0	0	0	0	0	7
2dcd8b067aba40bc22e4f2a42c58d8cc	0	0	0	0	0	7
288a296fcc8ad2ba669729a6bd5cd790	0	0	0	0	0	6
1c422153e629d60c54c6ff280a47b2fe	0	0	0	0	0	6
11881aca968d1d8dbe4f6bc8ba12f669	0	0	0	0	0	6
7ab2b1a666db968d2f25087b2454fec2	0	0	0	0	0	6
633bf18d7bfe704a2637cc150a923dde	0	0	0	0	0	6
8fc11a4260c73293629cb1118ac2e4a2	0	0	0	0	0	6
eb36b1353bf432a9264f9ff4330ba467	0	0	0	0	0	6
73fa750e91e7176dd08332644fbf79db	0	0	0	0	0	6
b545adaa744803c4acb303c858d2572e	0	0	0	0	0	6
23da01846fdd0b64db8f45f7e24c4710	0	0	0	0	0	6
68055d1c8c2a56cb8dad1b8e8a225304	0	0	0	0	0	6
2e2647f553d04dd288784d0997a7c0e4	0	0	0	0	0	6
1b6e40953f2e06c11291193ddfbb7b7e	0	0	0	0	0	6
350122976072742e2022892148ee2689	0	0	0	0	0	6
333bf343f3aea99276950be85199930a	0	0	0	0	0	6
952785fce5aac12ceeb6205c7f540012	0	0	0	0	0	6
99164ae19683891d5ebbffd8f14a93b1	0	0	0	0	0	6
8b436b90008e61c9a9ebe7498d6345ca	0	0	0	0	0	6
c6cacc3dee06d18448ade038ba330ad7	0	0	0	0	0	6
532f33488c0b57f022c949990b37fd55	0	0	0	0	0	6
cda98335ffb7a03a6fa029e86c58f6ce	0	0	0	0	0	6
8150b86d38c25e71107bf0ec64368cb0	0	0	0	0	0	6
eab81f041c684cbfd521b5345d09263e	0	0	0	0	0	6
52e65dba21e14988c489f7ead4908016	0	0	0	0	0	5
389707f38d72727ddf783381dde6178b	0	0	0	0	0	5
28721fb6229fc2595eb1efffbfb70048	0	0	0	0	0	5
f36421133e8b30871a684096bfcf4d57	0	0	0	0	0	5
24cf38fc77cd157a72e2efab2906cba3	0	0	0	0	0	5
faceae4d80bc587f318dce88ff739cbc	0	0	0	0	0	5
f5cff161f74d3dff23852fcba48120c7	0	0	0	0	0	5
06ecf9d1d07acd874db1cf3142ad8622	0	0	0	0	0	5
6a8d2ac70666252a5cc2d42cdbcdb765	0	0	0	0	0	5
8c495a9a78e2df2618b47bb5647aa051	0	0	0	0	0	5
4050be3fb982211bbedbbb32b99a9343	0	0	0	0	0	5
404623fa090e314c15377faa311a0bbc	0	0	0	0	0	5
8d92fd7a577412ab640a82e0bcb459b0	0	0	0	0	0	5
d3639312d08f406ddf3908bd0ed663fe	0	0	0	0	0	5
8bd6e53e9a3c891e8ea6a5ba9777887c	0	0	0	0	0	5
3a9d8c6e78faf3d51d3aa25407ef1d4e	0	0	0	0	0	5
478171bf63468fbfd3d64becae9ad5dd	0	0	0	0	0	5
af38657d791032ffcc837a9a35845fdf	0	0	0	0	0	5
7c93566afb10df88a6384050e74f2e41	0	0	0	0	0	5
54bf3c8041f90fd3a70a5028de065170	0	0	0	0	0	5
260611a4046b116161380464af5cfc67	0	0	0	0	0	5
deba6a56b2f009e06b9f1993f33a04b8	0	0	0	0	0	5
33fea40a6e081de027392e89ace7cd9a	0	4	0	0	0	0
7b7fd0b975c1ceedb04edd10ff36e3d7	0	0	0	0	0	4
2773d16dd3e850c677c0f47218f0caea	0	0	0	0	0	4
aeb9f5b6c92e80b955d710e3f2079b9f	0	0	0	0	0	4
de04ce6e68eb59fe4ebff0ad1fd9e2bb	0	0	0	0	0	4
31af5c1e3d4b375f53c97b20ee7b53f1	0	0	0	0	0	4
851c137d89117d5bd8cd3b971518448d	0	0	0	0	0	4
662d262726cd24e33bdbdd023584cb92	0	0	0	0	0	4
59b529c16cebe69fc54fc9eb483ebcf2	0	0	0	0	0	4
a7e8cabe9ff963edaece0567e5eceb2e	0	0	0	0	0	4
76d60a19daa49d8225790b78eb16d40c	0	0	0	0	0	4
7afcefbac3b69d09fc0c281c2a40f838	0	0	0	0	0	4
929be7a2095fc8de7ea45619a45ee27c	0	0	0	0	0	4
a7d697bb7fb08da8e63b9526b045c8cf	0	0	0	0	0	4
bdaad5a16ed69295dbe2e8c833628080	0	0	0	0	0	4
ff0524d8e815d15e8b4132856039ea06	0	0	0	0	0	4
62436f4492812d4ec381abb4a26a11e6	0	0	0	0	0	4
8442748e140e35c2b7633d58643ed5c9	0	0	0	0	0	4
0107a88f4d398fa4d12c046f5283b934	0	0	0	0	0	4
fe659966344ced0c9b50f193f0b567b3	0	0	0	0	0	4
32b42d8495edda57c7360ff3e5f10dda	0	0	0	0	0	4
88004876cfed8f22f962146e8ffc962b	0	0	0	0	0	4
64dfc6757dbcd190251b08765a92e6c4	0	0	0	0	0	4
775808344d63d00a5d9b17437342a9b7	0	0	0	0	0	4
62118246597b4fdea52ee118b1575670	0	0	0	0	0	4
0d600fb933fc95d2278be6f4e974528c	0	0	0	0	0	4
b2bf06bd666f59b138d0e25af48f11fd	0	0	0	0	0	4
40067ee4442519bdbc94cd1844c78858	0	0	0	0	0	4
0592d3073530c8dc70d540c27f523faf	0	0	0	0	0	4
893770ca4f08216d5918b3d61ac525f4	0	0	0	0	0	4
a7f39e3fd3e9ce923bc58b5fef326b34	0	0	0	0	0	4
dce0ccb9dea7582ed74309f422b9c8b1	0	0	0	0	0	4
3cd64f3f9d5e404388faccc601525ddd	0	0	0	0	0	4
4c4d721422c931d9d8da0fead025fd09	0	0	0	0	0	4
80e6226b69c3ca35549fd5e6dba4560a	3	0	0	0	0	0
508609d00bb6d1f190c24f76fcfcd2c6	0	3	0	0	0	0
df0ab6af7a277e9c140cc94b701d65e7	0	0	0	0	0	3
047bd6316feedf6a59d075b039e5820b	0	0	0	0	0	3
1501756c7a31b53c6ac2817a24c922d7	0	0	0	0	0	3
5aeec0363e3576b78aded7ab9c39089e	0	0	0	0	0	3
9bfea750cf34180b9a23d2b7ab896f28	0	0	0	0	0	3
9bf271dee00dbcdce6d6d0fd6ea27fc0	0	0	0	0	0	3
80aebdcacb243b6e313bd292442731d9	0	0	0	0	0	3
e3a27794b0d54fe1135b2bd6de2f0658	0	0	0	0	0	3
d7211e1a0111f3fd1016ba01e477274e	0	0	0	0	0	3
7db844b07b9ab68d1b8d0e894dbc7f19	0	0	0	0	0	3
a5a81ed81a275b802196aac0941d3c96	0	0	0	0	0	3
535c8c02337c8f2f0dbfe806b095d6df	0	0	0	0	0	3
2ba8faaac1d3f33bc402a7a22c1d922e	0	0	0	0	0	3
a321f990b4b48280b5f05b7b6b93c0f3	0	0	0	0	0	3
bbad5503c9515a30a2e2f6e9285fb5a5	0	0	0	0	0	3
87babcb0dfbba169392b96115cb483aa	0	0	0	0	0	3
537ebeb2cf1ae799b1e9d64e543e09f5	0	0	0	0	0	3
74cc12a9eb74f386f6c378adac996362	0	0	0	0	0	3
9223684380be87479c47b7fe0d3ffc24	0	0	0	0	0	3
1b2cdef6ca5e2f401b282e261aab8776	0	0	0	0	0	3
292aff145d53563f7656f1807573198f	0	0	0	0	0	3
7f6fff8615a95b6d33e270ccca7c637c	0	0	0	0	0	3
8fe6d06eb5ad4af1b87b5d74e467e32a	0	0	0	0	0	3
1dbc963cc973bd0f0103f0731aa5493c	0	0	0	0	0	3
52e30739805893cfbf3915e3c0139a8a	0	0	0	0	0	3
0df81e63541b72eb283dac0450d6b474	0	0	0	0	0	3
2ad4eb2c54341485e81fc6de76bdaca9	0	0	0	0	0	3
929efa526aabdcaf3e82970d13ea0f04	0	0	0	0	0	3
256f2c72e8b1baeef05de25b04dc78fe	0	0	0	0	0	3
dffd9669ee6f8d5f9559cec6a5be019d	0	0	0	0	0	3
c740b104eaee99c43b41ef638dd6f263	0	0	0	0	0	3
36067ac152ae6685b8d24a122351c109	0	0	0	0	0	3
8faa8c57f52c15f39e2a33823a7e3558	2	0	0	0	0	0
f21732bf155004ea7e64eab5354dc9cd	0	2	0	0	0	0
e1c4d05d8b6fd39bb5ca13959b140f92	0	2	0	0	0	0
9dc899f21543dead4b5e65ac4827eb5b	0	0	0	0	0	2
3ff89d2613ad4c23b9e0c7dce1efeb8d	0	0	0	0	0	2
cea679f2c45e986237558817a23bd422	0	0	0	0	0	2
a8e92db9e166c8484f240cc8600c5a19	0	0	0	0	0	2
b6edcbd08f39d3de2a9266c7536bf029	0	0	0	0	0	2
3336b0b7a76aa17da47823f6b744ffe8	0	0	0	0	0	2
57ad79d22004e357bf1e79effd008dd9	0	0	0	0	0	2
71c4cb8a372a38517c4a9081899e6c13	0	0	0	0	0	2
1b76a54592ce6b6472d8c0f5cd135db6	0	0	0	0	0	2
710ea42403fe48e60f322282678c56c8	0	0	0	0	0	2
2fd94a65144c9db8a1d2025abcabae79	0	0	0	0	0	2
a3fafe0d595a729bdcf532819f05f14e	0	0	0	0	0	2
a96a44b7b5ac155a87d520b192c93c6e	0	0	0	0	0	2
0c3a68af85e06502ef36aae5b7b0adb3	0	0	0	0	0	2
a0c8582b58e5b1e816961fcccf3eada7	0	0	0	0	0	2
5e67b411630f25ad3ff11162ca61362a	0	0	0	0	0	2
89c9a0dae7a2f8631165871e12e9e89b	0	0	0	0	0	2
81956dec45109efffddeb0e6e34b8e1e	0	0	0	0	0	2
06ccfff86fb96220c0b87435a34074a2	0	0	0	0	0	1
8e2efed088e22c5786e3b19ad7902538	0	0	0	0	0	1
36943e476d357be6fe657db20a80166f	0	0	0	0	0	1
2ea1ba5f19d54a04873abdca5a4de57e	0	0	0	0	0	1
