run_accession	sample_accession	sample_title	library_name	instrument_model	read_count	base_count	lat	lon	country	fastq_ftp	fastq_bytes	desert	bioproject
SRR5839038	SAMN07367689	MIMS Environmental/Metagenome sample from soil metagenome		Illumina MiSeq	36190	9997700	44.61742777	83.1616	China:Gurbantunggut Desert	ftp.sra.ebi.ac.uk/vol1/fastq/SRR583/008/SRR5839038/SRR5839038.fastq.gz	3416762	Gurbantunggut	PRJNA376617
SRR5839146	SAMN07367689	MIMS Environmental/Metagenome sample from soil metagenome		Illumina MiSeq	38368	10596317	44.61742777	83.1616	China:Gurbantunggut Desert	ftp.sra.ebi.ac.uk/vol1/fastq/SRR583/006/SRR5839146/SRR5839146.fastq.gz	3575795	Gurbantunggut	PRJNA376617
SRR5839150	SAMN07367689	MIMS Environmental/Metagenome sample from soil metagenome		Illumina MiSeq	30855	8520395	44.61742777	83.1616	China:Gurbantunggut Desert	ftp.sra.ebi.ac.uk/vol1/fastq/SRR583/000/SRR5839150/SRR5839150.fastq.gz	2907833	Gurbantunggut	PRJNA376617
SRR5839152	SAMN07367689	MIMS Environmental/Metagenome sample from soil metagenome		Illumina MiSeq	37578	10377341	44.61742777	83.1616	China:Gurbantunggut Desert	ftp.sra.ebi.ac.uk/vol1/fastq/SRR583/002/SRR5839152/SRR5839152.fastq.gz	3415799	Gurbantunggut	PRJNA376617
SRR5839154	SAMN07367689	MIMS Environmental/Metagenome sample from soil metagenome		Illumina MiSeq	32866	9075806	44.61742777	83.1616	China:Gurbantunggut Desert	ftp.sra.ebi.ac.uk/vol1/fastq/SRR583/004/SRR5839154/SRR5839154.fastq.gz	3078255	Gurbantunggut	PRJNA376617
SRR5839232	SAMN07367689	MIMS Environmental/Metagenome sample from soil metagenome		Illumina MiSeq	39902	11019817	44.61742777	83.1616	China:Gurbantunggut Desert	ftp.sra.ebi.ac.uk/vol1/fastq/SRR583/002/SRR5839232/SRR5839232.fastq.gz	3720907	Gurbantunggut	PRJNA376617
SRR5839236	SAMN07367689	MIMS Environmental/Metagenome sample from soil metagenome		Illumina MiSeq	30628	8457786	44.61742777	83.1616	China:Gurbantunggut Desert	ftp.sra.ebi.ac.uk/vol1/fastq/SRR583/006/SRR5839236/SRR5839236.fastq.gz	2957662	Gurbantunggut	PRJNA376617
SRR5839237	SAMN07367689	MIMS Environmental/Metagenome sample from soil metagenome		Illumina MiSeq	38281	10573486	44.61742777	83.1616	China:Gurbantunggut Desert	ftp.sra.ebi.ac.uk/vol1/fastq/SRR583/007/SRR5839237/SRR5839237.fastq.gz	3676095	Gurbantunggut	PRJNA376617
SRR5839241	SAMN07367689	MIMS Environmental/Metagenome sample from soil metagenome		Illumina MiSeq	40958	11309467	44.61742777	83.1616	China:Gurbantunggut Desert	ftp.sra.ebi.ac.uk/vol1/fastq/SRR583/001/SRR5839241/SRR5839241.fastq.gz	3807798	Gurbantunggut	PRJNA376617
SRR5839247	SAMN07367689	MIMS Environmental/Metagenome sample from soil metagenome		Illumina MiSeq	35985	9936190	44.61742777	83.1616	China:Gurbantunggut Desert	ftp.sra.ebi.ac.uk/vol1/fastq/SRR583/007/SRR5839247/SRR5839247.fastq.gz	3269993	Gurbantunggut	PRJNA376617
SRR5839250	SAMN07367689	MIMS Environmental/Metagenome sample from soil metagenome		Illumina MiSeq	34371	9490508	44.61742777	83.1616	China:Gurbantunggut Desert	ftp.sra.ebi.ac.uk/vol1/fastq/SRR583/000/SRR5839250/SRR5839250.fastq.gz	3235529	Gurbantunggut	PRJNA376617
SRR5839251	SAMN07367689	MIMS Environmental/Metagenome sample from soil metagenome		Illumina MiSeq	31257	8631007	44.61742777	83.1616	China:Gurbantunggut Desert	ftp.sra.ebi.ac.uk/vol1/fastq/SRR583/001/SRR5839251/SRR5839251.fastq.gz	3042375	Gurbantunggut	PRJNA376617
SRR5839253	SAMN07367689	MIMS Environmental/Metagenome sample from soil metagenome		Illumina MiSeq	34059	9406245	44.61742777	83.1616	China:Gurbantunggut Desert	ftp.sra.ebi.ac.uk/vol1/fastq/SRR583/003/SRR5839253/SRR5839253.fastq.gz	3195090	Gurbantunggut	PRJNA376617
SRR5839255	SAMN07367689	MIMS Environmental/Metagenome sample from soil metagenome		Illumina MiSeq	36302	10024144	44.61742777	83.1616	China:Gurbantunggut Desert	ftp.sra.ebi.ac.uk/vol1/fastq/SRR583/005/SRR5839255/SRR5839255.fastq.gz	3468209	Gurbantunggut	PRJNA376617
SRR5839257	SAMN07367689	MIMS Environmental/Metagenome sample from soil metagenome		Illumina MiSeq	44973	12418115	44.61742777	83.1616	China:Gurbantunggut Desert	ftp.sra.ebi.ac.uk/vol1/fastq/SRR583/007/SRR5839257/SRR5839257.fastq.gz	4139282	Gurbantunggut	PRJNA376617
SRR5839264	SAMN07367689	MIMS Environmental/Metagenome sample from soil metagenome		Illumina MiSeq	37838	10450911	44.61742777	83.1616	China:Gurbantunggut Desert	ftp.sra.ebi.ac.uk/vol1/fastq/SRR583/004/SRR5839264/SRR5839264.fastq.gz	3514902	Gurbantunggut	PRJNA376617
SRR5839265	SAMN07367689	MIMS Environmental/Metagenome sample from soil metagenome		Illumina MiSeq	34215	9449306	44.61742777	83.1616	China:Gurbantunggut Desert	ftp.sra.ebi.ac.uk/vol1/fastq/SRR583/005/SRR5839265/SRR5839265.fastq.gz	3234745	Gurbantunggut	PRJNA376617
SRR5838954	SAMN07367689	MIMS Environmental/Metagenome sample from soil metagenome		Illumina MiSeq	40139	11085234	44.61742777	83.1616	China:Gurbantunggut Desert	ftp.sra.ebi.ac.uk/vol1/fastq/SRR583/004/SRR5838954/SRR5838954.fastq.gz	3903059	Gurbantunggut	PRJNA376617
SRR5839281	SAMN07367689	MIMS Environmental/Metagenome sample from soil metagenome		Illumina MiSeq	37089	10243931	44.61742777	83.1616	China:Gurbantunggut Desert	ftp.sra.ebi.ac.uk/vol1/fastq/SRR583/001/SRR5839281/SRR5839281.fastq.gz	3664349	Gurbantunggut	PRJNA376617
SRR5839283	SAMN07367689	MIMS Environmental/Metagenome sample from soil metagenome		Illumina MiSeq	43701	12068233	44.61742777	83.1616	China:Gurbantunggut Desert	ftp.sra.ebi.ac.uk/vol1/fastq/SRR583/003/SRR5839283/SRR5839283.fastq.gz	4035171	Gurbantunggut	PRJNA376617
SRR5839032	SAMN07367689	MIMS Environmental/Metagenome sample from soil metagenome		Illumina MiSeq	40685	11233939	44.61742777	83.1616	China:Gurbantunggut Desert	ftp.sra.ebi.ac.uk/vol1/fastq/SRR583/002/SRR5839032/SRR5839032.fastq.gz	3760701	Gurbantunggut	PRJNA376617
SRR5839284	SAMN07367689	MIMS Environmental/Metagenome sample from soil metagenome		Illumina MiSeq	34229	9453825	44.61742777	83.1616	China:Gurbantunggut Desert	ftp.sra.ebi.ac.uk/vol1/fastq/SRR583/004/SRR5839284/SRR5839284.fastq.gz	3165684	Gurbantunggut	PRJNA376617
SRR5839287	SAMN07367689	MIMS Environmental/Metagenome sample from soil metagenome		Illumina MiSeq	32069	8858010	44.61742777	83.1616	China:Gurbantunggut Desert	ftp.sra.ebi.ac.uk/vol1/fastq/SRR583/007/SRR5839287/SRR5839287.fastq.gz	3081299	Gurbantunggut	PRJNA376617
SRR5839147	SAMN07367689	MIMS Environmental/Metagenome sample from soil metagenome		Illumina MiSeq	38191	10546465	44.61742777	83.1616	China:Gurbantunggut Desert	ftp.sra.ebi.ac.uk/vol1/fastq/SRR583/007/SRR5839147/SRR5839147.fastq.gz	3505032	Gurbantunggut	PRJNA376617
SRR5839288	SAMN07367689	MIMS Environmental/Metagenome sample from soil metagenome		Illumina MiSeq	36324	10029775	44.61742777	83.1616	China:Gurbantunggut Desert	ftp.sra.ebi.ac.uk/vol1/fastq/SRR583/008/SRR5839288/SRR5839288.fastq.gz	3388155	Gurbantunggut	PRJNA376617
SRR5839297	SAMN07367689	MIMS Environmental/Metagenome sample from soil metagenome		Illumina MiSeq	37393	10326411	44.61742777	83.1616	China:Gurbantunggut Desert	ftp.sra.ebi.ac.uk/vol1/fastq/SRR583/007/SRR5839297/SRR5839297.fastq.gz	3688976	Gurbantunggut	PRJNA376617
SRR5839149	SAMN07367689	MIMS Environmental/Metagenome sample from soil metagenome		Illumina MiSeq	37333	10309674	44.61742777	83.1616	China:Gurbantunggut Desert	ftp.sra.ebi.ac.uk/vol1/fastq/SRR583/009/SRR5839149/SRR5839149.fastq.gz	3344733	Gurbantunggut	PRJNA376617
SRR5839153	SAMN07367689	MIMS Environmental/Metagenome sample from soil metagenome		Illumina MiSeq	44749	12356015	44.61742777	83.1616	China:Gurbantunggut Desert	ftp.sra.ebi.ac.uk/vol1/fastq/SRR583/003/SRR5839153/SRR5839153.fastq.gz	4210873	Gurbantunggut	PRJNA376617
SRR5839298	SAMN07367689	MIMS Environmental/Metagenome sample from soil metagenome		Illumina MiSeq	40501	11184467	44.61742777	83.1616	China:Gurbantunggut Desert	ftp.sra.ebi.ac.uk/vol1/fastq/SRR583/008/SRR5839298/SRR5839298.fastq.gz	3880630	Gurbantunggut	PRJNA376617
SRR5839234	SAMN07367689	MIMS Environmental/Metagenome sample from soil metagenome		Illumina MiSeq	38247	10562512	44.61742777	83.1616	China:Gurbantunggut Desert	ftp.sra.ebi.ac.uk/vol1/fastq/SRR583/004/SRR5839234/SRR5839234.fastq.gz	3673753	Gurbantunggut	PRJNA376617
SRR5839235	SAMN07367689	MIMS Environmental/Metagenome sample from soil metagenome		Illumina MiSeq	32130	8870718	44.61742777	83.1616	China:Gurbantunggut Desert	ftp.sra.ebi.ac.uk/vol1/fastq/SRR583/005/SRR5839235/SRR5839235.fastq.gz	2917545	Gurbantunggut	PRJNA376617
SRR5839303	SAMN07367689	MIMS Environmental/Metagenome sample from soil metagenome		Illumina MiSeq	39549	10919544	44.61742777	83.1616	China:Gurbantunggut Desert	ftp.sra.ebi.ac.uk/vol1/fastq/SRR583/003/SRR5839303/SRR5839303.fastq.gz	3752216	Gurbantunggut	PRJNA376617
SRR5839309	SAMN07367689	MIMS Environmental/Metagenome sample from soil metagenome		Illumina MiSeq	40987	11317986	44.61742777	83.1616	China:Gurbantunggut Desert	ftp.sra.ebi.ac.uk/vol1/fastq/SRR583/009/SRR5839309/SRR5839309.fastq.gz	3825068	Gurbantunggut	PRJNA376617
SRR5839238	SAMN07367689	MIMS Environmental/Metagenome sample from soil metagenome		Illumina MiSeq	34284	9466422	44.61742777	83.1616	China:Gurbantunggut Desert	ftp.sra.ebi.ac.uk/vol1/fastq/SRR583/008/SRR5839238/SRR5839238.fastq.gz	3164079	Gurbantunggut	PRJNA376617
SRR5839313	SAMN07367689	MIMS Environmental/Metagenome sample from soil metagenome		Illumina MiSeq	36361	10041707	44.61742777	83.1616	China:Gurbantunggut Desert	ftp.sra.ebi.ac.uk/vol1/fastq/SRR583/003/SRR5839313/SRR5839313.fastq.gz	3333079	Gurbantunggut	PRJNA376617
SRR5839240	SAMN07367689	MIMS Environmental/Metagenome sample from soil metagenome		Illumina MiSeq	40050	11059689	44.61742777	83.1616	China:Gurbantunggut Desert	ftp.sra.ebi.ac.uk/vol1/fastq/SRR583/000/SRR5839240/SRR5839240.fastq.gz	3952747	Gurbantunggut	PRJNA376617
SRR5839314	SAMN07367689	MIMS Environmental/Metagenome sample from soil metagenome		Illumina MiSeq	43482	12017726	44.61742777	83.1616	China:Gurbantunggut Desert	ftp.sra.ebi.ac.uk/vol1/fastq/SRR583/004/SRR5839314/SRR5839314.fastq.gz	3884096	Gurbantunggut	PRJNA376617
SRR5839316	SAMN07367689	MIMS Environmental/Metagenome sample from soil metagenome		Illumina MiSeq	35868	9908472	44.61742777	83.1616	China:Gurbantunggut Desert	ftp.sra.ebi.ac.uk/vol1/fastq/SRR583/006/SRR5839316/SRR5839316.fastq.gz	3342773	Gurbantunggut	PRJNA376617
SRR5839243	SAMN07367689	MIMS Environmental/Metagenome sample from soil metagenome		Illumina MiSeq	39317	10855632	44.61742777	83.1616	China:Gurbantunggut Desert	ftp.sra.ebi.ac.uk/vol1/fastq/SRR583/003/SRR5839243/SRR5839243.fastq.gz	3662338	Gurbantunggut	PRJNA376617
SRR5839319	SAMN07367689	MIMS Environmental/Metagenome sample from soil metagenome		Illumina MiSeq	39967	11034643	44.61742777	83.1616	China:Gurbantunggut Desert	ftp.sra.ebi.ac.uk/vol1/fastq/SRR583/009/SRR5839319/SRR5839319.fastq.gz	3688395	Gurbantunggut	PRJNA376617
SRR5839322	SAMN07367689	MIMS Environmental/Metagenome sample from soil metagenome		Illumina MiSeq	44863	12385611	44.61742777	83.1616	China:Gurbantunggut Desert	ftp.sra.ebi.ac.uk/vol1/fastq/SRR583/002/SRR5839322/SRR5839322.fastq.gz	4030581	Gurbantunggut	PRJNA376617
SRR5839244	SAMN07367689	MIMS Environmental/Metagenome sample from soil metagenome		Illumina MiSeq	39177	10816607	44.61742777	83.1616	China:Gurbantunggut Desert	ftp.sra.ebi.ac.uk/vol1/fastq/SRR583/004/SRR5839244/SRR5839244.fastq.gz	3630802	Gurbantunggut	PRJNA376617
SRR5839245	SAMN07367689	MIMS Environmental/Metagenome sample from soil metagenome		Illumina MiSeq	41857	11555983	44.61742777	83.1616	China:Gurbantunggut Desert	ftp.sra.ebi.ac.uk/vol1/fastq/SRR583/005/SRR5839245/SRR5839245.fastq.gz	3851155	Gurbantunggut	PRJNA376617
SRR5839323	SAMN07367689	MIMS Environmental/Metagenome sample from soil metagenome		Illumina MiSeq	37871	10457256	44.61742777	83.1616	China:Gurbantunggut Desert	ftp.sra.ebi.ac.uk/vol1/fastq/SRR583/003/SRR5839323/SRR5839323.fastq.gz	3399849	Gurbantunggut	PRJNA376617
SRR5839246	SAMN07367689	MIMS Environmental/Metagenome sample from soil metagenome		Illumina MiSeq	33033	9120750	44.61742777	83.1616	China:Gurbantunggut Desert	ftp.sra.ebi.ac.uk/vol1/fastq/SRR583/006/SRR5839246/SRR5839246.fastq.gz	3088930	Gurbantunggut	PRJNA376617
SRR5839261	SAMN07367689	MIMS Environmental/Metagenome sample from soil metagenome		Illumina MiSeq	43865	12115567	44.61742777	83.1616	China:Gurbantunggut Desert	ftp.sra.ebi.ac.uk/vol1/fastq/SRR583/001/SRR5839261/SRR5839261.fastq.gz	4200830	Gurbantunggut	PRJNA376617
SRR5839337	SAMN07367689	MIMS Environmental/Metagenome sample from soil metagenome		Illumina MiSeq	39726	10973488	44.61742777	83.1616	China:Gurbantunggut Desert	ftp.sra.ebi.ac.uk/vol1/fastq/SRR583/007/SRR5839337/SRR5839337.fastq.gz	3795906	Gurbantunggut	PRJNA376617
SRR5839338	SAMN07367689	MIMS Environmental/Metagenome sample from soil metagenome		Illumina MiSeq	36455	10066051	44.61742777	83.1616	China:Gurbantunggut Desert	ftp.sra.ebi.ac.uk/vol1/fastq/SRR583/008/SRR5839338/SRR5839338.fastq.gz	3554681	Gurbantunggut	PRJNA376617
SRR5839263	SAMN07367689	MIMS Environmental/Metagenome sample from soil metagenome		Illumina MiSeq	35149	9707146	44.61742777	83.1616	China:Gurbantunggut Desert	ftp.sra.ebi.ac.uk/vol1/fastq/SRR583/003/SRR5839263/SRR5839263.fastq.gz	3315375	Gurbantunggut	PRJNA376617
SRR5839342	SAMN07367689	MIMS Environmental/Metagenome sample from soil metagenome		Illumina MiSeq	32838	9068456	44.61742777	83.1616	China:Gurbantunggut Desert	ftp.sra.ebi.ac.uk/vol1/fastq/SRR583/002/SRR5839342/SRR5839342.fastq.gz	3214033	Gurbantunggut	PRJNA376617
SRR5839344	SAMN07367689	MIMS Environmental/Metagenome sample from soil metagenome		Illumina MiSeq	43192	11926222	44.61742777	83.1616	China:Gurbantunggut Desert	ftp.sra.ebi.ac.uk/vol1/fastq/SRR583/004/SRR5839344/SRR5839344.fastq.gz	3994103	Gurbantunggut	PRJNA376617
SRR5839278	SAMN07367689	MIMS Environmental/Metagenome sample from soil metagenome		Illumina MiSeq	36786	10157147	44.61742777	83.1616	China:Gurbantunggut Desert	ftp.sra.ebi.ac.uk/vol1/fastq/SRR583/008/SRR5839278/SRR5839278.fastq.gz	3194492	Gurbantunggut	PRJNA376617
SRR5839279	SAMN07367689	MIMS Environmental/Metagenome sample from soil metagenome		Illumina MiSeq	33597	9278731	44.61742777	83.1616	China:Gurbantunggut Desert	ftp.sra.ebi.ac.uk/vol1/fastq/SRR583/009/SRR5839279/SRR5839279.fastq.gz	3091831	Gurbantunggut	PRJNA376617
SRR5839351	SAMN07367689	MIMS Environmental/Metagenome sample from soil metagenome		Illumina MiSeq	35799	9884227	44.61742777	83.1616	China:Gurbantunggut Desert	ftp.sra.ebi.ac.uk/vol1/fastq/SRR583/001/SRR5839351/SRR5839351.fastq.gz	3376218	Gurbantunggut	PRJNA376617
SRR5839280	SAMN07367689	MIMS Environmental/Metagenome sample from soil metagenome		Illumina MiSeq	34650	9568879	44.61742777	83.1616	China:Gurbantunggut Desert	ftp.sra.ebi.ac.uk/vol1/fastq/SRR583/000/SRR5839280/SRR5839280.fastq.gz	3292243	Gurbantunggut	PRJNA376617
SRR5839295	SAMN07367689	MIMS Environmental/Metagenome sample from soil metagenome		Illumina MiSeq	34714	9586538	44.61742777	83.1616	China:Gurbantunggut Desert	ftp.sra.ebi.ac.uk/vol1/fastq/SRR583/005/SRR5839295/SRR5839295.fastq.gz	3257413	Gurbantunggut	PRJNA376617
SRR5839296	SAMN07367689	MIMS Environmental/Metagenome sample from soil metagenome		Illumina MiSeq	41508	11467510	44.61742777	83.1616	China:Gurbantunggut Desert	ftp.sra.ebi.ac.uk/vol1/fastq/SRR583/006/SRR5839296/SRR5839296.fastq.gz	3973084	Gurbantunggut	PRJNA376617
SRR5839308	SAMN07367689	MIMS Environmental/Metagenome sample from soil metagenome		Illumina MiSeq	43574	12032755	44.61742777	83.1616	China:Gurbantunggut Desert	ftp.sra.ebi.ac.uk/vol1/fastq/SRR583/008/SRR5839308/SRR5839308.fastq.gz	4069533	Gurbantunggut	PRJNA376617
SRR5839311	SAMN07367689	MIMS Environmental/Metagenome sample from soil metagenome		Illumina MiSeq	37399	10327916	44.61742777	83.1616	China:Gurbantunggut Desert	ftp.sra.ebi.ac.uk/vol1/fastq/SRR583/001/SRR5839311/SRR5839311.fastq.gz	3488078	Gurbantunggut	PRJNA376617
SRR5839315	SAMN07367689	MIMS Environmental/Metagenome sample from soil metagenome		Illumina MiSeq	30254	8357977	44.61742777	83.1616	China:Gurbantunggut Desert	ftp.sra.ebi.ac.uk/vol1/fastq/SRR583/005/SRR5839315/SRR5839315.fastq.gz	2815154	Gurbantunggut	PRJNA376617
SRR5839320	SAMN07367689	MIMS Environmental/Metagenome sample from soil metagenome		Illumina MiSeq	44771	12361176	44.61742777	83.1616	China:Gurbantunggut Desert	ftp.sra.ebi.ac.uk/vol1/fastq/SRR583/000/SRR5839320/SRR5839320.fastq.gz	4127525	Gurbantunggut	PRJNA376617
SRR5839324	SAMN07367689	MIMS Environmental/Metagenome sample from soil metagenome		Illumina MiSeq	33877	9353115	44.61742777	83.1616	China:Gurbantunggut Desert	ftp.sra.ebi.ac.uk/vol1/fastq/SRR583/004/SRR5839324/SRR5839324.fastq.gz	3183978	Gurbantunggut	PRJNA376617
SRR5839326	SAMN07367689	MIMS Environmental/Metagenome sample from soil metagenome		Illumina MiSeq	30097	8309347	44.61742777	83.1616	China:Gurbantunggut Desert	ftp.sra.ebi.ac.uk/vol1/fastq/SRR583/006/SRR5839326/SRR5839326.fastq.gz	2748469	Gurbantunggut	PRJNA376617
SRR5839328	SAMN07367689	MIMS Environmental/Metagenome sample from soil metagenome		Illumina MiSeq	38819	10718607	44.61742777	83.1616	China:Gurbantunggut Desert	ftp.sra.ebi.ac.uk/vol1/fastq/SRR583/008/SRR5839328/SRR5839328.fastq.gz	3635296	Gurbantunggut	PRJNA376617
SRR5839334	SAMN07367689	MIMS Environmental/Metagenome sample from soil metagenome		Illumina MiSeq	31776	8776523	44.61742777	83.1616	China:Gurbantunggut Desert	ftp.sra.ebi.ac.uk/vol1/fastq/SRR583/004/SRR5839334/SRR5839334.fastq.gz	3085161	Gurbantunggut	PRJNA376617
SRR5839335	SAMN07367689	MIMS Environmental/Metagenome sample from soil metagenome		Illumina MiSeq	40933	11304905	44.61742777	83.1616	China:Gurbantunggut Desert	ftp.sra.ebi.ac.uk/vol1/fastq/SRR583/005/SRR5839335/SRR5839335.fastq.gz	3707791	Gurbantunggut	PRJNA376617
SRR5839336	SAMN07367689	MIMS Environmental/Metagenome sample from soil metagenome		Illumina MiSeq	31354	8661975	44.61742777	83.1616	China:Gurbantunggut Desert	ftp.sra.ebi.ac.uk/vol1/fastq/SRR583/006/SRR5839336/SRR5839336.fastq.gz	2935318	Gurbantunggut	PRJNA376617
SRR5839339	SAMN07367689	MIMS Environmental/Metagenome sample from soil metagenome		Illumina MiSeq	34863	9627026	44.61742777	83.1616	China:Gurbantunggut Desert	ftp.sra.ebi.ac.uk/vol1/fastq/SRR583/009/SRR5839339/SRR5839339.fastq.gz	3295139	Gurbantunggut	PRJNA376617
SRR5839343	SAMN07367689	MIMS Environmental/Metagenome sample from soil metagenome		Illumina MiSeq	33897	9363034	44.61742777	83.1616	China:Gurbantunggut Desert	ftp.sra.ebi.ac.uk/vol1/fastq/SRR583/003/SRR5839343/SRR5839343.fastq.gz	3178271	Gurbantunggut	PRJNA376617
SRR5839348	SAMN07367689	MIMS Environmental/Metagenome sample from soil metagenome		Illumina MiSeq	31700	8753394	44.61742777	83.1616	China:Gurbantunggut Desert	ftp.sra.ebi.ac.uk/vol1/fastq/SRR583/008/SRR5839348/SRR5839348.fastq.gz	3122605	Gurbantunggut	PRJNA376617
SRR5839350	SAMN07367689	MIMS Environmental/Metagenome sample from soil metagenome		Illumina MiSeq	36507	10078789	44.61742777	83.1616	China:Gurbantunggut Desert	ftp.sra.ebi.ac.uk/vol1/fastq/SRR583/000/SRR5839350/SRR5839350.fastq.gz	3490201	Gurbantunggut	PRJNA376617
SRR5839352	SAMN07367689	MIMS Environmental/Metagenome sample from soil metagenome		Illumina MiSeq	31261	8633177	44.61742777	83.1616	China:Gurbantunggut Desert	ftp.sra.ebi.ac.uk/vol1/fastq/SRR583/002/SRR5839352/SRR5839352.fastq.gz	2835766	Gurbantunggut	PRJNA376617
SRR5839035	SAMN07367689	MIMS Environmental/Metagenome sample from soil metagenome		Illumina MiSeq	37478	10348623	44.61742777	83.1616	China:Gurbantunggut Desert	ftp.sra.ebi.ac.uk/vol1/fastq/SRR583/005/SRR5839035/SRR5839035.fastq.gz	3621164	Gurbantunggut	PRJNA376617
SRR5839036	SAMN07367689	MIMS Environmental/Metagenome sample from soil metagenome		Illumina MiSeq	36949	10201466	44.61742777	83.1616	China:Gurbantunggut Desert	ftp.sra.ebi.ac.uk/vol1/fastq/SRR583/006/SRR5839036/SRR5839036.fastq.gz	3560127	Gurbantunggut	PRJNA376617
SRR5839037	SAMN07367689	MIMS Environmental/Metagenome sample from soil metagenome		Illumina MiSeq	31647	8740488	44.61742777	83.1616	China:Gurbantunggut Desert	ftp.sra.ebi.ac.uk/vol1/fastq/SRR583/007/SRR5839037/SRR5839037.fastq.gz	3018431	Gurbantunggut	PRJNA376617
SRR5839040	SAMN07367689	MIMS Environmental/Metagenome sample from soil metagenome		Illumina MiSeq	42402	11713669	44.61742777	83.1616	China:Gurbantunggut Desert	ftp.sra.ebi.ac.uk/vol1/fastq/SRR583/000/SRR5839040/SRR5839040.fastq.gz	4094922	Gurbantunggut	PRJNA376617
SRR5839144	SAMN07367689	MIMS Environmental/Metagenome sample from soil metagenome		Illumina MiSeq	40934	11307534	44.61742777	83.1616	China:Gurbantunggut Desert	ftp.sra.ebi.ac.uk/vol1/fastq/SRR583/004/SRR5839144/SRR5839144.fastq.gz	4157694	Gurbantunggut	PRJNA376617
SRR5839145	SAMN07367689	MIMS Environmental/Metagenome sample from soil metagenome		Illumina MiSeq	40935	11306227	44.61742777	83.1616	China:Gurbantunggut Desert	ftp.sra.ebi.ac.uk/vol1/fastq/SRR583/005/SRR5839145/SRR5839145.fastq.gz	4014769	Gurbantunggut	PRJNA376617
SRR5839151	SAMN07367689	MIMS Environmental/Metagenome sample from soil metagenome		Illumina MiSeq	41781	11537644	44.61742777	83.1616	China:Gurbantunggut Desert	ftp.sra.ebi.ac.uk/vol1/fastq/SRR583/001/SRR5839151/SRR5839151.fastq.gz	3965773	Gurbantunggut	PRJNA376617
SRR5839215	SAMN07367689	MIMS Environmental/Metagenome sample from soil metagenome		Illumina MiSeq	41655	11501974	44.61742777	83.1616	China:Gurbantunggut Desert	ftp.sra.ebi.ac.uk/vol1/fastq/SRR583/005/SRR5839215/SRR5839215.fastq.gz	3803163	Gurbantunggut	PRJNA376617
SRR5839216	SAMN07367689	MIMS Environmental/Metagenome sample from soil metagenome		Illumina MiSeq	38800	10713531	44.61742777	83.1616	China:Gurbantunggut Desert	ftp.sra.ebi.ac.uk/vol1/fastq/SRR583/006/SRR5839216/SRR5839216.fastq.gz	3554981	Gurbantunggut	PRJNA376617
SRR5839217	SAMN07367689	MIMS Environmental/Metagenome sample from soil metagenome		Illumina MiSeq	33352	9208192	44.61742777	83.1616	China:Gurbantunggut Desert	ftp.sra.ebi.ac.uk/vol1/fastq/SRR583/007/SRR5839217/SRR5839217.fastq.gz	3132353	Gurbantunggut	PRJNA376617
SRR5839218	SAMN07367689	MIMS Environmental/Metagenome sample from soil metagenome		Illumina MiSeq	32988	9108648	44.61742777	83.1616	China:Gurbantunggut Desert	ftp.sra.ebi.ac.uk/vol1/fastq/SRR583/008/SRR5839218/SRR5839218.fastq.gz	3042682	Gurbantunggut	PRJNA376617
SRR5839239	SAMN07367689	MIMS Environmental/Metagenome sample from soil metagenome		Illumina MiSeq	43973	12142760	44.61742777	83.1616	China:Gurbantunggut Desert	ftp.sra.ebi.ac.uk/vol1/fastq/SRR583/009/SRR5839239/SRR5839239.fastq.gz	4334376	Gurbantunggut	PRJNA376617
SRR5839242	SAMN07367689	MIMS Environmental/Metagenome sample from soil metagenome		Illumina MiSeq	36860	10177709	44.61742777	83.1616	China:Gurbantunggut Desert	ftp.sra.ebi.ac.uk/vol1/fastq/SRR583/002/SRR5839242/SRR5839242.fastq.gz	3525533	Gurbantunggut	PRJNA376617
SRR5839248	SAMN07367689	MIMS Environmental/Metagenome sample from soil metagenome		Illumina MiSeq	39419	10882802	44.61742777	83.1616	China:Gurbantunggut Desert	ftp.sra.ebi.ac.uk/vol1/fastq/SRR583/008/SRR5839248/SRR5839248.fastq.gz	3630222	Gurbantunggut	PRJNA376617
SRR5839249	SAMN07367689	MIMS Environmental/Metagenome sample from soil metagenome		Illumina MiSeq	43624	12046574	44.61742777	83.1616	China:Gurbantunggut Desert	ftp.sra.ebi.ac.uk/vol1/fastq/SRR583/009/SRR5839249/SRR5839249.fastq.gz	4120622	Gurbantunggut	PRJNA376617
SRR5839252	SAMN07367689	MIMS Environmental/Metagenome sample from soil metagenome		Illumina MiSeq	32963	9102153	44.61742777	83.1616	China:Gurbantunggut Desert	ftp.sra.ebi.ac.uk/vol1/fastq/SRR583/002/SRR5839252/SRR5839252.fastq.gz	3087273	Gurbantunggut	PRJNA376617
SRR5839254	SAMN07367689	MIMS Environmental/Metagenome sample from soil metagenome		Illumina MiSeq	40119	11081673	44.61742777	83.1616	China:Gurbantunggut Desert	ftp.sra.ebi.ac.uk/vol1/fastq/SRR583/004/SRR5839254/SRR5839254.fastq.gz	3695098	Gurbantunggut	PRJNA376617
SRR5839258	SAMN07367689	MIMS Environmental/Metagenome sample from soil metagenome		Illumina MiSeq	33148	9156921	44.61742777	83.1616	China:Gurbantunggut Desert	ftp.sra.ebi.ac.uk/vol1/fastq/SRR583/008/SRR5839258/SRR5839258.fastq.gz	3178265	Gurbantunggut	PRJNA376617
SRR5839260	SAMN07367689	MIMS Environmental/Metagenome sample from soil metagenome		Illumina MiSeq	30267	8361519	44.61742777	83.1616	China:Gurbantunggut Desert	ftp.sra.ebi.ac.uk/vol1/fastq/SRR583/000/SRR5839260/SRR5839260.fastq.gz	2926781	Gurbantunggut	PRJNA376617
SRR5839262	SAMN07367689	MIMS Environmental/Metagenome sample from soil metagenome		Illumina MiSeq	37736	10419571	44.61742777	83.1616	China:Gurbantunggut Desert	ftp.sra.ebi.ac.uk/vol1/fastq/SRR583/002/SRR5839262/SRR5839262.fastq.gz	3686334	Gurbantunggut	PRJNA376617
SRR5839282	SAMN07367689	MIMS Environmental/Metagenome sample from soil metagenome		Illumina MiSeq	41966	11589794	44.61742777	83.1616	China:Gurbantunggut Desert	ftp.sra.ebi.ac.uk/vol1/fastq/SRR583/002/SRR5839282/SRR5839282.fastq.gz	3949748	Gurbantunggut	PRJNA376617
SRR5839285	SAMN07367689	MIMS Environmental/Metagenome sample from soil metagenome		Illumina MiSeq	35048	9679629	44.61742777	83.1616	China:Gurbantunggut Desert	ftp.sra.ebi.ac.uk/vol1/fastq/SRR583/005/SRR5839285/SRR5839285.fastq.gz	3340792	Gurbantunggut	PRJNA376617
SRR5839286	SAMN07367689	MIMS Environmental/Metagenome sample from soil metagenome		Illumina MiSeq	39621	10940013	44.61742777	83.1616	China:Gurbantunggut Desert	ftp.sra.ebi.ac.uk/vol1/fastq/SRR583/006/SRR5839286/SRR5839286.fastq.gz	3719171	Gurbantunggut	PRJNA376617
SRR5839289	SAMN07367689	MIMS Environmental/Metagenome sample from soil metagenome		Illumina MiSeq	39596	10933643	44.61742777	83.1616	China:Gurbantunggut Desert	ftp.sra.ebi.ac.uk/vol1/fastq/SRR583/009/SRR5839289/SRR5839289.fastq.gz	3860085	Gurbantunggut	PRJNA376617
SRR5839290	SAMN07367689	MIMS Environmental/Metagenome sample from soil metagenome		Illumina MiSeq	30091	8310359	44.61742777	83.1616	China:Gurbantunggut Desert	ftp.sra.ebi.ac.uk/vol1/fastq/SRR583/000/SRR5839290/SRR5839290.fastq.gz	2891680	Gurbantunggut	PRJNA376617
SRR5839291	SAMN07367689	MIMS Environmental/Metagenome sample from soil metagenome		Illumina MiSeq	33008	9116378	44.61742777	83.1616	China:Gurbantunggut Desert	ftp.sra.ebi.ac.uk/vol1/fastq/SRR583/001/SRR5839291/SRR5839291.fastq.gz	3062958	Gurbantunggut	PRJNA376617
SRR5839293	SAMN07367689	MIMS Environmental/Metagenome sample from soil metagenome		Illumina MiSeq	35704	9860649	44.61742777	83.1616	China:Gurbantunggut Desert	ftp.sra.ebi.ac.uk/vol1/fastq/SRR583/003/SRR5839293/SRR5839293.fastq.gz	3416242	Gurbantunggut	PRJNA376617
SRR5839294	SAMN07367689	MIMS Environmental/Metagenome sample from soil metagenome		Illumina MiSeq	42977	11867672	44.61742777	83.1616	China:Gurbantunggut Desert	ftp.sra.ebi.ac.uk/vol1/fastq/SRR583/004/SRR5839294/SRR5839294.fastq.gz	4140611	Gurbantunggut	PRJNA376617
SRR5839299	SAMN07367689	MIMS Environmental/Metagenome sample from soil metagenome		Illumina MiSeq	37142	10255532	44.61742777	83.1616	China:Gurbantunggut Desert	ftp.sra.ebi.ac.uk/vol1/fastq/SRR583/009/SRR5839299/SRR5839299.fastq.gz	3721034	Gurbantunggut	PRJNA376617
SRR5839300	SAMN07367689	MIMS Environmental/Metagenome sample from soil metagenome		Illumina MiSeq	40449	11167013	44.61742777	83.1616	China:Gurbantunggut Desert	ftp.sra.ebi.ac.uk/vol1/fastq/SRR583/000/SRR5839300/SRR5839300.fastq.gz	3700684	Gurbantunggut	PRJNA376617
SRR5839301	SAMN07367689	MIMS Environmental/Metagenome sample from soil metagenome		Illumina MiSeq	36562	10095687	44.61742777	83.1616	China:Gurbantunggut Desert	ftp.sra.ebi.ac.uk/vol1/fastq/SRR583/001/SRR5839301/SRR5839301.fastq.gz	3520814	Gurbantunggut	PRJNA376617
SRR5839302	SAMN07367689	MIMS Environmental/Metagenome sample from soil metagenome		Illumina MiSeq	31301	8642422	44.61742777	83.1616	China:Gurbantunggut Desert	ftp.sra.ebi.ac.uk/vol1/fastq/SRR583/002/SRR5839302/SRR5839302.fastq.gz	2911427	Gurbantunggut	PRJNA376617
SRR5839304	SAMN07367689	MIMS Environmental/Metagenome sample from soil metagenome		Illumina MiSeq	35070	9678121	44.61742777	83.1616	China:Gurbantunggut Desert	ftp.sra.ebi.ac.uk/vol1/fastq/SRR583/004/SRR5839304/SRR5839304.fastq.gz	3248227	Gurbantunggut	PRJNA376617
SRR5839305	SAMN07367689	MIMS Environmental/Metagenome sample from soil metagenome		Illumina MiSeq	33727	9311972	44.61742777	83.1616	China:Gurbantunggut Desert	ftp.sra.ebi.ac.uk/vol1/fastq/SRR583/005/SRR5839305/SRR5839305.fastq.gz	3150694	Gurbantunggut	PRJNA376617
SRR5839306	SAMN07367689	MIMS Environmental/Metagenome sample from soil metagenome		Illumina MiSeq	43070	11893411	44.61742777	83.1616	China:Gurbantunggut Desert	ftp.sra.ebi.ac.uk/vol1/fastq/SRR583/006/SRR5839306/SRR5839306.fastq.gz	4118489	Gurbantunggut	PRJNA376617
SRR5839307	SAMN07367689	MIMS Environmental/Metagenome sample from soil metagenome		Illumina MiSeq	37813	10442707	44.61742777	83.1616	China:Gurbantunggut Desert	ftp.sra.ebi.ac.uk/vol1/fastq/SRR583/007/SRR5839307/SRR5839307.fastq.gz	3585422	Gurbantunggut	PRJNA376617
SRR5839310	SAMN07367689	MIMS Environmental/Metagenome sample from soil metagenome		Illumina MiSeq	41296	11399867	44.61742777	83.1616	China:Gurbantunggut Desert	ftp.sra.ebi.ac.uk/vol1/fastq/SRR583/000/SRR5839310/SRR5839310.fastq.gz	3735691	Gurbantunggut	PRJNA376617
SRR5839312	SAMN07367689	MIMS Environmental/Metagenome sample from soil metagenome		Illumina MiSeq	43178	11923533	44.61742777	83.1616	China:Gurbantunggut Desert	ftp.sra.ebi.ac.uk/vol1/fastq/SRR583/002/SRR5839312/SRR5839312.fastq.gz	4151171	Gurbantunggut	PRJNA376617
SRR5839317	SAMN07367689	MIMS Environmental/Metagenome sample from soil metagenome		Illumina MiSeq	35912	9914468	44.61742777	83.1616	China:Gurbantunggut Desert	ftp.sra.ebi.ac.uk/vol1/fastq/SRR583/007/SRR5839317/SRR5839317.fastq.gz	3293635	Gurbantunggut	PRJNA376617
SRR5839318	SAMN07367689	MIMS Environmental/Metagenome sample from soil metagenome		Illumina MiSeq	36980	10208814	44.61742777	83.1616	China:Gurbantunggut Desert	ftp.sra.ebi.ac.uk/vol1/fastq/SRR583/008/SRR5839318/SRR5839318.fastq.gz	3612323	Gurbantunggut	PRJNA376617
SRR5839321	SAMN07367689	MIMS Environmental/Metagenome sample from soil metagenome		Illumina MiSeq	39537	10917684	44.61742777	83.1616	China:Gurbantunggut Desert	ftp.sra.ebi.ac.uk/vol1/fastq/SRR583/001/SRR5839321/SRR5839321.fastq.gz	3512825	Gurbantunggut	PRJNA376617
SRR5839325	SAMN07367689	MIMS Environmental/Metagenome sample from soil metagenome		Illumina MiSeq	38521	10639051	44.61742777	83.1616	China:Gurbantunggut Desert	ftp.sra.ebi.ac.uk/vol1/fastq/SRR583/005/SRR5839325/SRR5839325.fastq.gz	3894710	Gurbantunggut	PRJNA376617
SRR5839329	SAMN07367689	MIMS Environmental/Metagenome sample from soil metagenome		Illumina MiSeq	30205	8341061	44.61742777	83.1616	China:Gurbantunggut Desert	ftp.sra.ebi.ac.uk/vol1/fastq/SRR583/009/SRR5839329/SRR5839329.fastq.gz	2780552	Gurbantunggut	PRJNA376617
SRR5839330	SAMN07367689	MIMS Environmental/Metagenome sample from soil metagenome		Illumina MiSeq	43651	12053764	44.61742777	83.1616	China:Gurbantunggut Desert	ftp.sra.ebi.ac.uk/vol1/fastq/SRR583/000/SRR5839330/SRR5839330.fastq.gz	4019258	Gurbantunggut	PRJNA376617
SRR5839331	SAMN07367689	MIMS Environmental/Metagenome sample from soil metagenome		Illumina MiSeq	37772	10429980	44.61742777	83.1616	China:Gurbantunggut Desert	ftp.sra.ebi.ac.uk/vol1/fastq/SRR583/001/SRR5839331/SRR5839331.fastq.gz	3572030	Gurbantunggut	PRJNA376617
SRR5839332	SAMN07367689	MIMS Environmental/Metagenome sample from soil metagenome		Illumina MiSeq	37464	10345432	44.61742777	83.1616	China:Gurbantunggut Desert	ftp.sra.ebi.ac.uk/vol1/fastq/SRR583/002/SRR5839332/SRR5839332.fastq.gz	3551251	Gurbantunggut	PRJNA376617
SRR5839333	SAMN07367689	MIMS Environmental/Metagenome sample from soil metagenome		Illumina MiSeq	38805	10716689	44.61742777	83.1616	China:Gurbantunggut Desert	ftp.sra.ebi.ac.uk/vol1/fastq/SRR583/003/SRR5839333/SRR5839333.fastq.gz	3624507	Gurbantunggut	PRJNA376617
SRR5839341	SAMN07367689	MIMS Environmental/Metagenome sample from soil metagenome		Illumina MiSeq	43564	12030856	44.61742777	83.1616	China:Gurbantunggut Desert	ftp.sra.ebi.ac.uk/vol1/fastq/SRR583/001/SRR5839341/SRR5839341.fastq.gz	4208535	Gurbantunggut	PRJNA376617
