sample	Shannon	csp_rel	site	compartment	trip	S	Cl	Na	P
V10Dr1	6.071800368890204	0.0043004917502666	10	deep	5	0.041	0.029	0.47	0.24
V10PRr2	5.5234037692041325	0.0029520775580843	10	rhizosphere	5	0.0	0.042	0.22	0.041
V11Dr3	7.210397129546478	0.0045895060410707	11	deep	5	0.0	0.056	0.47	0.19
V11PRr2	6.919090633903909	0.0091660139754885	11	rhizosphere	5	0.039	0.003	0.1	0.038
V11PRr3	6.649958729540225	0.0035284226973963	11	rhizosphere	5	0.039	0.003	0.1	0.038
V11Sr2	5.282140252008222	0.0010191133393673	11	surface	5	0.025	0.038	0.14	0.041
V12Dr3	7.332654175127173	0.0081792712876198	12	deep	5	0.058	0.12	0.47	0.29
V12PRr1	6.559212630587094	0.0013103181094227	12	rhizosphere	5	0.0	0.042	0.25	0.042
V12PRr2	6.537951560187068	0.0005837076317299	12	rhizosphere	5	0.0	0.042	0.25	0.042
V12PRr3	6.639556132437445	0.0011474253314193	12	rhizosphere	5	0.0	0.042	0.25	0.042
V12Sr1	6.727624157136056	0.0040310903095017	12	surface	5	0.049	0.042	0.2	0.042
V12Sr3	6.161101630210364	0.0002091340404585	12	surface	5	0.049	0.042	0.2	0.042
V13PRr1	6.72825659807463	0.0019313698464556	13	rhizosphere	5	0.07	0.033	0.22	0.041
V13PRr2	6.043043615114776	0.0019545351779866	13	rhizosphere	5	0.07	0.033	0.22	0.041
V13Sr3	6.362147432819205	0.0045627472342089	13	surface	5	0.057	0.042	0.23	0.041
V14Dr3	4.680894977612779	0.0032562446156819	14	deep	5	0.046	0.059	0.3	0.19
V14PRr1	4.307826123668849	0.0004216290212183	14	rhizosphere	5	0.055	0.066	0.13	0.042
V14PRr2	4.900654248101491	0.0003407539357079	14	rhizosphere	5	0.055	0.066	0.13	0.042
V14PRr3	4.600975918314331	0.0002537205743599	14	rhizosphere	5	0.055	0.066	0.13	0.042
V14Sr1	6.077280300155559	0.0088836866519269	14	surface	5	0.042	0.084	0.27	0.041
V15Dr1	6.915574637004093	0.0011766638253043	15	deep	5	0.046	0.059	0.3	0.19
V15Dr2	6.804629343134828	0.0016092427430158	15	deep	5	0.046	0.059	0.3	0.19
V15Dr3	7.157126827232911	0.0022117332327927	15	deep	5	0.046	0.059	0.3	0.19
V15PRr1	5.7309580373799776	1.6992957191651207e-05	15	rhizosphere	5	0.12	0.1	0.32	0.051
V15PRr2	5.902457218455249	0.0006012526534539	15	rhizosphere	5	0.12	0.1	0.32	0.051
V15PRr3	5.90576577364444	6.312520252669144e-05	15	rhizosphere	5	0.12	0.1	0.32	0.051
V15Sr1	6.847368616898815	0.0017368669278769	15	surface	5	0.0	0.071	0.23	0.066
V15Sr2	7.08439613949168	0.0011393209280731	15	surface	5	0.0	0.071	0.23	0.066
V16Dr1O	5.992921466048775	0.007037694693521	16	deep	5	0.0	0.007	0.5	0.18
V16Dr1T	5.968556327856039	0.0057476497957403	16	deep	5	0.0	0.007	0.5	0.18
V16Dr3	5.946100437862325	0.0091321947494198	16	deep	5	0.0	0.007	0.5	0.18
V16PRr1O	5.44440045474486	0.0	16	rhizosphere	5	0.1	0.0	0.28	0.0
V16PRr1T	5.9775559464696855	0.0001078503717999	16	rhizosphere	5	0.1	0.0	0.28	0.0
V16PRr1	6.037154867547267	0.0017139158077008	16	rhizosphere	5	0.1	0.0	0.28	0.0
V16PRr2	6.513473039304877	4.522707984707927e-05	16	rhizosphere	5	0.1	0.0	0.28	0.0
V16PRr3	6.43459691618043	7.29978675774441e-05	16	rhizosphere	5	0.1	0.0	0.28	0.0
V16Sr1O	5.062269589633196	0.0001744211398421	16	surface	5	0.0	0.003	0.28	0.053
V17Dr1	7.1147481637878816	0.0004233679083791	17	deep	5	0.052	0.087	0.41	0.2
V17Dr2	6.780421625069875	0.0025781069644829	17	deep	5	0.052	0.087	0.41	0.2
V17PRr1	6.194577181772239	0.0007067378014476	17	rhizosphere	5	0.0	0.006	0.096	0.0
V17PRr2	6.134996170978673	0.0017766264906812	17	rhizosphere	5	0.0	0.006	0.096	0.0
V17PRr3	6.501994694032454	0.0032076899114414	17	rhizosphere	5	0.0	0.006	0.096	0.0
V18PRr2	5.90937679276483	0.000347461452567	18	rhizosphere	5	0.026	0.12	0.16	0.0
V18PRr3	5.884105910461214	0.0005215118441365	18	rhizosphere	5	0.026	0.12	0.16	0.0
V19Dr2	7.4876952494809155	0.0061252156383216	19	deep	5	0.039	0.056	0.44	0.19
V19Dr3	7.4131788673524515	0.0095006173686376	19	deep	5	0.039	0.056	0.44	0.19
V19PRr1	5.994517192708297	0.0011805183407504	19	rhizosphere	5	0.025	0.074	0.2	0.0
V19PRr2	5.877012206462311	0.0008772523284396	19	rhizosphere	5	0.025	0.074	0.2	0.0
V19PRr3	5.731305774185508	0.0015082315454062	19	rhizosphere	5	0.025	0.074	0.2	0.0
V19Sr3	6.88507081442924	0.0240683023746961	19	surface	5	0.025	0.0	0.093	0.0
V1Dr1	3.731199427887727	0.0	1	deep	5	0.069	0.083	0.64	0.44
V1Dr3	5.939350427876422	0.0003254738664617	1	deep	5	0.069	0.083	0.64	0.44
V1PRr1	5.308317924690354	0.0004136590993616	1	rhizosphere	5	0.026	0.042	0.13	0.05
V1PRr2	4.204629610032626	2.0428018048153942e-05	1	rhizosphere	5	0.026	0.042	0.13	0.05
V1PRr3	4.024007632887178	0.0	1	rhizosphere	5	0.026	0.042	0.13	0.05
V20PRr1	6.285836879282067	0.0001537274612625	20	rhizosphere	5	0.022	0.034	0.43	0.0
V20PRr2	5.903657465832879	0.0004261190349778	20	rhizosphere	5	0.022	0.034	0.43	0.0
V20PRr3	6.164918466247619	0.0001433728803528	20	rhizosphere	5	0.022	0.034	0.43	0.0
V20Sr2	5.96635233156714	0.0010819737017126	20	surface	5	0.03	0.0	0.34	0.0
V21Dr1	6.419188665621339	0.0045733561201042	21	deep	5	0.0	0.041	0.15	0.11
V21Dr2	6.4391231171779	0.0014585530157728	21	deep	5	0.0	0.041	0.15	0.11
V21PRr1RE	6.486418634881328	0.0037353384081897	21	rhizosphere	5	0.0	0.0	0.2	0.0
V21PRr1	6.825869836466444	0.0047882115736957	21	rhizosphere	5	0.0	0.0	0.2	0.0
V21PRr2RE	6.51633912765924	0.0041461119359611	21	rhizosphere	5	0.0	0.0	0.2	0.0
V21PRr2	6.758985517696384	0.0034095278668389	21	rhizosphere	5	0.0	0.0	0.2	0.0
V21PRr3RE	6.071089812627837	0.0031742331793064	21	rhizosphere	5	0.0	0.0	0.2	0.0
V21PRr3	6.219115987959624	0.0023024517431346	21	rhizosphere	5	0.0	0.0	0.2	0.0
V21Sr3	7.333976584683975	0.0082648186822907	21	surface	5	0.039	0.0	0.18	0.0
V22PRr2	6.532367542115723	0.0001271236762829	22	rhizosphere	5	0.049	0.042	0.092	0.042
V23Dr1	7.156791071135077	0.0068125630053135	23	deep	5	0.063	0.044	0.49	0.16
V23PRr1	7.48525766496414	0.0052822760024239	23	rhizosphere	5	0.023	0.036	0.4	0.037
V23PRr2	7.464104144741901	0.0037055624537615	23	rhizosphere	5	0.023	0.036	0.4	0.037
V24Dr1	5.724478280939149	0.0072353870458135	24	deep	5	0.028	0.0	0.37	0.29
V24PRr1	7.391429244651581	0.0055225058922736	24	rhizosphere	5	0.0	0.051	0.13	0.04
V24PRr3	6.863915146224193	0.0045498806518048	24	rhizosphere	5	0.0	0.051	0.13	0.04
V25Dr3	6.942061364649908	0.0047635428195387	25	deep	5	0.009	0.13	0.43	0.16
V25PRr1	5.816038864902534	0.0060513910480341	25	rhizosphere	5	0.003	0.043	0.054	0.0
V25PRr2	5.701189086497736	0.0045907015350604	25	rhizosphere	5	0.003	0.043	0.054	0.0
V25PRr3	5.8748576015449485	0.0110033148139502	25	rhizosphere	5	0.003	0.043	0.054	0.0
V25Sr2	6.663376628769209	0.0044951402932105	25	surface	5	0.004	0.009	0.0	0.0
V25Sr3	6.788768518604426	0.0058284103327578	25	surface	5	0.004	0.009	0.0	0.0
V26Dr2	6.733085009016507	0.0085857393084174	26	deep	5	0.045	0.17	0.0	0.94
V26Dr3	6.697490245815354	0.0066056068306136	26	deep	5	0.045	0.17	0.0	0.94
V26PRr1	6.923702055728667	0.0197409700237284	26	rhizosphere	5	0.0	0.0	0.19	0.0
V26PRr2	6.8941027051945385	0.009796381849277	26	rhizosphere	5	0.0	0.0	0.19	0.0
V26Sr2	6.940001994516361	0.0205697427118192	26	surface	5	0.072	0.0	0.13	0.0
V27Dr2	6.89637980848588	0.015299422035283	27	deep	5	0.048	0.11	0.4	0.24
V27Dr3	6.921965494935353	0.015204522652378	27	deep	5	0.048	0.11	0.4	0.24
V27PRr1	5.583492777875401	0.0001814299128891	27	rhizosphere	5	0.0	0.084	0.49	0.0
V27PRr2	5.936716726168484	0.0002303981833564	27	rhizosphere	5	0.0	0.084	0.49	0.0
V27PRr3	5.520806780416911	0.0003261177452778	27	rhizosphere	5	0.0	0.084	0.49	0.0
V28Dr1	7.231885827342389	0.0223216402196549	28	deep	5	0.077	0.046	0.14	0.16
V28Dr3	6.921876340946238	0.0143221014667244	28	deep	5	0.077	0.046	0.14	0.16
V28PRr1	3.947191819925535	0.0018734614742253	28	rhizosphere	5	0.031	0.0	0.13	0.042
V28PRr2	5.07719285582856	0.0046371101129872	28	rhizosphere	5	0.031	0.0	0.13	0.042
V28PRr3	5.957390235246284	0.0024753119674123	28	rhizosphere	5	0.031	0.0	0.13	0.042
V29PRr2	6.751709081435607	0.0128510144804461	29	rhizosphere	5	0.025	0.07	0.22	0.0
V29PRr3	6.6387070633138645	0.0238645569514845	29	rhizosphere	5	0.025	0.07	0.22	0.0
V2Dr1	5.913882597642477	0.0	2	deep	5	0.017	0.13	0.0	0.11
V2Dr2	6.439182460325917	3.477468611498945e-05	2	deep	5	0.017	0.13	0.0	0.11
V2PRr1	6.600551717684431	0.0003043399798737	2	rhizosphere	5	0.072	0.12	0.2	0.11
V2PRr2	6.669106866273619	0.0004690883351971	2	rhizosphere	5	0.072	0.12	0.2	0.11
V2PRr3	6.79671271667671	0.0001509389443295	2	rhizosphere	5	0.072	0.12	0.2	0.11
V2Sr1	6.697876824601222	0.0001404403025231	2	surface	5	0.067	0.16	0.24	0.0
V2Sr2	6.668763506274081	3.546602354943964e-05	2	surface	5	0.067	0.16	0.24	0.0
V30PRr1	6.124525018354079	0.0070418792517006	30	rhizosphere	5	0.041	0.0	0.34	0.0
V30PRr2	6.119163575515557	0.0081929413149916	30	rhizosphere	5	0.041	0.0	0.34	0.0
V30PRr3	5.301085411687517	0.0086101816733764	30	rhizosphere	5	0.041	0.0	0.34	0.0
V30Sr2	6.960605353015559	0.0182213961322689	30	surface	5	0.025	0.042	0.15	0.041
V31Dr1	6.190246358535238	0.0251753874553532	31	deep	5	0.045	0.069	0.015	0.06
V31Dr3	6.48084944424996	0.020074239531559	31	deep	5	0.045	0.069	0.015	0.06
V32PRr1	6.319608752236793	0.0329631739080395	32	rhizosphere	5	0.049	0.0	0.15	0.0
V32PRr2	6.713501952053058	0.011273675465928	32	rhizosphere	5	0.049	0.0	0.15	0.0
V32PRr3	7.480184702197517	0.0028887968231689	32	rhizosphere	5	0.049	0.0	0.15	0.0
V33PRr1	5.345352105976838	0.0005442610789195	33	rhizosphere	5	0.061	0.042	0.083	0.087
V33PRr2	6.298739837887474	0.0173051908586789	33	rhizosphere	5	0.061	0.042	0.083	0.087
V33PRr3	6.359071566593734	0.0080675191426052	33	rhizosphere	5	0.061	0.042	0.083	0.087
V34Dr2	6.489752502589147	0.0213380643781849	34	deep	5	0.12	0.09	0.32	0.16
V34PRr1	5.894048667556289	0.0022579112115518	34	rhizosphere	5	0.002	0.041	0.1	0.097
V34PRr2	6.047102318809542	0.0016154281448855	34	rhizosphere	5	0.002	0.041	0.1	0.097
V34PRr3	5.7867637875069775	0.0008165709909473	34	rhizosphere	5	0.002	0.041	0.1	0.097
V35Dr1	6.675862098886921	0.0022701435194841	35	deep	5	0.0	0.073	0.49	0.0
V35PRr1	5.790495942976079	0.0	35	rhizosphere	5	0.098	0.11	0.025	0.083
V35PRr2	5.298764203037326	0.0	35	rhizosphere	5	0.098	0.11	0.025	0.083
V35PRr3R	5.568153296483068	3.7319142107561233e-06	35	rhizosphere	5	0.098	0.11	0.025	0.083
V35PRr3	5.499305220786495	0.0	35	rhizosphere	5	0.098	0.11	0.025	0.083
V37Dr1	6.157807838216229	0.0166942250613644	37	deep	5	0.0	0.0	0.39	0.022
V37PRr2	6.16095043247117	5.968314219807044e-05	37	rhizosphere	5	0.052	0.11	0.21	0.084
V37PRr3	5.426642682205671	0.0001435995623632	37	rhizosphere	5	0.052	0.11	0.21	0.084
V38PRr3	5.622435760178003	0.0280841021240077	38	rhizosphere	5	0.027	0.065	0.18	0.065
V38Sr2	5.675236731956882	0.0093171376423941	38	surface	5	0.042	0.069	0.35	0.04
V39Dr1	6.377208785762782	0.0104192155083113	39	deep	5	0.036	0.0	0.65	0.0
V39Dr3	6.381259347147173	0.0083702980412242	39	deep	5	0.036	0.0	0.65	0.0
V39PRr1	6.331508186272836	0.0038071671053133	39	rhizosphere	5	0.04	0.077	0.05	0.17
V39PRr2	6.705889246349237	0.001461148356775	39	rhizosphere	5	0.04	0.077	0.05	0.17
V39PRr3	6.346537653428623	0.0001735829842386	39	rhizosphere	5	0.04	0.077	0.05	0.17
V39Sr2	6.012398144192285	0.0102789325223835	39	surface	5	0.043	0.041	0.29	0.0
V3PRr1	6.192061167413402	0.0	3	rhizosphere	5	0.0	0.034	0.079	0.049
V3PRr2	5.78678714001404	0.0012012086387953	3	rhizosphere	5	0.0	0.034	0.079	0.049
V3PRr3	6.308918600024946	0.0006627405580443	3	rhizosphere	5	0.0	0.034	0.079	0.049
V40Dr1	6.634486161319593	0.0045051601573871	40	deep	5	0.015	0.1	0.91	0.078
V40PRr1	6.744618390146746	0.0057067892843285	40	rhizosphere	5	0.015	0.12	0.11	0.079
V40PRr2	6.809630393229877	0.004661997368631	40	rhizosphere	5	0.015	0.12	0.11	0.079
V40PRr3	7.068900933430195	0.0039342974395021	40	rhizosphere	5	0.015	0.12	0.11	0.079
V40Sr3	6.488497183461163	0.0010244112895943	40	surface	5	0.06	0.039	0.29	0.11
V41Dr3	2.8981724681058965	0.0	41	deep	5	4.31	2.9	2.2	0.045
V42PRr2	5.805215754625389	0.0118206453274507	42	rhizosphere	5	0.062	0.081	0.18	0.16
V42Sr2	6.263847570347888	0.0146846165012449	42	surface	5	0.066	0.05	0.25	0.04
V43Dr1	6.708151110931288	0.0103152908809212	43	deep	5	0.077	0.15	0.3	0.092
V43Dr2	6.807140706944501	0.0092349106073101	43	deep	5	0.077	0.15	0.3	0.092
V43Dr3	6.943287655295576	0.0106159795768773	43	deep	5	0.077	0.15	0.3	0.092
V43PRr1	6.446824514581733	0.0075308704710605	43	rhizosphere	5	0.013	0.1	0.14	0.099
V43PRr2	6.221695527600934	0.0063948228612936	43	rhizosphere	5	0.013	0.1	0.14	0.099
V43PRr3	6.679933017688473	0.0088440909972082	43	rhizosphere	5	0.013	0.1	0.14	0.099
V44Dr1	5.863774301377161	0.0148436824778232	44	deep	5	0.033	0.046	0.5	0.051
V44PRr1	7.307217782429157	0.0034382381750205	44	rhizosphere	5	0.099	0.1	0.17	0.24
V44PRr2	6.508885277212235	0.0014379650524037	44	rhizosphere	5	0.099	0.1	0.17	0.24
V45Dr1	3.967603815164985	0.0002510783193871	45	deep	5	0.58	2.3	2.9	0.048
V45Dr2	4.128080253944297	0.0	45	deep	5	0.58	2.3	2.9	0.048
V45Dr3	4.363093474144993	0.0001163374975556	45	deep	5	0.58	2.3	2.9	0.048
V45PRr1	3.9973736469795016	0.0	45	rhizosphere	5	0.11	0.16	0.19	0.14
V45PRr2	4.004971206821359	5.404807822230957e-05	45	rhizosphere	5	0.11	0.16	0.19	0.14
V45PRr3	4.575678931612778	6.366879715121228e-05	45	rhizosphere	5	0.11	0.16	0.19	0.14
V45Sr3	5.9421386051634055	0.00012785979747	45	surface	5	0.0	0.066	0.27	0.0
V46PRr1	5.735853415382764	0.0001469920089798	46	rhizosphere	5	0.032	0.068	0.11	0.16
V46PRr2	5.653241030036158	0.0	46	rhizosphere	5	0.032	0.068	0.11	0.16
V46PRr3	5.48682330800736	0.0001452488077493	46	rhizosphere	5	0.032	0.068	0.11	0.16
V47PRr1	6.224518119049646	0.0	47	rhizosphere	5	0.083	0.049	0.11	0.058
V47PRr2	6.08982517425374	0.0	47	rhizosphere	5	0.083	0.049	0.11	0.058
V47PRr3	6.245834651991235	4.631114572059285e-05	47	rhizosphere	5	0.083	0.049	0.11	0.058
V48Dr1	4.867907913185456	9.649932611303932e-05	48	deep	5	1.6	2.8	3.0	0.057
V48Dr2	5.06123469819361	0.0002058549481028	48	deep	5	1.6	2.8	3.0	0.057
V48Dr3	5.096650754376663	0.0	48	deep	5	1.6	2.8	3.0	0.057
V48PRr1	4.774732546763049	0.0001135693587575	48	rhizosphere	5	0.94	2.1	0.48	0.18
V49Dr2	4.728620965876189	0.0004760034400739	49	deep	5	0.049	0.0	0.66	0.11
V4Dr1	7.109718536985986	0.0005852530642899	4	deep	5	0.0	0.047	0.49	0.09
V4Dr2	7.201052043175916	0.0007238605666818	4	deep	5	0.0	0.047	0.49	0.09
V4Dr3	6.570807970344038	0.0008726506351414	4	deep	5	0.0	0.047	0.49	0.09
V4PRr1	5.379853269829766	0.00012357114481	4	rhizosphere	5	0.031	0.042	0.13	0.041
V4PRr2	6.203652662283682	0.0002447776910536	4	rhizosphere	5	0.031	0.042	0.13	0.041
V4PRr3	6.098574226722817	0.0001680521451122	4	rhizosphere	5	0.031	0.042	0.13	0.041
V4Sr1	6.762034190467464	5.513815841997012e-05	4	surface	5	0.044	0.049	0.18	0.041
V4Sr3	6.629020029051823	0.0001164849750412	4	surface	5	0.044	0.049	0.18	0.041
V50PRr2	5.865702034889466	0.0009528328527546	50	rhizosphere	5	0.0	0.1	0.082	0.087
V51PRr2	5.59543009779564	0.0	51	rhizosphere	5	0.64	0.78	0.15	0.037
V51PRr3	4.911814942714269	0.0	51	rhizosphere	5	0.64	0.78	0.15	0.037
V53PRr2	1.9985603549559	1.6634568111163273e-05	53	rhizosphere	5	0.15	0.13	0.015	0.087
V54PRr1	5.3402198199449415	8.01807503200071e-05	54	rhizosphere	5	0.15	0.34	0.053	0.16
V54PRr2	5.685109777763076	0.0001096764694393	54	rhizosphere	5	0.15	0.34	0.053	0.16
V54PRr3	5.402396820468725	0.0007315723776559	54	rhizosphere	5	0.15	0.34	0.053	0.16
V55Dr1	4.447687370542741	2.340036563071298e-05	55	deep	5	2.31	6.79	5.1	0.034
V55PRr1	4.91251026987087	0.0001881869489391	55	rhizosphere	5	1.5	4.2	0.55	0.097
V55PRr2	5.071049722958107	0.000683641884963	55	rhizosphere	5	1.5	4.2	0.55	0.097
V55PRr3	5.276970921927992	0.0011440908033198	55	rhizosphere	5	1.5	4.2	0.55	0.097
V55Sr2	4.689765010307255	0.0001283986332096	55	surface	5	0.71	2.3	0.95	0.064
V55Sr3	4.648517862657769	0.0	55	surface	5	0.71	2.3	0.95	0.064
V57PRr2	5.0712524527387295	0.0	57	rhizosphere	5	0.2	0.38	0.046	0.14
V57PRr3	4.328680951009238	0.0	57	rhizosphere	5	0.2	0.38	0.046	0.14
V58PRr1	5.469435632186034	0.0	58	rhizosphere	5	0.48	0.41	0.31	0.11
V58PRr2	5.032003882871428	0.0	58	rhizosphere	5	0.48	0.41	0.31	0.11
V58PRr3	5.40233431739782	6.397921954949033e-06	58	rhizosphere	5	0.48	0.41	0.31	0.11
V5Dr1T	5.49960558111765	0.0032372947754549	5	deep	5	0.018	0.036	0.25	0.12
V5Dr1	6.795855757626073	0.0	5	deep	5	0.018	0.036	0.25	0.12
V5PRr1T	7.188720758066933	1.50665943470138e-05	5	rhizosphere	5	0.027	0.077	0.11	0.04
V5PRr1	7.17884726328341	0.0	5	rhizosphere	5	0.027	0.077	0.11	0.04
V5PRr2	6.716315778226124	0.0	5	rhizosphere	5	0.027	0.077	0.11	0.04
V5PRr3	6.863213719021714	0.0014011812055547	5	rhizosphere	5	0.027	0.077	0.11	0.04
V5Sr1	6.328531249700161	0.0001131990038487	5	surface	5	0.036	0.052	0.31	0.064
V5Sr3	7.270014353686028	0.0012231335503927	5	surface	5	0.036	0.052	0.31	0.064
V60PRr1O	5.923773222159181	0.0004349198672738	60	rhizosphere	5	0.27	0.54	0.12	0.11
V60PRr1	4.722783460077274	3.815932866517546e-05	60	rhizosphere	5	0.27	0.54	0.12	0.11
V60PRr2	5.86936488938469	0.0006010172923565	60	rhizosphere	5	0.27	0.54	0.12	0.11
V6Dr1	7.316495737976562	0.0	6	deep	5	0.064	0.041	0.11	0.21
V6PRr1	6.4243534160765705	0.0	6	rhizosphere	5	0.07	0.066	0.16	0.041
V6PRr2	6.357427168516143	9.304686178311624e-05	6	rhizosphere	5	0.07	0.066	0.16	0.041
V6PRr3	5.520279607807068	0.0	6	rhizosphere	5	0.07	0.066	0.16	0.041
V6Sr1	6.408921725188833	0.0	6	surface	5	0.027	0.083	0.13	0.081
V6Sr3	6.37443817074948	0.0	6	surface	5	0.027	0.083	0.13	0.081
V7Dr1T	5.959748051013497	0.0203877646713311	7	deep	5	0.047	0.13	0.13	0.2
V7Dr3R	5.88120519136176	0.0221097296441725	7	deep	5	0.047	0.13	0.13	0.2
V7Dr3	5.700748487534641	0.019929199927787	7	deep	5	0.047	0.13	0.13	0.2
V7PRr1O	6.3291080959454575	0.0039285034228081	7	rhizosphere	5	0.036	0.071	0.07	0.0
V7PRr1T	6.1505963294041255	0.0045888670861907	7	rhizosphere	5	0.036	0.071	0.07	0.0
V7PRr1	6.207171559113666	0.0033593627253275	7	rhizosphere	5	0.036	0.071	0.07	0.0
V7PRr2	5.508287065474857	0.007519516598809	7	rhizosphere	5	0.036	0.071	0.07	0.0
V7PRr3	5.28932798649384	0.0095167271977086	7	rhizosphere	5	0.036	0.071	0.07	0.0
V8Dr3	7.177119968610017	0.0053333009366685	8	deep	5	0.03	0.006	0.42	0.28
V8PRr1	6.698132051182824	0.0017140092484891	8	rhizosphere	5	0.031	0.071	0.13	0.0
V8PRr2	6.40769161245318	0.0013230432835223	8	rhizosphere	5	0.031	0.071	0.13	0.0
V8PRr3	6.214931858647388	0.0014004623008684	8	rhizosphere	5	0.031	0.071	0.13	0.0
V9PRr1	6.422262495156975	0.0003553190029503	9	rhizosphere	5	0.041	0.042	0.032	0.0
V9PRr2	6.159698223391828	0.001605951440072	9	rhizosphere	5	0.041	0.042	0.032	0.0
V9PRr3	6.800607764502855	0.0003459951066406	9	rhizosphere	5	0.041	0.042	0.032	0.0
