model	term	estimate	std_error	z	p	ci_low	ci_high
additive_unadjusted	Intercept	5.596780632	0.112820505	49.60783178	0	5.375656506	5.817904759
additive_unadjusted	C(Trip)[T.2]	-0.491393616	0.227698251	-2.158091307	0.03092073349	-0.9376739873	-0.04511324481
additive_unadjusted	C(Trip)[T.3]	-0.05782896248	0.09745701886	-0.5933791445	0.5529274429	-0.2488412095	0.1331832845
additive_unadjusted	C(Trip)[T.4]	0.01356147041	0.1142856333	0.1186629501	0.9055423906	-0.2104342548	0.2375571957
additive_unadjusted	C(Trip)[T.5]	0.6127497763	0.0987524574	6.204906616	5.472939105e-10	0.4191985164	0.8063010362
additive_unadjusted	"C(Type, Treatment(reference=""Surface""))[T.Deep]"	0.07370864622	0.07327716572	1.005888335	0.3144692881	-0.06991195947	0.2173292519
additive_unadjusted	"C(Type, Treatment(reference=""Surface""))[T.Rhizosphere]"	-0.2374554569	0.0848187302	-2.799563921	0.005117168395	-0.4036971134	-0.07121380053
additive_depth_adjusted	Intercept	-0.5285960939	0.7250090982	-0.729088911	0.4659472773	-1.949587815	0.8923956271
additive_depth_adjusted	C(Trip)[T.2]	-0.01280450671	0.1579374852	-0.08107325945	0.9353836915	-0.3223562894	0.296747276
additive_depth_adjusted	C(Trip)[T.3]	-0.3175794808	0.1101473235	-2.883224672	0.003936265816	-0.5334642678	-0.1016946937
additive_depth_adjusted	C(Trip)[T.4]	0.2153103355	0.1037139763	2.076001165	0.03789384329	0.01203467733	0.4185859936
additive_depth_adjusted	C(Trip)[T.5]	0.1767212857	0.1259579956	1.403017608	0.1606115882	-0.07015184918	0.4235944206
additive_depth_adjusted	"C(Type, Treatment(reference=""Surface""))[T.Deep]"	0.1033956796	0.05893413021	1.754427855	0.07935722192	-0.01211309304	0.2189044523
additive_depth_adjusted	"C(Type, Treatment(reference=""Surface""))[T.Rhizosphere]"	-0.161796104	0.0757511247	-2.135890452	0.03268834403	-0.3102655802	-0.01332662778
additive_depth_adjusted	log_sequencing_depth	0.4711177523	0.05202462744	9.055667967	1.35734445e-19	0.3691513562	0.5730841484
depth_and_kit_as_recorded	Intercept	-0.7701479708	0.7054024391	-1.091785239	0.2749275084	-2.152711346	0.6124154043
depth_and_kit_as_recorded	C(Trip)[T.2]	-0.0970758755	0.1631902182	-0.5948633233	0.5519348353	-0.4169228257	0.2227710747
depth_and_kit_as_recorded	C(Trip)[T.3]	-0.5731692146	0.1557294074	-3.680545788	0.0002327352612	-0.8783932445	-0.2679451847
depth_and_kit_as_recorded	C(Trip)[T.4]	0.09426867537	0.3707152943	0.2542886059	0.7992726018	-0.63231995	0.8208573007
depth_and_kit_as_recorded	C(Trip)[T.5]	0.2801264338	0.3403473427	0.8230604405	0.4104736236	-0.3869421001	0.9471949677
depth_and_kit_as_recorded	"C(Type, Treatment(reference=""Surface""))[T.Deep]"	0.1092901827	0.06230875894	1.754009943	0.07942880348	-0.01283274074	0.2314131061
depth_and_kit_as_recorded	"C(Type, Treatment(reference=""Surface""))[T.Rhizosphere]"	-0.1366186201	0.07771616527	-1.757917669	0.07876151891	-0.2889395051	0.01570226482
depth_and_kit_as_recorded	C(dna_kit)[T.PowerSoil MoBio]	0.01508126118	0.2923858911	0.05157998945	0.9588633642	-0.557984555	0.5881470774
depth_and_kit_as_recorded	C(dna_kit)[T.Pro]	-0.145928482	0.1429794444	-1.020625605	0.3074318534	-0.4261630436	0.1343060796
depth_and_kit_as_recorded	C(dna_kit)[T.QIACube]	-0.5026195195	0.4510551914	-1.114319332	0.2651422165	-1.38667145	0.3814324107
depth_and_kit_as_recorded	C(dna_kit)[T.ambiguous_suffix_mapping]	-0.9328789117	0.5180207065	-1.800852553	0.07172612315	-1.94818084	0.08242301638
depth_and_kit_as_recorded	C(dna_kit)[T.mixed_within_group]	-0.584260888	0.1583276907	-3.690200277	0.0002240775654	-0.8945774594	-0.2739443165
depth_and_kit_as_recorded	C(dna_kit)[T.not_recorded]	-0.1204368025	0.442518468	-0.2721622062	0.7854973004	-0.9877570624	0.7468834573
depth_and_kit_as_recorded	log_sequencing_depth	0.5096288423	0.05113441682	9.966454572	2.137221683e-23	0.409407227	0.6098504576
complete_case_cohort	Intercept	0.8443881281	0.6072024343	1.390620459	0.1643405489	-0.3457067743	2.034483031
complete_case_cohort	C(Trip)[T.2]	-0.07284073785	0.1693659625	-0.4300789649	0.6671382009	-0.4047919246	0.2591104489
complete_case_cohort	C(Trip)[T.3]	-0.3377836743	0.1233444564	-2.738539568	0.006171273389	-0.5795343665	-0.09603298206
complete_case_cohort	C(Trip)[T.4]	0.005594891733	0.5844890118	0.009572278725	0.9923625432	-1.139982521	1.151172304
complete_case_cohort	C(Trip)[T.5]	0.1244955388	0.1553577707	0.8013473559	0.4229305827	-0.1800000965	0.4289911741
complete_case_cohort	"C(Type, Treatment(reference=""Surface""))[T.Deep]"	0.187221666	0.07702513325	2.430656827	0.015071482	0.0362551789	0.3381881531
complete_case_cohort	"C(Type, Treatment(reference=""Surface""))[T.Rhizosphere]"	-0.1461205174	0.08976614147	-1.627791002	0.1035692091	-0.3220589217	0.02981788694
complete_case_cohort	log_sequencing_depth	0.3720765647	0.04501984452	8.26472345	1.400189589e-16	0.2838392909	0.4603138386
depth_and_kit_kit_varying_campaigns	Intercept	0.511908595	0.6185111038	0.8276465724	0.4078706848	-0.7003508924	1.724168082
depth_and_kit_kit_varying_campaigns	C(Trip)[T.2]	-0.07828594973	0.1400097607	-0.559146372	0.5760618293	-0.3527000382	0.1961281387
depth_and_kit_kit_varying_campaigns	C(Trip)[T.3]	-0.3372270082	0.1910463349	-1.765158218	0.07753717849	-0.711670944	0.03721692771
depth_and_kit_kit_varying_campaigns	"C(Type, Treatment(reference=""Surface""))[T.Deep]"	0.1994486733	0.08126606735	2.454267566	0.01411718959	0.04017010816	0.3587272385
depth_and_kit_kit_varying_campaigns	"C(Type, Treatment(reference=""Surface""))[T.Rhizosphere]"	-0.1248388124	0.09993754415	-1.249168303	0.2116035228	-0.3207127996	0.07103517485
depth_and_kit_kit_varying_campaigns	C(dna_kit)[T.PowerSoil MoBio]	-0.6538193961	0.2397552914	-2.727028013	0.006390761325	-1.123731132	-0.1839076598
depth_and_kit_kit_varying_campaigns	C(dna_kit)[T.Pro]	-0.1555202789	0.1812588415	-0.8580010641	0.3908918758	-0.5107810802	0.1997405224
depth_and_kit_kit_varying_campaigns	log_sequencing_depth	0.4059586516	0.04764040641	8.521309581	1.577592219e-17	0.3125851708	0.4993321324
interaction_unadjusted	Intercept	5.442652308	0.1287386417	42.27675727	0	5.190329207	5.69497541
interaction_unadjusted	C(Trip)[T.2]	0.166361292	0.2564058378	0.6488202198	0.5164545865	-0.3361849155	0.6689074995
interaction_unadjusted	C(Trip)[T.3]	0.06327841415	0.1543765764	0.4098964729	0.6818818929	-0.2392941156	0.3658509439
interaction_unadjusted	C(Trip)[T.4]	0.3059926786	0.1530598025	1.99917074	0.04558988333	0.006000978185	0.605984379
interaction_unadjusted	C(Trip)[T.5]	0.7688489874	0.134589507	5.712547766	1.11297162e-08	0.5050584011	1.032639574
interaction_unadjusted	"C(Type, Treatment(reference=""Surface""))[T.Deep]"	0.3758380468	0.1088419868	3.453061247	0.0005542631424	0.1625116726	0.589164421
interaction_unadjusted	"C(Type, Treatment(reference=""Surface""))[T.Rhizosphere]"	-0.08456915475	0.1314546554	-0.6433332809	0.5200078656	-0.342215545	0.1730772355
interaction_unadjusted	"C(Trip)[T.2]:C(Type, Treatment(reference=""Surface""))[T.Deep]"	-1.466699407	0.5738870762	-2.555728239	0.01059658417	-2.591497407	-0.3419014062
interaction_unadjusted	"C(Trip)[T.3]:C(Type, Treatment(reference=""Surface""))[T.Deep]"	-0.1803991306	0.153921725	-1.172018639	0.2411895728	-0.482080168	0.1212819067
interaction_unadjusted	"C(Trip)[T.4]:C(Type, Treatment(reference=""Surface""))[T.Deep]"	-0.5762976169	0.189207186	-3.045854806	0.002320198483	-0.9471368871	-0.2054583466
interaction_unadjusted	"C(Trip)[T.5]:C(Type, Treatment(reference=""Surface""))[T.Deep]"	-0.3405742361	0.1758601286	-1.936619965	0.05279181557	-0.6852537544	0.0041052822
interaction_unadjusted	"C(Trip)[T.2]:C(Type, Treatment(reference=""Surface""))[T.Rhizosphere]"	-0.3781203237	0.2346851465	-1.611181318	0.1071402084	-0.8380947585	0.08185411112
interaction_unadjusted	"C(Trip)[T.3]:C(Type, Treatment(reference=""Surface""))[T.Rhizosphere]"	-0.1731580373	0.1669620928	-1.037109887	0.2996846478	-0.500397726	0.1540816515
interaction_unadjusted	"C(Trip)[T.4]:C(Type, Treatment(reference=""Surface""))[T.Rhizosphere]"	-0.2959724384	0.2127047707	-1.391470617	0.1640827638	-0.7128661282	0.1209212514
interaction_unadjusted	"C(Trip)[T.5]:C(Type, Treatment(reference=""Surface""))[T.Rhizosphere]"	-0.1297914109	0.1992108943	-0.6515276757	0.5147059177	-0.520237589	0.2606547672
interaction_depth_adjusted	Intercept	-0.8446103765	0.8162992979	-1.034682228	0.3008173383	-2.444527601	0.755306848
interaction_depth_adjusted	C(Trip)[T.2]	-0.1105591223	0.3742936031	-0.2953807423	0.7677030428	-0.8441611041	0.6230428594
interaction_depth_adjusted	C(Trip)[T.3]	-0.3011446336	0.1500312846	-2.007212259	0.04472706684	-0.595200548	-0.007088719332
interaction_depth_adjusted	C(Trip)[T.4]	0.3874783578	0.1423751361	2.72153108	0.006498027448	0.1084282188	0.6665284967
interaction_depth_adjusted	C(Trip)[T.5]	0.413666262	0.148005759	2.794933553	0.005191038346	0.1235803048	0.7037522192
interaction_depth_adjusted	"C(Type, Treatment(reference=""Surface""))[T.Deep]"	0.2789774433	0.1109875562	2.513592088	0.01195085728	0.06144583027	0.4965090562
interaction_depth_adjusted	"C(Type, Treatment(reference=""Surface""))[T.Rhizosphere]"	-0.08843263977	0.1356764162	-0.6517907996	0.5145361377	-0.354353529	0.1774882494
interaction_depth_adjusted	"C(Trip)[T.2]:C(Type, Treatment(reference=""Surface""))[T.Deep]"	0.2368635973	0.47744457	0.4961070084	0.6198189148	-0.6989105644	1.172637759
interaction_depth_adjusted	"C(Trip)[T.3]:C(Type, Treatment(reference=""Surface""))[T.Deep]"	-0.06907987229	0.1577477242	-0.4379135903	0.6614489235	-0.3782597305	0.2400999859
interaction_depth_adjusted	"C(Trip)[T.4]:C(Type, Treatment(reference=""Surface""))[T.Deep]"	-0.4440272394	0.1740763589	-2.550761299	0.0107487916	-0.7852106335	-0.1028438453
interaction_depth_adjusted	"C(Trip)[T.5]:C(Type, Treatment(reference=""Surface""))[T.Deep]"	-0.2811968556	0.2139011747	-1.314611086	0.1886406423	-0.7004354542	0.138041743
interaction_depth_adjusted	"C(Trip)[T.2]:C(Type, Treatment(reference=""Surface""))[T.Rhizosphere]"	0.06257396281	0.4381536659	0.142812825	0.886438008	-0.796191442	0.9213393676
interaction_depth_adjusted	"C(Trip)[T.3]:C(Type, Treatment(reference=""Surface""))[T.Rhizosphere]"	-0.002426871314	0.1599835754	-0.01516950292	0.987896952	-0.3159889172	0.3111351746
interaction_depth_adjusted	"C(Trip)[T.4]:C(Type, Treatment(reference=""Surface""))[T.Rhizosphere]"	-0.04592477834	0.1988869034	-0.2309090119	0.8173854895	-0.4357359461	0.3438863894
interaction_depth_adjusted	"C(Trip)[T.5]:C(Type, Treatment(reference=""Surface""))[T.Rhizosphere]"	-0.3492966594	0.241931478	-1.443783431	0.148799904	-0.823473643	0.1248803241
interaction_depth_adjusted	log_sequencing_depth	0.489050154	0.05893329198	8.298368164	1.055511455e-16	0.3735430242	0.6045572837
protocol_matched_Deep-Surface	Intercept	-1.735303422	1.172319816	-1.480230394	0.1388117719	-4.033008039	0.5624011949
protocol_matched_Deep-Surface	C(Trip)[T.3]	-0.4024128502	0.1946300998	-2.067577679	0.03867975275	-0.7838808361	-0.02094486419
protocol_matched_Deep-Surface	C(Trip)[T.4]	0.8241686132	0.1422738186	5.792833998	6.920850652e-09	0.5453170529	1.103020174
protocol_matched_Deep-Surface	C(Trip)[T.5]	0.09656301739	0.2202967006	0.4383316552	0.6611458821	-0.3352105816	0.5283366164
protocol_matched_Deep-Surface	"C(Type, Treatment(reference=""Surface""))[T.Deep]"	0.2075382983	0.08219629553	2.524910606	0.01157277233	0.04643651942	0.3686400772
protocol_matched_Deep-Surface	log_sequencing_depth	0.5704722572	0.08792174287	6.488409335	8.674733285e-11	0.3981488077	0.7427957067
protocol_matched_Rhizosphere-Surface	Intercept	0.6366027553	1.205795413	0.5279525434	0.5975322745	-1.726712828	2.999918338
protocol_matched_Rhizosphere-Surface	C(Trip)[T.2]	0.02935738636	0.1526944922	0.1922622482	0.8475367883	-0.2699183191	0.3286330918
protocol_matched_Rhizosphere-Surface	C(Trip)[T.3]	-0.2873085785	0.1943516649	-1.478292345	0.1393295458	-0.668230842	0.0936136851
protocol_matched_Rhizosphere-Surface	C(Trip)[T.4]	0.790610067	0.1055839632	7.487974907	6.994439469e-14	0.5836693018	0.9975508322
protocol_matched_Rhizosphere-Surface	C(Trip)[T.5]	0.1406977611	0.2099463279	0.6701606195	0.5027554049	-0.2707894802	0.5521850025
protocol_matched_Rhizosphere-Surface	"C(Type, Treatment(reference=""Surface""))[T.Rhizosphere]"	-0.2706293082	0.1129455538	-2.396104133	0.01657038193	-0.4919985257	-0.04926009059
protocol_matched_Rhizosphere-Surface	log_sequencing_depth	0.3917642442	0.08890215965	4.406689846	1.049623144e-05	0.2175192132	0.5660092753
protocol_matched_Rhizosphere-Deep	Intercept	1.661597835	0.8703275576	1.909163763	0.05624096927	-0.04421283245	3.367408503
protocol_matched_Rhizosphere-Deep	C(Trip)[T.2]	0.1829541946	0.1714423144	1.067147252	0.2859053474	-0.153066567	0.5189749562
protocol_matched_Rhizosphere-Deep	C(Trip)[T.3]	-0.6626947022	0.1843502823	-3.594758272	0.0003246929042	-1.024014616	-0.3013747884
protocol_matched_Rhizosphere-Deep	C(Trip)[T.4]	-0.146566474	0.1422992901	-1.029987387	0.3030159263	-0.4254679576	0.1323350096
protocol_matched_Rhizosphere-Deep	C(Trip)[T.5]	-0.2505046379	0.2964490544	-0.8450174968	0.3981010701	-0.8315341079	0.330524832
protocol_matched_Rhizosphere-Deep	"C(Type, Treatment(reference=""Deep""))[T.Rhizosphere]"	-0.3422988087	0.09862493168	-3.470712759	0.0005190789411	-0.5356001228	-0.1489974947
protocol_matched_Rhizosphere-Deep	log_sequencing_depth	0.3504145492	0.06677829289	5.247431972	1.54233972e-07	0.2195315001	0.4812975982
