Trip	Site	Type	shannon	richness_rare	sequencing_depth	n_profiles	analysis_cohort
1	1	Deep	6.655827416668735	1636.6252012622272	207774.0	2	core_sites_1_60
1	1	Rhizosphere	6.763495886085533	2175.8681657015263	421548.0	2	core_sites_1_60
1	1	Surface	6.167398689022062	1597.146182607771	995003.0	3	core_sites_1_60
1	2	Deep	6.985541559159983	4260.57106853274	1473044.0	3	core_sites_1_60
1	2	Rhizosphere	5.139292246660462	1526.1426490161202	233931.0	2	core_sites_1_60
1	2	Surface	6.115056938782858	3029.0630703109573	685205.0	2	core_sites_1_60
1	3	Deep	6.5951686349882515	2250.5092743109158	617780.0	2	core_sites_1_60
1	3	Rhizosphere	4.98236384868539	1534.1038859525845	540125.0	3	core_sites_1_60
1	3	Surface	5.829635881951919	994.0671489879768	94096.0	2	core_sites_1_60
1	4	Deep	6.207069793069375	2382.2280587056075	1121924.0	3	core_sites_1_60
1	4	Rhizosphere	6.411839152720911	2527.413274161319	2868220.0	3	core_sites_1_60
1	4	Surface	6.332888782654392	1938.928910225052	641748.0	1	core_sites_1_60
1	5	Deep	5.7833386086643825	1127.0297403832903	167754.0	2	core_sites_1_60
1	5	Surface	5.790822002809446	1952.600717071325	1012808.0	3	core_sites_1_60
1	6	Deep	6.384605330622573	3183.993258088441	978991.0	2	core_sites_1_60
1	6	Rhizosphere	5.479554431493815	2006.25759725415	868883.0	2	core_sites_1_60
1	6	Surface	5.8918277515774955	1310.0169320036812	572689.0	2	core_sites_1_60
1	7	Deep	6.392795668024388	1609.0409174389688	539326.0	2	core_sites_1_60
1	7	Rhizosphere	5.307778352015222		14554.0	1	core_sites_1_60
1	7	Surface	4.255206468029547	879.7013378045528	201903.0	2	core_sites_1_60
1	8	Rhizosphere	5.838476733709411	1172.2924061301867	763061.0	3	core_sites_1_60
1	8	Surface	6.104140472266392	1262.2719397023895	197699.0	2	core_sites_1_60
1	9	Deep	6.538513011802939	1753.318858356448	572622.0	2	core_sites_1_60
1	9	Rhizosphere	5.797722828460501	1007.9952969046202	481950.0	2	core_sites_1_60
1	9	Surface	6.1873630024817174	1803.7905299763831	778496.0	3	core_sites_1_60
1	10	Deep	6.659232384545959	2134.779773951885	503679.0	1	core_sites_1_60
1	10	Rhizosphere	6.088738319696741	1217.5171095420296	742124.0	2	core_sites_1_60
1	10	Surface	6.457927307136321	2428.6078904286474	2683084.0	2	core_sites_1_60
1	11	Deep	5.8891003692377595	1076.5812141743154	639497.0	2	core_sites_1_60
1	11	Rhizosphere	5.557777131587343	2121.7977398440607	1544550.0	3	core_sites_1_60
1	11	Surface	5.678883274313884	917.4636125265656	125604.0	1	core_sites_1_60
1	12	Deep	6.082672525658333	1498.9080963181436	735313.0	2	core_sites_1_60
1	12	Rhizosphere	6.132785609988525	1366.3147321501385	354670.0	2	core_sites_1_60
1	12	Surface	5.376889020849663	1291.8831899834213	482363.0	3	core_sites_1_60
1	13	Deep	6.3704847123033295	2166.8265591015506	2325640.0	2	core_sites_1_60
1	13	Surface	5.654056548523213	1328.196790252568	357173.0	1	core_sites_1_60
1	14	Deep	5.704791388152043	1622.4730090281791	1939892.0	3	core_sites_1_60
1	14	Rhizosphere	4.729813389510372	597.4488873590617	988383.0	2	core_sites_1_60
1	14	Surface	5.893253635686056	1832.7602210913344	1079644.0	1	core_sites_1_60
1	15	Deep	7.111274816365418	3124.510357096978	2124910.0	2	core_sites_1_60
1	15	Rhizosphere	5.913226367989616	1416.46689150619	2035943.0	3	core_sites_1_60
1	15	Surface	6.132545490784553	1442.2986922242528	971961.0	2	core_sites_1_60
1	16	Deep	6.293553105758303	1512.4035477561151	537091.0	2	core_sites_1_60
1	16	Rhizosphere	5.227667755987622	1528.9444904223376	1708227.0	3	core_sites_1_60
1	16	Surface	4.805189136725123	804.7028303664246	214146.0	1	core_sites_1_60
1	17	Deep	6.631193603619146	1777.8051738126535	377750.0	3	core_sites_1_60
1	17	Rhizosphere	5.552827488096427	876.6623294606682	254784.0	2	core_sites_1_60
1	17	Surface	5.880762123406311	1408.565488616048	730670.0	3	core_sites_1_60
1	18	Deep	5.753251893919978	932.4780642566368	299805.0	1	core_sites_1_60
1	18	Rhizosphere	4.318526546129159	715.2116420265198	1255244.0	2	core_sites_1_60
1	18	Surface	5.245220086020158	487.5603930167889	230212.0	2	core_sites_1_60
1	19	Deep	5.551485243515163	964.2620454588297	187793.0	2	core_sites_1_60
1	19	Surface	4.590575059146284	1034.061360970041	896382.0	2	core_sites_1_60
1	20	Deep	5.628468686636971	1360.1556215762125	821711.0	2	core_sites_1_60
1	20	Rhizosphere	5.802532037088589	1849.2704888086687	834875.0	2	core_sites_1_60
1	20	Surface	4.268529229879459	749.1284352798424	881277.0	2	core_sites_1_60
1	21	Deep	6.127781067748957	1728.727804738846	355097.0	1	core_sites_1_60
1	21	Surface	6.172198280167663	1682.081153702061	866584.0	3	core_sites_1_60
1	22	Deep	6.251087328516189	1643.370074496009	1315676.0	3	core_sites_1_60
1	22	Rhizosphere	5.74794086041552	1182.8608362023351	655515.0	2	core_sites_1_60
1	22	Surface	5.681170915388341	563.4540709488454	334183.0	2	core_sites_1_60
1	23	Deep	5.843015289357189	1427.1225285620235	314175.0	2	core_sites_1_60
1	23	Rhizosphere	5.02694032621065	724.5443706613164	286415.0	3	core_sites_1_60
1	23	Surface	5.53005955739967	1312.7679948601588	1541881.0	3	core_sites_1_60
1	24	Deep	6.239503249277968	1624.7757609452538	999400.0	2	core_sites_1_60
1	24	Surface	5.044126433359441	610.5599346975857	145880.0	2	core_sites_1_60
1	25	Deep	6.343256602433424	2248.4269287788284	1297728.0	2	core_sites_1_60
1	25	Rhizosphere	5.265009395124739	1102.612836170705	375595.0	1	core_sites_1_60
1	25	Surface	6.131820444375833	1596.7501400331544	1194673.0	2	core_sites_1_60
1	26	Deep	6.012921566765936	1698.554280725808	1519920.0	3	core_sites_1_60
1	26	Rhizosphere	5.283848047538211	856.4579107842674	349279.0	2	core_sites_1_60
1	26	Surface	5.78370740820102	1446.743034070237	1535430.0	3	core_sites_1_60
1	27	Deep	6.571049931995515	2309.7013706980174	1485853.0	3	core_sites_1_60
1	27	Rhizosphere	5.324722824326862	1541.6715125846401	867136.0	2	core_sites_1_60
1	27	Surface	5.79496183444069	1910.1144899023298	1399384.0	2	core_sites_1_60
1	28	Deep	6.248907394424037	1224.0547944849068	460857.0	2	core_sites_1_60
1	28	Rhizosphere	6.073338013807822	1797.8130737419915	566434.0	2	core_sites_1_60
1	28	Surface	5.820506225113047	1538.9620568813073	1722363.0	3	core_sites_1_60
1	29	Deep	6.353082982965905	1475.566819693655	1169069.0	3	core_sites_1_60
1	29	Rhizosphere	6.216200982349513	1437.6660468996467	974827.0	3	core_sites_1_60
1	29	Surface	5.558463843818879	759.6399617491878	831757.0	2	core_sites_1_60
1	30	Deep	6.172157290523014	1051.4789941599647	139558.0	1	core_sites_1_60
1	30	Rhizosphere	6.153294213713623	1921.5523717464066	1125663.0	2	core_sites_1_60
1	30	Surface	5.684746431776925	1339.0152148409081	1334299.0	3	core_sites_1_60
1	31	Deep	6.0195819534267	857.8730645908449	462115.0	1	core_sites_1_60
1	31	Rhizosphere	5.1082510764087505	856.1593546627095	527866.0	2	core_sites_1_60
1	31	Surface	5.982303714390145	1306.2672449893985	561260.0	2	core_sites_1_60
1	32	Rhizosphere	5.926404801357702	1104.0843235012692	1128643.0	3	core_sites_1_60
1	33	Deep	5.826290634478485	1505.9847112303712	1360920.0	3	core_sites_1_60
1	33	Rhizosphere	5.356929192538623	1463.6314846719386	725381.0	2	core_sites_1_60
1	33	Surface	6.078781204513758	950.0132484085204	411842.0	2	core_sites_1_60
1	34	Deep	5.2189920310867155	1327.6903467798024	975320.0	2	core_sites_1_60
1	34	Rhizosphere	5.498057749006544	1089.4217572791435	710477.0	2	core_sites_1_60
1	34	Surface	6.38675798988514	1845.222661499608	1259584.0	2	core_sites_1_60
1	35	Deep	6.288225718704065	1876.817057085585	2113803.0	2	core_sites_1_60
1	35	Rhizosphere	5.243250234383668	263.91438694813235	218183.0	2	core_sites_1_60
1	35	Surface	6.183931539149187	1696.946387415399	1257956.0	2	core_sites_1_60
1	36	Deep	5.822798588718195	1023.1323226286222	892955.0	2	core_sites_1_60
1	36	Surface	5.319509169857951	1110.031297012562	181631.0	3	core_sites_1_60
1	37	Deep	6.438586561922435	1789.9186517323355	568081.0	2	core_sites_1_60
1	37	Rhizosphere	5.590505002756235	1246.7652199530576	906397.0	2	core_sites_1_60
1	37	Surface	6.35379911013621	1662.9591390463825	542644.0	2	core_sites_1_60
1	38	Deep	6.451015379810903	1877.6125640879948	615794.0	2	core_sites_1_60
1	38	Rhizosphere	5.111158038454016	1663.409526270903	639094.0	2	core_sites_1_60
1	38	Surface	6.612538871122726	2094.012956289927	776630.0	2	core_sites_1_60
1	39	Deep	4.236273073912697	1234.578915225885	250047.0	2	core_sites_1_60
1	39	Rhizosphere	5.246925145049544	929.0501548107455	950659.0	3	core_sites_1_60
1	39	Surface	5.854214328168118	900.1926786578451	132265.0	1	core_sites_1_60
1	40	Deep	5.866352574523278	1392.8329148774158	561862.0	2	core_sites_1_60
1	40	Rhizosphere	5.676667236187773	1070.9707291785237	606965.0	2	core_sites_1_60
1	41	Deep	2.515991427976635		24318.0	1	core_sites_1_60
1	41	Rhizosphere	5.797500418919494	995.4092137418162	330261.0	1	core_sites_1_60
1	42	Deep	6.481842446038048	1396.861235306331	148967.0	1	core_sites_1_60
1	42	Rhizosphere	5.572948570055044	995.4514429658673	617197.0	2	core_sites_1_60
1	42	Surface	5.778808833682283	1381.834878077374	713122.0	3	core_sites_1_60
1	43	Deep	6.4327421528003494	2024.162169915441	637091.0	2	core_sites_1_60
1	43	Rhizosphere	6.424623084712568	1714.0069434847398	301967.0	1	core_sites_1_60
1	43	Surface	5.761487936954504	743.7881701397769	303582.0	2	core_sites_1_60
1	44	Deep	6.261705428379263	2269.2598836410834	737956.0	1	core_sites_1_60
1	44	Rhizosphere	5.610178623136055	641.0891059958948	284076.0	2	core_sites_1_60
1	45	Deep	5.966492896615606	1191.7968038039166	788222.0	2	core_sites_1_60
1	45	Rhizosphere	5.4863804982152296	1029.0924084611363	258006.0	1	core_sites_1_60
1	45	Surface	6.127026216817883	1478.1753576463889	512753.0	1	core_sites_1_60
1	46	Deep	5.055741797306747	417.1887898231782	129263.0	1	core_sites_1_60
1	46	Rhizosphere	4.055009165820923		2046.0	1	core_sites_1_60
1	46	Surface	5.148081164849797	348.86023350645235	107990.0	1	core_sites_1_60
1	47	Deep	6.407685172457798	1453.289107834876	309777.0	2	core_sites_1_60
1	47	Rhizosphere	5.124237546974011		21560.0	1	core_sites_1_60
1	47	Surface	6.76689901457821	2269.286725563836	382238.0	1	core_sites_1_60
1	48	Deep	5.7632927140028745	1066.6676884877236	175317.0	1	core_sites_1_60
1	48	Surface	5.589313506088121	999.3341612055386	300759.0	1	core_sites_1_60
1	49	Deep	5.480517931532357	834.6929550123816	191915.0	1	core_sites_1_60
1	49	Rhizosphere	5.900392269910602	718.4084377387509	109413.0	1	core_sites_1_60
1	49	Surface	5.291425508085974	546.2256833378541	99105.0	2	core_sites_1_60
1	50	Deep	5.914031399272205	878.421178026758	133535.0	2	core_sites_1_60
1	50	Rhizosphere	6.043761744056281	1391.9511748366108	1041074.0	2	core_sites_1_60
1	50	Surface	5.888705784985729	1403.6820939817862	371615.0	3	core_sites_1_60
1	51	Deep	5.732459912460639	1325.8637972408947	1966762.0	2	core_sites_1_60
1	51	Rhizosphere	4.151150836492533	398.687925451963	333425.0	1	core_sites_1_60
1	51	Surface	5.543079820325588	736.1298684634135	159042.0	1	core_sites_1_60
1	52	Deep	4.655282501768799	557.4605550257522	405299.0	1	core_sites_1_60
1	53	Deep	4.35630075818349	855.8946772372909	549806.0	2	core_sites_1_60
1	53	Rhizosphere	5.299588697275191	980.2799390705219	520660.0	2	core_sites_1_60
1	53	Surface	1.5121167518413738	89.93356757282815	67648.0	1	core_sites_1_60
1	54	Deep	5.521023602192509	963.9189639822639	810402.0	2	core_sites_1_60
1	54	Rhizosphere	4.3400902353945705	440.6520389342681	269995.0	3	core_sites_1_60
1	54	Surface	3.9892811127559367	324.1786443457825	72253.0	3	core_sites_1_60
1	55	Deep	3.834518734875747	255.87694967509185	106266.0	1	core_sites_1_60
1	55	Rhizosphere	3.5405173186515437	167.86015026953586	135815.0	2	core_sites_1_60
1	55	Surface	2.9067507705359756	180.52354435163764	62858.0	2	core_sites_1_60
1	56	Deep	4.324703993059115	207.9953360721939	55377.0	2	core_sites_1_60
1	56	Surface	4.783581585736284	1238.2147097782208	276604.0	2	core_sites_1_60
1	57	Deep	5.188134154240806	321.9572829073328	31250.0	1	core_sites_1_60
1	57	Rhizosphere	4.8078594159009	593.6056619283953	676039.0	2	core_sites_1_60
1	57	Surface	3.88909466118054	115.89376765468654	94954.0	1	core_sites_1_60
1	58	Rhizosphere	5.162432508762434	633.0283223136506	197756.0	1	core_sites_1_60
1	58	Surface	4.311824922500376		17728.0	2	core_sites_1_60
1	59	Rhizosphere	3.690052725539084		8737.0	1	core_sites_1_60
1	60	Deep	4.5929080842769565	264.4163320149264	414664.0	2	core_sites_1_60
1	60	Surface	4.642253451079344	419.1767935408388	142260.0	1	core_sites_1_60
1	61	Surface	3.7826356829896586		8125.0	1	trip1_only_nonrevisited
1	62	Rhizosphere	4.49635087216499	489.9201096199018	116619.0	1	trip1_only_nonrevisited
1	62	Surface	4.03381711432521		7769.0	1	trip1_only_nonrevisited
1	63	Rhizosphere	3.440031042897097		8574.0	1	trip1_only_nonrevisited
1	64	Deep	5.90997772944636	1010.4212120399832	104449.0	1	trip1_only_nonrevisited
1	64	Rhizosphere	3.2325419204181647		24428.0	2	trip1_only_nonrevisited
1	64	Surface	6.319424450244367	1909.9544930970258	617380.0	3	trip1_only_nonrevisited
2	1	Deep	3.586140005587671		1485.0	1	core_sites_1_60
2	1	Rhizosphere	6.279561440931878	1754.9053753936114	470193.0	1	core_sites_1_60
2	2	Deep	4.798986593452173		12566.0	1	core_sites_1_60
2	2	Rhizosphere	5.052510760899326	1986.529696569262	665671.0	2	core_sites_1_60
2	3	Deep	4.859830363832357		6881.0	1	core_sites_1_60
2	4	Rhizosphere	5.978007521513599	2339.5629090356606	545420.0	1	core_sites_1_60
2	4	Surface	6.491502375118535	1677.3479147724586	226775.0	1	core_sites_1_60
2	5	Rhizosphere	6.624019206265058	2628.42970723288	301075.0	1	core_sites_1_60
2	5	Surface	6.519086541948259	2299.9778521749554	3455581.0	3	core_sites_1_60
2	6	Deep	6.2886406558508	2074.890077740672	799951.0	2	core_sites_1_60
2	6	Rhizosphere	3.843370734948529		23125.0	2	core_sites_1_60
2	6	Surface	5.448867138823008	1365.1566784692077	1406593.0	1	core_sites_1_60
2	7	Deep	6.371353107083361	1610.7497526606262	570327.0	1	core_sites_1_60
2	7	Rhizosphere	5.968384563298536	1491.7363191490326	611047.0	2	core_sites_1_60
2	8	Deep	3.8013977938268697		13407.0	1	core_sites_1_60
2	8	Rhizosphere	5.7681055511416695	2551.141919905825	626656.0	2	core_sites_1_60
2	8	Surface	6.444431474850381	2460.563514437425	603513.0	1	core_sites_1_60
3	1	Deep	4.302084395762626	1415.2585621488076	603215.0	3	core_sites_1_60
3	1	Rhizosphere	4.863328238768217	910.3020875733046	204029.0	4	core_sites_1_60
3	1	Surface	6.313653171722209	1802.96388518679	605747.0	3	core_sites_1_60
3	2	Deep	7.102437170527893	2380.098821082613	397621.0	3	core_sites_1_60
3	2	Rhizosphere	5.198111064668159	1153.7710822023844	247056.0	3	core_sites_1_60
3	2	Surface	6.767298199452729	2041.5971642406648	328493.0	3	core_sites_1_60
3	3	Deep	7.129085019725692	2983.7200317833485	2111019.0	3	core_sites_1_60
3	3	Rhizosphere	5.954229500717725	2044.3470062690276	488285.0	2	core_sites_1_60
3	3	Surface	6.937588824339417	2614.2251129434558	1451104.0	3	core_sites_1_60
3	4	Deep	6.399108293730137	1775.3227899242952	230198.0	2	core_sites_1_60
3	4	Rhizosphere	6.389501816559349	1388.4427500052764	184458.0	2	core_sites_1_60
3	4	Surface	6.738779483355267	1799.2257927034532	273032.0	3	core_sites_1_60
3	5	Deep	6.524356519446924	1287.3885543592996	157739.0	2	core_sites_1_60
3	5	Rhizosphere	5.871814693151994	1303.0579229091395	70036.0	1	core_sites_1_60
3	5	Surface	6.453892499663721	1978.221512305975	498116.0	3	core_sites_1_60
3	6	Deep	6.7245079362160585	2569.3134043692	418339.0	1	core_sites_1_60
3	6	Rhizosphere	6.462891055021903	2082.101914341525	988366.0	3	core_sites_1_60
3	6	Surface	6.280062042198345	1492.7951208202855	1848347.0	3	core_sites_1_60
3	7	Deep	6.363314929289019	2032.297201652198	1125007.0	3	core_sites_1_60
3	7	Rhizosphere	6.094444575009071	2107.5403198699155	1042632.0	3	core_sites_1_60
3	7	Surface	6.155660645018407	1870.1950942423964	1006933.0	3	core_sites_1_60
3	8	Deep	5.723817576303721	1171.434007127245	2008125.0	3	core_sites_1_60
3	8	Rhizosphere	6.8301871292534235	2399.2355930435824	775524.0	3	core_sites_1_60
3	8	Surface	6.2250269254229424	1545.8569839342124	2054157.0	3	core_sites_1_60
3	9	Deep	5.816421430276473	1737.4953062548202	1672614.0	3	core_sites_1_60
3	9	Rhizosphere	4.049173163324666	834.7618728275808	495146.0	3	core_sites_1_60
3	9	Surface	5.8271100790374115	1894.7429366805493	1049141.0	3	core_sites_1_60
3	10	Deep	5.408203287094619	1352.8229229526025	1683068.0	3	core_sites_1_60
3	10	Rhizosphere	5.098572324153641	1164.2005208029893	468053.0	2	core_sites_1_60
3	10	Surface	6.055372169785756	2126.6419542783	1348243.0	3	core_sites_1_60
3	11	Deep	6.499837269066266	2488.3156059502453	1721214.0	3	core_sites_1_60
3	11	Rhizosphere	6.1531368995823135	1927.5698277673355	1226143.0	3	core_sites_1_60
3	11	Surface	5.33132292335662	1141.8579290084228	2426741.0	3	core_sites_1_60
3	12	Deep	7.2860887072277984	3161.6193727372593	741812.0	2	core_sites_1_60
3	12	Rhizosphere	5.513040103614048	1245.1898008346598	449497.0	3	core_sites_1_60
3	12	Surface	6.406766553503664	2225.6535956957796	744382.0	2	core_sites_1_60
3	13	Deep	6.430144630768304	2561.9684208664894	1353486.0	3	core_sites_1_60
3	13	Rhizosphere	5.869012596171579	1468.819716072153	452788.0	3	core_sites_1_60
3	13	Surface	6.156717871670349	1571.908881748339	1878326.0	3	core_sites_1_60
3	14	Deep	6.056716872993536	2343.2148640306227	1822184.0	3	core_sites_1_60
3	14	Rhizosphere	4.979542142522668	663.3431333864987	275001.0	3	core_sites_1_60
3	14	Surface	6.082171619244762	1591.1086809308647	723788.0	3	core_sites_1_60
3	15	Deep	6.069282548949194	1409.3959666010921	470507.0	3	core_sites_1_60
3	15	Rhizosphere	5.326190012227268	754.7770152092239	281921.0	4	core_sites_1_60
3	15	Surface	5.775000568539848	1147.5741693522311	425352.0	3	core_sites_1_60
3	16	Deep	6.1690521588675375	1883.5844814807078	793674.0	3	core_sites_1_60
3	16	Rhizosphere	6.391670394775683	1980.9242905832764	692411.0	3	core_sites_1_60
3	16	Surface	6.73851088359611	2333.103700642338	804048.0	3	core_sites_1_60
3	17	Deep	6.4139396749164135	2121.125147958324	1884065.0	3	core_sites_1_60
3	17	Rhizosphere	5.9746241579742465	1320.5818196086336	513526.0	3	core_sites_1_60
3	17	Surface	6.816769420078745	2151.616510786737	1802039.0	3	core_sites_1_60
3	18	Deep	6.546326608121955	1970.000086030372	1640559.0	3	core_sites_1_60
3	18	Rhizosphere	2.841928847259298	1088.5234502813257	1792310.0	3	core_sites_1_60
3	18	Surface	6.168671042660108	1815.9954389706993	2613887.0	3	core_sites_1_60
3	19	Deep	6.291810049906857	2001.5062763267833	2530632.0	3	core_sites_1_60
3	19	Rhizosphere	5.162279610659627	867.0314037251064	523706.0	3	core_sites_1_60
3	19	Surface	6.212461266560342	2276.2913920699793	1857672.0	3	core_sites_1_60
3	20	Deep	6.564528507169243	1422.654936801989	1716320.0	3	core_sites_1_60
3	20	Rhizosphere	6.52053072392006	2179.897062277678	1563942.0	3	core_sites_1_60
3	20	Surface	6.224859798737388	1678.7582328885176	1273177.0	3	core_sites_1_60
3	21	Deep	6.503654787490077	2083.6680827441046	1201093.0	3	core_sites_1_60
3	21	Rhizosphere	5.83300751694951	1864.6837347078344	1049598.0	3	core_sites_1_60
3	21	Surface	4.653830231303908	1039.750341979303	829736.0	3	core_sites_1_60
3	22	Deep	5.911401864401049	1283.042776041555	1821417.0	3	core_sites_1_60
3	22	Rhizosphere	6.265410884435234	1822.062444759472	969713.0	3	core_sites_1_60
3	22	Surface	5.760669396396256	1241.1606563561324	890311.0	3	core_sites_1_60
3	23	Deep	6.844643699681723	2692.525647112066	1323349.0	3	core_sites_1_60
3	23	Rhizosphere	5.8773581791861504	1244.898588449559	515891.0	3	core_sites_1_60
3	23	Surface	6.718785789353255	2576.311982100584	1377886.0	3	core_sites_1_60
3	24	Deep	5.916336648968314	1871.0230623591372	692218.0	2	core_sites_1_60
3	24	Rhizosphere	5.562917544502213	1181.5067099614757	654862.0	4	core_sites_1_60
3	24	Surface	5.47264847299843	1533.8179765430007	683910.0	3	core_sites_1_60
3	25	Deep	5.722915979398806	1477.8291784017995	949231.0	3	core_sites_1_60
3	25	Rhizosphere	3.8543936690382563	682.4224744770767	788109.0	3	core_sites_1_60
3	25	Surface	4.100230123075389	924.7800395690157	836252.0	3	core_sites_1_60
3	26	Deep	6.6017360401670375	2243.1659754483994	548248.0	2	core_sites_1_60
3	26	Rhizosphere	5.587947600824328	1515.2217752716388	719682.0	3	core_sites_1_60
3	26	Surface	6.069959087978669	1765.4436873243794	629809.0	2	core_sites_1_60
3	27	Deep	5.868424010017013	1542.3760694604105	617633.0	2	core_sites_1_60
3	27	Rhizosphere	3.742205287188332	572.0165154329923	908508.0	3	core_sites_1_60
3	27	Surface	4.8414924982480025	1160.9791198364271	578472.0	3	core_sites_1_60
3	28	Deep	6.87951290218506	2967.0519548716584	2459934.0	3	core_sites_1_60
3	28	Rhizosphere	5.3174166341744415	1186.992272861906	653667.0	3	core_sites_1_60
3	28	Surface	6.559867412994017	2634.1965222824465	2070380.0	3	core_sites_1_60
3	29	Deep	6.344756347194429	1935.3611620875681	858702.0	3	core_sites_1_60
3	29	Rhizosphere	3.87171380379193	273.40852554805116	286534.0	3	core_sites_1_60
3	29	Surface	4.97349786155382	1075.6326258168078	691732.0	3	core_sites_1_60
3	30	Deep	6.107053913601445	1843.955388348362	1821844.0	3	core_sites_1_60
3	30	Rhizosphere	6.106496907164374	1501.5893677640204	606363.0	3	core_sites_1_60
3	30	Surface	6.288350133687559	1983.6558462049761	992779.0	3	core_sites_1_60
3	31	Deep	4.850096920471139	1259.7926470148054	692895.0	2	core_sites_1_60
3	31	Rhizosphere	5.0314871455736	702.6231417720497	435740.0	3	core_sites_1_60
3	31	Surface	6.237870695655683	1679.820389324977	1012880.0	4	core_sites_1_60
3	32	Deep	6.272102034020063	1640.416586172559	1814806.0	3	core_sites_1_60
3	32	Rhizosphere	5.526104311632132	1266.1511519790959	1553703.0	3	core_sites_1_60
3	32	Surface	6.263212802275821	1976.1294708687194	2172148.0	3	core_sites_1_60
3	33	Deep	6.363585000377481	2073.171930656211	1748596.0	4	core_sites_1_60
3	33	Rhizosphere	5.834211776671378	1332.3637424198985	548237.0	2	core_sites_1_60
3	33	Surface	6.493869137280613	1955.6987878401571	1895979.0	3	core_sites_1_60
3	34	Deep	6.204205763750113	2087.9930306751653	1917606.0	3	core_sites_1_60
3	34	Rhizosphere	5.91740382404382	1618.8411992085864	839233.0	3	core_sites_1_60
3	34	Surface	6.314553660110963	2171.244627321231	2257512.0	4	core_sites_1_60
3	35	Deep	6.6299469125297135	2608.3250077757543	1722914.0	3	core_sites_1_60
3	35	Rhizosphere	6.288570422811566	1705.5897548972828	838068.0	3	core_sites_1_60
3	35	Surface	5.879853023828911	1890.3634909137863	1897807.0	3	core_sites_1_60
3	36	Deep	6.709803723495927	2314.0845765562876	1235820.0	3	core_sites_1_60
3	36	Rhizosphere	5.324104947867812	1179.8804565106045	874257.0	3	core_sites_1_60
3	36	Surface	5.83560131651403	2179.9277475322688	1123972.0	2	core_sites_1_60
3	37	Deep	6.006169764173909	1830.5971450749505	1038143.0	3	core_sites_1_60
3	37	Rhizosphere	4.43084771260017	950.4152567430037	2157407.0	3	core_sites_1_60
3	37	Surface	6.290503509718357	1800.7998420794393	1937965.0	3	core_sites_1_60
3	38	Deep	5.899199892952055	1838.364944544973	1317875.0	2	core_sites_1_60
3	38	Rhizosphere	5.471903285045303	1474.923448362356	2316175.0	3	core_sites_1_60
3	38	Surface	6.230482422932211	2255.650287834158	2230808.0	3	core_sites_1_60
3	39	Deep	5.645271080322546	1376.0100574120925	1398629.0	2	core_sites_1_60
3	39	Rhizosphere	5.141956242688881	1373.4231796078573	691821.0	2	core_sites_1_60
3	39	Surface	5.497981633611329	1482.464100552798	1155729.0	3	core_sites_1_60
3	40	Deep	6.022109200834465	1812.4394460261901	2065404.0	4	core_sites_1_60
3	40	Rhizosphere	6.004055050778477	1683.26799444924	988325.0	3	core_sites_1_60
3	40	Surface	5.973153130639697	1640.0105334508137	790597.0	3	core_sites_1_60
3	41	Deep	3.741664224656489	432.9849204815815	775912.0	2	core_sites_1_60
3	41	Rhizosphere	5.605245988299346	1110.4760298422348	687287.0	2	core_sites_1_60
3	42	Deep	6.481435030113012	2330.0116975551423	1533695.0	3	core_sites_1_60
3	42	Rhizosphere	5.640502011196392	1354.0232123865492	929403.0	3	core_sites_1_60
3	42	Surface	5.502720268575023	1676.9561529487	3590202.0	3	core_sites_1_60
3	43	Deep	5.635999303932265	1371.6119274333005	1924385.0	4	core_sites_1_60
3	43	Rhizosphere	6.017551654209188	1342.0756094773194	818343.0	3	core_sites_1_60
3	43	Surface	5.1734240017175095	1449.1995379808243	1325632.0	3	core_sites_1_60
3	44	Deep	6.062959606821661	1304.3200690777987	1525486.0	3	core_sites_1_60
3	44	Rhizosphere	4.276685978717749	717.2664431039684	705893.0	3	core_sites_1_60
3	44	Surface	5.7938849842479465	1446.0296162082993	1636698.0	3	core_sites_1_60
3	45	Deep	5.962789050487433	1705.3079887087358	1025217.0	3	core_sites_1_60
3	45	Rhizosphere	6.705176788046319	2200.2589804770346	648066.0	3	core_sites_1_60
3	45	Surface	4.479381052902924	826.3885570057214	828286.0	3	core_sites_1_60
3	46	Deep	5.721940515696714	1299.230143463071	202959.0	1	core_sites_1_60
3	46	Surface	3.2813298747937614	72.87472173159911	58312.0	1	core_sites_1_60
3	47	Deep	4.274931783309475	561.6579112387826	252684.0	2	core_sites_1_60
3	47	Rhizosphere	3.643421238623239	88.83397262056053	548329.0	4	core_sites_1_60
3	47	Surface	2.6796441065151626	24.99999999999981	40903.0	1	core_sites_1_60
3	48	Deep	5.235426620248774	1068.6131619626221	539236.0	3	core_sites_1_60
3	48	Rhizosphere	4.675919888336726	352.94900161848386	950754.0	4	core_sites_1_60
3	48	Surface	5.100916048833173	858.9872081527086	531575.0	3	core_sites_1_60
3	49	Deep	4.8530849499736	1013.1591418858761	972558.0	3	core_sites_1_60
3	49	Rhizosphere	5.591226600659589	733.4992721879375	1079947.0	3	core_sites_1_60
3	49	Surface	4.7987133395442045	595.8858506458298	1081734.0	3	core_sites_1_60
3	50	Deep	5.595154378954558	1122.845880257987	1720774.0	3	core_sites_1_60
3	50	Rhizosphere	5.884309571956627	1487.2866202418265	663335.0	3	core_sites_1_60
3	50	Surface	5.8678271754774105	1592.3662841093894	611246.0	2	core_sites_1_60
3	51	Deep	5.219498393303304	581.9295550924486	304280.0	1	core_sites_1_60
3	51	Rhizosphere	5.708759041565449	938.1810563243884	1194418.0	3	core_sites_1_60
3	51	Surface	5.320683031468111	619.3594380835654	517307.0	2	core_sites_1_60
3	52	Surface	3.7328873342432876	111.12907515887842	362264.0	4	core_sites_1_60
3	53	Deep	3.8014869389386994	126.54227379218638	500758.0	3	core_sites_1_60
3	53	Rhizosphere	5.849047752168181	1458.2814900085204	459016.0	1	core_sites_1_60
3	53	Surface	4.717959326040593	205.16188172489151	208040.0	1	core_sites_1_60
3	54	Rhizosphere	4.54176949589219	424.3094744186412	309479.0	1	core_sites_1_60
3	55	Surface	4.004819964285463	449.0821295177003	1061555.0	2	core_sites_1_60
3	56	Surface	2.690985689724857	68.59764348613164	224692.0	4	core_sites_1_60
3	57	Deep	2.756038017914311	74.01649108386852	187849.0	2	core_sites_1_60
3	57	Rhizosphere	5.161235093986385	862.9321176055411	786313.0	3	core_sites_1_60
3	57	Surface	2.657222560061575	92.70949938555536	196960.0	2	core_sites_1_60
3	58	Deep	3.1615361807128384		9890.0	2	core_sites_1_60
3	58	Rhizosphere	4.7976825512908485	612.3547956424349	715573.0	3	core_sites_1_60
3	58	Surface	5.1582082393643205	923.944053625911	738942.0	4	core_sites_1_60
3	59	Deep	3.1540409431417467	113.80909734855592	45685.0	2	core_sites_1_60
3	59	Rhizosphere	2.896369439412186	104.47391107284184	70172.0	2	core_sites_1_60
3	59	Surface	2.715945930466213	68.50567114388431	175015.0	4	core_sites_1_60
3	60	Rhizosphere	3.977044430600214	222.30901859631112	581397.0	5	core_sites_1_60
3	60	Surface	5.2422189987614365	304.2011650889954	197084.0	4	core_sites_1_60
4	1	Deep	6.353534714140529	2099.849102748373	368561.0	1	core_sites_1_60
4	1	Rhizosphere	4.583465013367976	627.6327133523467	136718.0	1	core_sites_1_60
4	1	Surface	6.116664127421248	1811.388876497541	244296.0	1	core_sites_1_60
4	2	Deep	5.964683413041789	819.059846514853	211591.0	1	core_sites_1_60
4	2	Surface	6.691177944810439	2693.345291277066	430872.0	1	core_sites_1_60
4	3	Deep	6.603076685319738	1479.543091581542	550082.0	1	core_sites_1_60
4	3	Rhizosphere	4.927297249873915	1433.5113683665638	322317.0	1	core_sites_1_60
4	3	Surface	6.123983512424463	814.8516480142158	504058.0	1	core_sites_1_60
4	4	Deep	6.924245243251809	2705.047959715724	416306.0	1	core_sites_1_60
4	4	Rhizosphere	6.094916872887094	1793.0227210866128	194618.0	1	core_sites_1_60
4	4	Surface	6.377092757676245	2304.9091556447324	391895.0	1	core_sites_1_60
4	5	Deep	5.76070044337214	922.6052525259064	380915.0	1	core_sites_1_60
4	5	Rhizosphere	6.164922994825996	1352.6663898853228	362651.0	1	core_sites_1_60
4	5	Surface	6.106081346858193	1419.8296434737151	112226.0	1	core_sites_1_60
4	6	Deep	6.79686298487793	2484.739641680741	367860.0	1	core_sites_1_60
4	6	Rhizosphere	6.411481530516404	2476.8888430602838	507052.0	1	core_sites_1_60
4	6	Surface	6.661456725094003	2701.115471339674	795417.0	1	core_sites_1_60
4	7	Deep	7.1082422929998605	2336.490394918916	556808.0	1	core_sites_1_60
4	7	Rhizosphere	6.328377114500981	1799.7202134969252	221959.0	1	core_sites_1_60
4	7	Surface	6.761307704456072	1739.9913870806129	528931.0	1	core_sites_1_60
4	8	Deep	6.06701174242122	1266.2254768033638	583823.0	1	core_sites_1_60
4	8	Rhizosphere	6.637149742968953	2339.040162136229	563748.0	1	core_sites_1_60
4	8	Surface	5.970346007258758	858.203807711838	543835.0	1	core_sites_1_60
4	9	Deep	5.881799640785431	1586.0641113679546	339705.0	1	core_sites_1_60
4	9	Rhizosphere	5.093271029897695	674.6058824224224	99086.0	1	core_sites_1_60
4	9	Surface	6.1958488266800105	1672.5306242460838	518496.0	1	core_sites_1_60
4	10	Deep	6.139390696495912	1852.9880858922495	427301.0	1	core_sites_1_60
4	10	Rhizosphere	3.3025685354410648	377.3712113847758	175679.0	1	core_sites_1_60
4	10	Surface	6.283618337633392	2132.0827447350925	448414.0	1	core_sites_1_60
4	11	Deep	6.459004331847419	1633.779651747884	443602.0	1	core_sites_1_60
4	11	Rhizosphere	6.022684181478236	1620.429152609462	259816.0	1	core_sites_1_60
4	11	Surface	5.858415978396275	611.7809478146437	490941.0	1	core_sites_1_60
4	12	Deep	6.721066496980295	2006.8653724134924	637514.0	1	core_sites_1_60
4	12	Rhizosphere	6.225947285586951	2171.2146709867307	290486.0	1	core_sites_1_60
4	12	Surface	6.202477859780963	1156.347520145321	883286.0	1	core_sites_1_60
4	13	Deep	6.609463819196131	1570.1803523699318	602152.0	1	core_sites_1_60
4	13	Rhizosphere	6.953695777559904	2743.185738703012	519732.0	1	core_sites_1_60
4	13	Surface	6.288791477240704	1095.8287403450506	569978.0	1	core_sites_1_60
4	14	Deep	6.715830068042157	2334.074983221345	652418.0	1	core_sites_1_60
4	14	Rhizosphere	3.4687958258304974	239.0474613393176	209711.0	1	core_sites_1_60
4	14	Surface	6.110810839240809	1989.387459436774	403647.0	1	core_sites_1_60
4	15	Deep	7.394971022945973	3412.989789788409	477736.0	1	core_sites_1_60
4	15	Rhizosphere	7.385716840545992	3456.4363114938733	355882.0	1	core_sites_1_60
4	15	Surface	7.263207380607664	3040.6877054367524	594290.0	1	core_sites_1_60
4	16	Deep	6.988248774377627	2789.5736766965365	475095.0	1	core_sites_1_60
4	16	Rhizosphere	6.349438556654757	1675.8220118143288	357655.0	1	core_sites_1_60
4	16	Surface	6.986790961079451	2402.3636680825525	618043.0	1	core_sites_1_60
4	17	Deep	6.09933406654508	2237.356694455998	522026.0	1	core_sites_1_60
4	17	Rhizosphere	6.37509220282242	1500.3720888850485	195282.0	1	core_sites_1_60
4	17	Surface	6.613972893810359	2224.900523186618	481857.0	1	core_sites_1_60
4	18	Deep	5.788951945446459	899.6225125138558	342752.0	1	core_sites_1_60
4	18	Rhizosphere	3.379013336291713		13267.0	1	core_sites_1_60
4	18	Surface	6.395447581504357	1713.9531295222123	300562.0	1	core_sites_1_60
4	19	Deep	6.517014343675954	1528.2584695418602	167179.0	1	core_sites_1_60
4	19	Rhizosphere	6.781350961754553	2443.097107005632	294742.0	1	core_sites_1_60
4	19	Surface	6.8984364611862565	2370.1439175884534	533436.0	1	core_sites_1_60
4	20	Deep	6.428391610450505	1916.3112902826997	488005.0	1	core_sites_1_60
4	20	Rhizosphere	5.657902928232529	1179.4257840966586	198502.0	1	core_sites_1_60
4	20	Surface	7.064559514200382	2854.2138706956634	484245.0	1	core_sites_1_60
4	21	Deep	6.561043781911347	2025.3822368523763	483060.0	1	core_sites_1_60
4	21	Rhizosphere	5.369605541768192	1083.5432423323346	137986.0	1	core_sites_1_60
4	21	Surface	6.475178747481714	2271.9777928374656	379049.0	1	core_sites_1_60
4	22	Deep	6.089392790651319	1926.0190723420203	478018.0	1	core_sites_1_60
4	22	Rhizosphere	6.094239619535446	1786.8738938387062	527445.0	1	core_sites_1_60
4	22	Surface	7.029118046914952	2895.8859628299656	412497.0	1	core_sites_1_60
4	23	Deep	4.929152155428601	241.24915026327804	160888.0	1	core_sites_1_60
4	23	Rhizosphere	5.393661007447932	400.47403193653554	296625.0	1	core_sites_1_60
4	23	Surface	6.427245206235384	1579.6951612369292	541264.0	1	core_sites_1_60
4	24	Deep	5.830526081356587	1718.2683403797907	528218.0	1	core_sites_1_60
4	24	Rhizosphere	6.675216441752236	1995.212503624704	489996.0	1	core_sites_1_60
4	24	Surface	6.584388471408567	1642.6048758499917	565700.0	1	core_sites_1_60
4	25	Deep	6.346225375817353	2091.030476890971	388881.0	1	core_sites_1_60
4	25	Rhizosphere	5.761429369124235	1558.7473410053287	242997.0	1	core_sites_1_60
4	25	Surface	6.526738144640199	2125.199127887912	719569.0	1	core_sites_1_60
4	26	Deep	6.514770403695428	2220.793814029781	512137.0	1	core_sites_1_60
4	26	Rhizosphere	4.754408197044837	456.6982908191888	52990.0	1	core_sites_1_60
4	26	Surface	6.648974857898494	2163.6943258513984	491460.0	1	core_sites_1_60
4	27	Deep	6.776141627536706	2331.7012444233383	509270.0	1	core_sites_1_60
4	27	Rhizosphere	5.822079257246583	1858.6576517408653	361496.0	1	core_sites_1_60
4	27	Surface	6.8859946145968935	2691.468844898688	434304.0	1	core_sites_1_60
4	28	Deep	6.579261011245471	1726.2677386300006	446785.0	1	core_sites_1_60
4	28	Rhizosphere	6.932255725977208	2128.5050659591	381757.0	1	core_sites_1_60
4	28	Surface	6.93558504788543	2479.1185876035984	475638.0	1	core_sites_1_60
4	29	Deep	6.7756525645664185	1723.3009307492223	575095.0	1	core_sites_1_60
4	29	Rhizosphere	7.139108355059321	2762.7152109007816	443026.0	1	core_sites_1_60
4	29	Surface	6.727686164032782	2386.808115416336	444696.0	1	core_sites_1_60
4	30	Deep	6.481283765161268	1560.7261306304529	541835.0	1	core_sites_1_60
4	30	Rhizosphere	5.56375253038708	1039.505822635536	148689.0	1	core_sites_1_60
4	30	Surface	6.184339147959607	2328.091097798168	481157.0	1	core_sites_1_60
4	31	Deep	6.704950087522048	1938.4059018474093	490807.0	1	core_sites_1_60
4	31	Rhizosphere	5.2141922865524855	684.0817743353686	36064.0	1	core_sites_1_60
4	31	Surface	6.268320583110032	1110.7432971320188	614645.0	1	core_sites_1_60
4	32	Deep	6.395638151434938	1387.2661620939516	485503.0	1	core_sites_1_60
4	32	Rhizosphere	5.2189002047067925	943.9741643119067	168044.0	1	core_sites_1_60
4	32	Surface	6.391071121475546	1473.390996759983	630593.0	1	core_sites_1_60
4	33	Deep	6.455529441725924	1672.0043747717257	598794.0	1	core_sites_1_60
4	33	Rhizosphere	6.402307892844839	1762.0977222764914	634824.0	1	core_sites_1_60
4	33	Surface	5.878545061643102	1807.4969007743869	253904.0	1	core_sites_1_60
4	34	Rhizosphere	5.1084591369400085	886.8577815077681	95569.0	1	core_sites_1_60
4	34	Surface	4.988535545294013	823.1938596297297	545556.0	1	core_sites_1_60
4	35	Deep	6.822115456776757	1893.5595806603048	400056.0	1	core_sites_1_60
4	35	Rhizosphere	6.427316160455464	2085.162286000224	349063.0	1	core_sites_1_60
4	35	Surface	6.937787471548251	2403.140740368455	702152.0	1	core_sites_1_60
4	36	Deep	6.43380641272977	1707.1644331155774	467819.0	1	core_sites_1_60
4	36	Rhizosphere	6.093387033883484	1380.931783442036	173922.0	1	core_sites_1_60
4	36	Surface	6.523535727323929	2094.208388205912	422240.0	1	core_sites_1_60
4	37	Deep	5.976959752617437	1615.7747106549562	489679.0	1	core_sites_1_60
4	37	Rhizosphere	6.089243189008392	1888.2811454853595	436420.0	1	core_sites_1_60
4	37	Surface	6.223556706982971	1931.2016647467883	351005.0	1	core_sites_1_60
4	38	Deep	6.713226778709048	2203.9124888805222	518648.0	1	core_sites_1_60
4	38	Rhizosphere	5.497958814446659	1078.577122506031	212973.0	1	core_sites_1_60
4	38	Surface	6.12205742925916	1887.631313547536	450747.0	1	core_sites_1_60
4	39	Deep	6.358712030565991	1178.3594721601326	453888.0	1	core_sites_1_60
4	39	Rhizosphere	4.507959263742979	507.5110351597824	88140.0	1	core_sites_1_60
4	39	Surface	6.222168306267881	1749.7215336589122	392885.0	1	core_sites_1_60
4	40	Deep	5.7494746734569295	1149.6112372717903	183318.0	1	core_sites_1_60
4	40	Surface	6.115965028149569	1129.6156338162696	633853.0	1	core_sites_1_60
4	41	Deep	6.330569043393418	1808.974159427779	441537.0	1	core_sites_1_60
4	41	Rhizosphere	4.969698683026702	986.6272722097824	219888.0	1	core_sites_1_60
4	41	Surface	5.935438567524782	803.1601188416737	464378.0	1	core_sites_1_60
4	42	Deep	3.075878360518264	45.994872400746765	202429.0	1	core_sites_1_60
4	42	Rhizosphere	5.509120335452107	830.822381140352	89400.0	1	core_sites_1_60
4	42	Surface	6.15905073260218	1131.9835780807668	491030.0	1	core_sites_1_60
4	43	Deep	6.02962089500102	1164.0694615101002	437288.0	1	core_sites_1_60
4	43	Rhizosphere	2.948938821645985	233.72118372025548	223024.0	1	core_sites_1_60
4	43	Surface	6.029437499795585	723.3584916878349	460770.0	1	core_sites_1_60
4	44	Deep	6.704990391143013	1945.73367301938	560521.0	1	core_sites_1_60
4	44	Rhizosphere	6.069617615443753	1481.2322814135189	236291.0	1	core_sites_1_60
4	44	Surface	6.25550252654816	1263.3686245029558	554370.0	1	core_sites_1_60
4	45	Deep	6.616562554732242	1491.1549535344943	549047.0	1	core_sites_1_60
4	45	Rhizosphere	6.0866330941354665	1652.4765010810509	449184.0	1	core_sites_1_60
4	45	Surface	6.3324119595419495	1676.8900993621698	599288.0	1	core_sites_1_60
4	46	Deep	5.901089748619366	1645.8661274449414	321601.0	1	core_sites_1_60
4	46	Rhizosphere	5.364712600954548	757.8995546844463	97674.0	1	core_sites_1_60
4	46	Surface	3.874023225725844	107.51458302645985	53792.0	1	core_sites_1_60
4	47	Deep	4.02333155322156	190.12755778750227	181613.0	1	core_sites_1_60
4	47	Rhizosphere	6.242529425632803	1442.6969165843414	468453.0	1	core_sites_1_60
4	47	Surface	5.287629268342009	826.5542506731794	467362.0	1	core_sites_1_60
4	48	Deep	1.4390379658743555	6.0	25303.0	1	core_sites_1_60
4	48	Rhizosphere	6.827552952548084	2367.448679345561	325754.0	1	core_sites_1_60
4	48	Surface	6.506816945465491	1891.5656861036312	552721.0	1	core_sites_1_60
4	49	Deep	4.656050882401206	262.83522218857763	178016.0	1	core_sites_1_60
4	49	Rhizosphere	3.924834514176359	291.63410189171447	46683.0	1	core_sites_1_60
4	49	Surface	6.596581074684573	1765.3321432533746	140943.0	1	core_sites_1_60
4	50	Deep	6.04172463580487	1334.5447535203564	663527.0	1	core_sites_1_60
4	50	Rhizosphere	3.4868534314418405	785.4183214819288	248627.0	1	core_sites_1_60
4	50	Surface	5.841147456973576	1139.1216930462713	600539.0	1	core_sites_1_60
4	51	Deep	6.164752744953094	984.4666187284282	509352.0	1	core_sites_1_60
4	51	Rhizosphere	4.980202070690677	991.3003392632938	450329.0	1	core_sites_1_60
4	51	Surface	5.038202603976307	488.6211529686276	63682.0	1	core_sites_1_60
4	52	Deep	2.285410834972879	12.0	76639.0	1	core_sites_1_60
4	52	Rhizosphere	5.306348448805438	644.3199890131299	95285.0	1	core_sites_1_60
4	52	Surface	1.2516031762561717	5.0	54272.0	1	core_sites_1_60
4	53	Deep	0.8404828965959705		15697.0	1	core_sites_1_60
4	53	Rhizosphere	2.953391193251761	57.19172696524081	63649.0	1	core_sites_1_60
4	53	Surface	0.5102248813375088	4.0	44735.0	1	core_sites_1_60
4	54	Deep	3.309372124754903	61.804637650238334	159416.0	1	core_sites_1_60
4	54	Rhizosphere	4.92182201263355	513.3487333342816	221041.0	1	core_sites_1_60
4	54	Surface	1.016523563616852		15266.0	1	core_sites_1_60
4	55	Deep	2.4118038307909053	56.008892414508495	114126.0	1	core_sites_1_60
4	55	Rhizosphere	3.2301947352651315	161.2241043822707	119617.0	1	core_sites_1_60
4	55	Surface	3.633630495759293	195.20382211092547	93822.0	1	core_sites_1_60
4	56	Deep	1.64078976508749	38.99942517862589	25214.0	1	core_sites_1_60
4	56	Rhizosphere	3.0248149031015004	355.9293195573423	37594.0	1	core_sites_1_60
4	56	Surface	3.2275031489829944	442.7648865117605	34250.0	1	core_sites_1_60
4	57	Deep	3.085410863381388	52.09374722077281	134129.0	1	core_sites_1_60
4	57	Rhizosphere	4.855722342421877	545.0363648516151	115623.0	1	core_sites_1_60
4	57	Surface	4.947463089003868	252.52411563879	302229.0	1	core_sites_1_60
4	58	Deep	1.0264249272964443	3.999983423322233	28112.0	1	core_sites_1_60
4	58	Rhizosphere	2.6021213518616264	74.07064915731222	85984.0	1	core_sites_1_60
4	58	Surface	2.970587878474676	67.55426708200372	90160.0	1	core_sites_1_60
4	59	Deep	2.2171762530558734		17783.0	1	core_sites_1_60
4	59	Rhizosphere	3.572419064152207	424.180233695584	87477.0	1	core_sites_1_60
4	59	Surface	4.632826501446536	935.3376029908364	179363.0	1	core_sites_1_60
4	60	Deep	3.5521078305803453	258.79549104325287	476823.0	1	core_sites_1_60
4	60	Rhizosphere	5.2735233403240285	896.7104092385578	269463.0	1	core_sites_1_60
4	60	Surface	1.8048149539447191	16.768416899109965	37387.0	1	core_sites_1_60
5	1	Deep	4.916079782789902	1317.4096932055659	771018.0	2	core_sites_1_60
5	1	Rhizosphere	4.5986202923928845	1317.6667385387254	1672953.0	3	core_sites_1_60
5	2	Deep	6.4910814112566975	2829.8229139645696	970328.0	2	core_sites_1_60
5	2	Rhizosphere	6.923139754285938	3318.4814803267705	1562283.0	3	core_sites_1_60
5	2	Surface	6.776231143714338	2912.444037713686	1125926.0	2	core_sites_1_60
5	3	Rhizosphere	6.314850826419305	2140.7547593131853	734538.0	3	core_sites_1_60
5	4	Deep	7.189005353192549	3991.1160619297643	2516096.0	3	core_sites_1_60
5	4	Rhizosphere	6.035473289658405	2430.8161434012904	2510143.0	3	core_sites_1_60
5	4	Surface	6.827149131901239	3220.8010784698017	2772054.0	2	core_sites_1_60
5	5	Deep	7.25931118642611	2991.411207320697	1354267.0	2	core_sites_1_60
5	5	Rhizosphere	7.188577433010224	3642.5295316376137	2590415.0	4	core_sites_1_60
5	5	Surface	6.889562973812417	3364.8996687396684	1603268.0	2	core_sites_1_60
5	6	Deep	7.546215070282752	4013.5821226198273	934213.0	1	core_sites_1_60
5	6	Rhizosphere	6.248853783807377	2608.4898413151536	1455843.0	3	core_sites_1_60
5	6	Surface	6.553220192349661	2568.551626396348	1802985.0	2	core_sites_1_60
5	7	Deep	6.194509474551925	2064.1015242887815	2813130.0	3	core_sites_1_60
5	7	Rhizosphere	5.999076195377085	1946.1643931781596	2872847.0	5	core_sites_1_60
5	8	Deep	7.300344298025206	3486.917605741783	684253.0	1	core_sites_1_60
5	8	Rhizosphere	6.527431416530756	2733.8592197280836	2383089.0	3	core_sites_1_60
5	9	Rhizosphere	6.578436481724087	2554.141449876599	1534325.0	3	core_sites_1_60
5	10	Deep	6.280098971869886	3049.2836504987467	848205.0	1	core_sites_1_60
5	10	Rhizosphere	6.964987313114527	3905.4920748098752	433320.0	1	core_sites_1_60
5	11	Deep	7.344440365154934	3821.636907107472	737509.0	1	core_sites_1_60
5	11	Rhizosphere	6.89389793245546	3841.9180710424216	1303221.0	2	core_sites_1_60
5	11	Surface	5.548694828591119	2308.576678729982	1665447.0	1	core_sites_1_60
5	12	Deep	7.55614638346677	4212.839317415607	568196.0	1	core_sites_1_60
5	12	Rhizosphere	6.697368740103895	2864.934019412051	1646417.0	3	core_sites_1_60
5	12	Surface	6.560710970823938	2786.3494393292185	1380109.0	2	core_sites_1_60
5	13	Rhizosphere	6.568564970733078	2904.469668107029	1951768.0	2	core_sites_1_60
5	13	Surface	6.625956035073363	2493.3454242370026	696050.0	1	core_sites_1_60
5	14	Deep	4.753383220530168	1455.3634835724197	843651.0	1	core_sites_1_60
5	14	Rhizosphere	5.206090458693715	1098.426195111446	868266.0	3	core_sites_1_60
5	14	Surface	6.143673358354437	2407.638928814401	571205.0	1	core_sites_1_60
5	15	Deep	7.172086051899576	3412.18624770856	2654880.0	3	core_sites_1_60
5	15	Rhizosphere	6.231266632692196	2182.9963756163856	1872303.0	3	core_sites_1_60
5	15	Surface	7.379142655830176	4076.74001700892	1540915.0	2	core_sites_1_60
5	16	Deep	6.392325323900784	2525.4170280044864	2357532.0	3	core_sites_1_60
5	16	Rhizosphere	6.273280251101222	2100.857072765034	2163498.0	5	core_sites_1_60
5	16	Surface	5.250083726819732	1330.3162962981423	583216.0	1	core_sites_1_60
5	17	Deep	7.047639598981366	3583.0509328053004	1352409.0	2	core_sites_1_60
5	17	Rhizosphere	6.418807813443792	2252.3695660551	2140808.0	3	core_sites_1_60
5	18	Rhizosphere	5.9915085808271265	2312.6096180717977	1176622.0	2	core_sites_1_60
5	19	Deep	7.572244056252021	4716.631289721163	5016461.0	2	core_sites_1_60
5	19	Rhizosphere	5.942509536658977	2148.8361960684065	1839501.0	3	core_sites_1_60
5	19	Surface	7.001917433462098	3180.191997305031	1109733.0	1	core_sites_1_60
5	20	Rhizosphere	6.321511443295722	2759.7587624406974	4063334.0	3	core_sites_1_60
5	20	Surface	6.218785602776426	2108.563687380156	665008.0	1	core_sites_1_60
5	21	Deep	6.918163889451277	3010.7111537772735	780821.0	2	core_sites_1_60
5	21	Rhizosphere	6.638871742012809	3312.703848013134	3475774.0	6	core_sites_1_60
5	21	Surface	7.465900698790017	4233.734682450927	1104702.0	1	core_sites_1_60
5	22	Rhizosphere	6.714784929601872	2982.005394587618	627961.0	1	core_sites_1_60
5	23	Deep	7.263416368731261	3962.659339429112	703098.0	1	core_sites_1_60
5	23	Rhizosphere	7.631534645758926	4485.912349379882	1091400.0	2	core_sites_1_60
5	24	Deep	5.950213871732659	2294.3529311441357	433766.0	1	core_sites_1_60
5	24	Rhizosphere	7.311453459062065	3551.737383056881	924940.0	2	core_sites_1_60
5	25	Deep	7.005007845601253	2992.030429154769	409246.0	1	core_sites_1_60
5	25	Rhizosphere	5.868009902554877	1837.42075424354	1606280.0	3	core_sites_1_60
5	25	Surface	6.802856319514618	3209.4016442567063	1700567.0	2	core_sites_1_60
5	26	Deep	6.917369150469684	2626.0304983739607	823872.0	2	core_sites_1_60
5	26	Rhizosphere	7.179380154690989	3380.4683278575494	1322786.0	2	core_sites_1_60
5	26	Surface	7.083839811407892	3281.934355318542	674420.0	1	core_sites_1_60
5	27	Deep	7.075359270731569	3809.2457489517105	1427333.0	2	core_sites_1_60
5	27	Rhizosphere	5.767574461025926	1498.5229227189323	1513430.0	3	core_sites_1_60
5	28	Deep	7.156096938814562	3210.83615999216	1302321.0	2	core_sites_1_60
5	28	Rhizosphere	5.167375847866648	2614.908338012939	1935925.0	3	core_sites_1_60
5	29	Rhizosphere	6.933945816061415	2912.913964281528	1706397.0	2	core_sites_1_60
5	30	Rhizosphere	5.931211198411309	2001.6988634501074	1322697.0	3	core_sites_1_60
5	30	Surface	7.196984627813614	3252.432373239754	944579.0	1	core_sites_1_60
5	31	Deep	6.7281101278953255	2638.7629044946025	1515887.0	2	core_sites_1_60
5	32	Rhizosphere	6.990513884245581	3562.420446395528	2024210.0	3	core_sites_1_60
5	33	Rhizosphere	6.1311373114588	1938.4990826666428	1924393.0	3	core_sites_1_60
5	34	Deep	6.821284450185964	2880.477224021418	870393.0	1	core_sites_1_60
5	34	Rhizosphere	6.020200689054609	2302.983958488117	1748596.0	3	core_sites_1_60
5	35	Deep	6.801290318771047	3269.854613474264	1446704.0	1	core_sites_1_60
5	35	Rhizosphere	5.616658507924251	1240.664961833003	1320341.0	4	core_sites_1_60
5	37	Deep	6.407495809728379	1129.4132834370166	236636.0	1	core_sites_1_60
5	37	Rhizosphere	5.902000805824171	2134.2204912150423	795252.0	2	core_sites_1_60
5	38	Rhizosphere	5.716266894359177	1006.3881957381384	47326.0	1	core_sites_1_60
5	38	Surface	6.017423691262642	1668.051382485269	854711.0	1	core_sites_1_60
5	39	Deep	6.570342574953007	2535.5965382231466	1749001.0	2	core_sites_1_60
5	39	Rhizosphere	6.7018114777892235	2434.8430170040015	1725815.0	3	core_sites_1_60
5	39	Surface	6.429822330076383	1364.5246281332304	324457.0	1	core_sites_1_60
5	40	Deep	7.610295166952144	3319.9895569940422	688733.0	1	core_sites_1_60
5	40	Rhizosphere	6.946082798469333	2906.2586982546636	2026436.0	3	core_sites_1_60
5	40	Surface	7.024373140628985	3270.3766349756206	1315556.0	1	core_sites_1_60
5	41	Deep	4.965269747975024	529.8517720189193	380181.0	1	core_sites_1_60
5	42	Rhizosphere	6.169687310450615	1785.2097284683546	785500.0	1	core_sites_1_60
5	42	Surface	6.661633365742179	1969.130774367455	1022507.0	1	core_sites_1_60
5	43	Deep	6.944267915521578	3342.7018100420296	1803863.0	3	core_sites_1_60
5	43	Rhizosphere	6.605553236853446	2605.3227630577844	2447560.0	3	core_sites_1_60
5	44	Deep	6.130713206781027	1488.912214014763	688483.0	1	core_sites_1_60
5	44	Rhizosphere	7.252692573672482	4029.347923917091	1585487.0	2	core_sites_1_60
5	45	Deep	4.362158778875437	980.3446993798483	1728953.0	3	core_sites_1_60
5	45	Rhizosphere	4.277819752574312	775.5241268187098	1681020.0	3	core_sites_1_60
5	45	Surface	6.052152364870759	2169.881214465501	602224.0	1	core_sites_1_60
5	46	Rhizosphere	5.798874246392336	1693.9437639798562	1336758.0	3	core_sites_1_60
5	47	Rhizosphere	6.310195619495104	2337.187465278362	1720517.0	3	core_sites_1_60
5	48	Deep	5.23686354719592	1146.9515334716289	1899737.0	3	core_sites_1_60
5	48	Rhizosphere	5.10282874172044	1067.3659121563269	949598.0	1	core_sites_1_60
5	49	Deep	4.889171703338082	1702.2421403585352	734140.0	1	core_sites_1_60
5	50	Rhizosphere	6.044753847723075	1993.9583679269335	547207.0	1	core_sites_1_60
5	51	Rhizosphere	5.3297789442532455	1125.2191812040026	684002.0	2	core_sites_1_60
5	53	Rhizosphere	2.142767516530665	359.6514553841039	550912.0	1	core_sites_1_60
5	54	Rhizosphere	5.59174987538785	1400.321534352138	1495175.0	3	core_sites_1_60
5	55	Deep	4.557371151538701	714.5367792552692	696965.0	1	core_sites_1_60
5	55	Rhizosphere	5.274835103741343	1310.9244818312593	3099922.0	3	core_sites_1_60
5	55	Surface	4.819068545561603	710.1852355739828	776876.0	2	core_sites_1_60
5	57	Rhizosphere	4.939410195738068	1191.228029768998	1009722.0	2	core_sites_1_60
5	58	Rhizosphere	5.740106739274734	1239.9035054325743	1139584.0	3	core_sites_1_60
5	60	Rhizosphere	5.671415140188652	1688.9353397109126	2046268.0	3	core_sites_1_60
