genus	surface	shallow_subsurface	root_adjacent	phylum
Acidiferrimicrobium	1	0.9833333333	1	Actinomycetota
Adhaeribacter	0.9833333333	0.9666666667	1	Bacteroidota
Ammoniphilus	1	1	1	Bacillota
Arthrobacter	0.95	0.9666666667	1	Actinomycetota
Bacillus	1	1	1	Bacillota
Devosia	0.9333333333	0.9333333333	1	Pseudomonadota
Domibacillus	1	1	1	Bacillota
Flavisolibacter	0.9833333333	0.9833333333	1	Bacteroidota
Geodermatophilus	0.9833333333	0.9833333333	1	Actinomycetota
Lysinibacillus	1	0.9833333333	1	Bacillota
Massilia	1	0.9833333333	1	Pseudomonadota
Metabacillus	1	1	1	Bacillota
Microvirga	1	1	1	Pseudomonadota
Neobacillus	1	1	1	Bacillota
Nibribacter	1	0.9666666667	1	Bacteroidota
Nocardioides	1	1	1	Actinomycetota
Noviherbaspirillum	1	0.9833333333	1	Pseudomonadota
Paenibacillus	1	1	1	Bacillota
Peredibacter	0.9666666667	0.9666666667	1	Bdellovibrionota
Planococcus	0.9833333333	0.9333333333	1	Bacillota
Pontibacter	0.9666666667	0.9666666667	1	Bacteroidota
Pseudomonas	0.9333333333	0.9333333333	1	Pseudomonadota
Ramlibacter	0.9833333333	0.9833333333	1	Pseudomonadota
Rubellimicrobium	0.9833333333	0.9833333333	1	Pseudomonadota
Sphingoaurantiacus	0.9666666667	0.9333333333	1	Pseudomonadota
Streptomyces	0.9833333333	0.95	1	Actinomycetota
Azospirillum	0.9333333333	0.9666666667	0.9833333333	Pseudomonadota
Chelativorans	0.9166666667	0.95	0.9833333333	Pseudomonadota
Cytophaga	0.95	0.95	0.9833333333	Bacteroidota
Ellin6055	0.9666666667	0.9333333333	0.9833333333	Pseudomonadota
Herpetosiphon	0.95	0.9666666667	0.9833333333	Chloroflexota
Nitrolancea	0.9333333333	0.9333333333	0.9833333333	Chloroflexota
OM27 clade	0.9333333333	0.9666666667	0.9833333333	Bdellovibrionota
Pir4 lineage	0.9	0.95	0.9833333333	Planctomycetota
Roseicella	0.9166666667	0.9166666667	0.9833333333	Pseudomonadota
Roseomonas	0.95	0.9666666667	0.9833333333	Pseudomonadota
Solirubrobacter	0.9666666667	0.9333333333	0.9833333333	Actinomycetota
Telluribacter	0.9166666667	0.9	0.9833333333	Bacteroidota
Tumebacillus	0.9666666667	0.9333333333	0.9833333333	Bacillota
Actinomadura	0.8666666667	0.85	0.9666666667	Actinomycetota
Archangium	0.95	0.9333333333	0.9666666667	Myxococcota
Chthoniobacter	0.9166666667	0.9166666667	0.9666666667	Verrucomicrobiota
Croceibacterium	0.9166666667	0.9333333333	0.9666666667	Pseudomonadota
Ectobacillus	0.9833333333	0.9666666667	0.9666666667	Bacillota
Phenylobacterium	0.9666666667	0.95	0.9666666667	Pseudomonadota
Pseudonocardia	0.95	0.9666666667	0.9666666667	Actinomycetota
Rubrobacter	0.95	0.95	0.9666666667	Actinomycetota
Segetibacter	0.9333333333	0.8833333333	0.9666666667	Bacteroidota
Symbiobacterium	0.9666666667	0.95	0.9666666667	Bacillota
Terribacillus	0.8666666667	0.8666666667	0.9666666667	Bacillota
Arcticibacter	0.9	0.8333333333	0.95	Bacteroidota
Cellulomonas	0.9166666667	0.8833333333	0.95	Actinomycetota
Cnuella	0.9333333333	0.8833333333	0.95	Bacteroidota
DSSF69	0.8166666667	0.8333333333	0.95	Pseudomonadota
Deinococcus	1	0.9833333333	0.95	Deinococcota
Gemmatimonas	0.9	0.95	0.95	Gemmatimonadota
Lysobacter	0.95	0.95	0.95	Pseudomonadota
Mesobacillus	0.8166666667	0.8333333333	0.95	Bacillota
Methylobacillus	0.8333333333	0.8833333333	0.95	Pseudomonadota
Mycobacterium	0.9166666667	0.9	0.95	Actinomycetota
Novosphingobium	0.8833333333	0.85	0.95	Pseudomonadota
Pirellula	0.9166666667	0.9333333333	0.95	Planctomycetota
Steroidobacter	0.9333333333	0.9	0.95	Pseudomonadota
Isoptericola	0.85	0.8833333333	0.95	Actinomycetota
Baekduia	0.9333333333	0.8833333333	0.9333333333	Actinomycetota
Blastococcus	0.9666666667	0.9333333333	0.9333333333	Actinomycetota
Kocuria	0.9333333333	0.9	0.9333333333	Actinomycetota
SM1A02	0.8166666667	0.8833333333	0.9333333333	Planctomycetota
Sandaracinus	0.8333333333	0.95	0.9333333333	Myxococcota
Brevundimonas	0.85	0.8666666667	0.9166666667	Pseudomonadota
Candidatus Alysiosphaera	0.9	0.9333333333	0.9166666667	Pseudomonadota
Daejeonella	0.8666666667	0.8666666667	0.9166666667	Bacteroidota
Opitutus	0.85	0.9166666667	0.9166666667	Verrucomicrobiota
Pajaroellobacter	0.9	0.8666666667	0.9166666667	Myxococcota
Parviterribacter	0.9	0.9	0.9166666667	Actinomycetota
Roseisolibacter	0.9166666667	0.8666666667	0.9166666667	Gemmatimonadota
Saccharopolyspora	0.8833333333	0.8833333333	0.9166666667	Actinomycetota
Sphingomonas	1	0.9166666667	0.9166666667	Pseudomonadota
[Polyangium] brachysporum group	0.8833333333	0.85	0.9166666667	Pseudomonadota
CSP1-2	0.9	0.8333333333	0.9166666667	Dadabacteria
Arsenicitalea	0.7833333333	0.8833333333	0.9	Pseudomonadota
Gemmata	0.9	0.85	0.9	Planctomycetota
Niallia	0.8666666667	0.8333333333	0.9	Bacillota
Rufibacter	0.8	0.75	0.9	Bacteroidota
Sumerlaea	0.9	0.95	0.9	Sumerlaeota
Aeromicrobium	0.8166666667	0.8333333333	0.8833333333	Actinomycetota
Aeromonas	0.3666666667	0.6666666667	0.8833333333	Pseudomonadota
Anaeromyxobacter	0.8833333333	0.9	0.8833333333	Myxococcota
Herbaspirillum	0.9333333333	0.8666666667	0.8833333333	Pseudomonadota
Lautropia	0.9166666667	0.9	0.8833333333	Pseudomonadota
Marmoricola	0.8833333333	0.9166666667	0.8833333333	Actinomycetota
Saccharibacillus	0.8	0.6166666667	0.8833333333	Bacillota
Sporocytophaga	0.8666666667	0.9	0.8833333333	Bacteroidota
Verrucosispora	0.8333333333	0.8833333333	0.8833333333	Actinomycetota
Acidibacter	0.9	0.9	0.8666666667	Pseudomonadota
Brevibacillus	0.9	0.85	0.8666666667	Bacillota
Bryobacter	0.8833333333	0.8833333333	0.8666666667	Acidobacteriota
Fontimonas	0.5333333333	0.6333333333	0.8666666667	Pseudomonadota
Gaiella	0.9	0.8833333333	0.8666666667	Actinomycetota
Pedomicrobium	0.9	0.8333333333	0.8666666667	Pseudomonadota
Rhodocista	0.8	0.8	0.8666666667	Pseudomonadota
TM7a	0.7333333333	0.7666666667	0.8666666667	Patescibacteria
Vallicoccus	0.9333333333	0.9	0.8666666667	Actinomycetota
Amycolatopsis	0.5833333333	0.65	0.85	Actinomycetota
Dongia	0.8666666667	0.8166666667	0.85	Pseudomonadota
Georgenia	0.7833333333	0.6666666667	0.85	Actinomycetota
Kineococcus	0.9166666667	0.7833333333	0.85	Actinomycetota
Neorhizobium	0.75	0.7333333333	0.85	Pseudomonadota
Oxalophagus	0.8666666667	0.85	0.85	Bacillota
Pelagibacterium	0.6	0.5333333333	0.85	Pseudomonadota
Prauserella	0.7666666667	0.7833333333	0.85	Actinomycetota
Sandaracinobacter	0.6833333333	0.7166666667	0.85	Pseudomonadota
Azohydromonas	0.8166666667	0.7833333333	0.8333333333	Pseudomonadota
Caenimonas	0.85	0.75	0.8333333333	Pseudomonadota
Conexibacter	0.9166666667	0.8833333333	0.8333333333	Actinomycetota
JCM 18997	0.7833333333	0.8666666667	0.8333333333	Actinomycetota
Nannocystis	0.7333333333	0.7666666667	0.8333333333	Myxococcota
Nitrospira	0.9166666667	0.8833333333	0.8333333333	Nitrospirota
Tepidisphaera	0.6333333333	0.6	0.8333333333	Planctomycetota
Abditibacterium	0.7166666667	0.8166666667	0.8166666667	Abditibacteriota
Actinophytocola	0.8666666667	0.8	0.8166666667	Actinomycetota
Bauldia	0.6833333333	0.7333333333	0.8166666667	Pseudomonadota
Ensifer	0.5833333333	0.6666666667	0.8166666667	Pseudomonadota
Ohtaekwangia	0.6833333333	0.7333333333	0.8166666667	Bacteroidota
Pseudaminobacter	0.5333333333	0.65	0.8166666667	Pseudomonadota
Rhodoplanes	0.7833333333	0.85	0.8166666667	Pseudomonadota
SH-PL14	0.6833333333	0.7333333333	0.8166666667	Planctomycetota
Tautonia	0.7	0.8	0.8166666667	Planctomycetota
Aquihabitans	0.5166666667	0.8	0.8	Actinomycetota
Cupriavidus	0.65	0.65	0.8	Pseudomonadota
Luteitalea	0.8166666667	0.8333333333	0.8	Acidobacteriota
MND1	0.9	0.9166666667	0.8	Pseudomonadota
Pantoea	0.6666666667	0.5333333333	0.8	Pseudomonadota
Phaselicystis	0.8666666667	0.85	0.8	Myxococcota
Aureibacillus	0.75	0.8166666667	0.7833333333	Bacillota
Cystobacter	0.9	0.8166666667	0.7833333333	Myxococcota
Fimbriiglobus	0.8	0.8666666667	0.7833333333	Planctomycetota
Glycomyces	0.7	0.7333333333	0.7833333333	Actinomycetota
Myxococcus	0.7666666667	0.7666666667	0.7833333333	Myxococcota
Nordella	0.75	0.8	0.7833333333	Pseudomonadota
Polycyclovorans	0.5833333333	0.7833333333	0.7833333333	Pseudomonadota
Blastocatella	0.7333333333	0.8166666667	0.7666666667	Acidobacteriota
Geminicoccus	0.65	0.8166666667	0.7666666667	Pseudomonadota
MM2	0.4833333333	0.55	0.7666666667	Pseudomonadota
Rubritepida	0.9	0.8333333333	0.7666666667	Pseudomonadota
Desertimonas	0.7333333333	0.6833333333	0.75	Actinomycetota
Modestobacter	0.8166666667	0.8166666667	0.75	Actinomycetota
Paucimonas	0.6833333333	0.75	0.75	Pseudomonadota
Pedobacter	0.7	0.5	0.75	Bacteroidota
Ellin6067	0.5333333333	0.7333333333	0.7333333333	Pseudomonadota
Ferrovibrio	0.45	0.5666666667	0.7333333333	Pseudomonadota
Flavitalea	0.4333333333	0.5333333333	0.7333333333	Bacteroidota
Flavobacterium	0.55	0.3833333333	0.7333333333	Bacteroidota
Litchfieldia	0.5333333333	0.6333333333	0.7333333333	Bacillota
Saccharomonospora	0.6666666667	0.6833333333	0.7333333333	Actinomycetota
possible genus 04	0.6333333333	0.75	0.7333333333	Fibrobacterota
Defluviicoccus	0.7	0.85	0.7166666667	Pseudomonadota
Falsirhodobacter	0.6	0.5166666667	0.7166666667	Pseudomonadota
Halalkalibacter	0.7	0.7333333333	0.7166666667	Bacillota
Haloactinopolyspora	0.6166666667	0.5833333333	0.7166666667	Actinomycetota
I-8	0.5166666667	0.65	0.7166666667	Planctomycetota
Leifsonia	0.45	0.5	0.7166666667	Actinomycetota
Microbacterium	0.5166666667	0.5166666667	0.7166666667	Actinomycetota
Niastella	0.5166666667	0.5833333333	0.7166666667	Bacteroidota
P3OB-42	0.8166666667	0.8833333333	0.7166666667	Myxococcota
Saccharothrix	0.75	0.7166666667	0.7166666667	Actinomycetota
Staphylococcus	0.6833333333	0.4833333333	0.7166666667	Bacillota
Truepera	0.6166666667	0.6833333333	0.7166666667	Deinococcota
Vulgatibacter	0.5166666667	0.6166666667	0.7166666667	Myxococcota
Caulobacter	0.5	0.5833333333	0.7	Pseudomonadota
Edaphobaculum	0.55	0.6	0.7	Bacteroidota
Ornithinibacillus	0.7	0.6833333333	0.7	Bacillota
Paludibaculum	0.6666666667	0.7333333333	0.7	Acidobacteriota
Paraconexibacter	0.7833333333	0.7833333333	0.7	Actinomycetota
Rhizorhabdus	0.6833333333	0.75	0.7	Pseudomonadota
Tellurirhabdus	0.5833333333	0.5666666667	0.7	Bacteroidota
Caldilinea	0.7666666667	0.8333333333	0.7	Chloroflexota
Bradyrhizobium	0.9333333333	1	0.6833333333	Pseudomonadota
Flaviaestuariibacter	0.7833333333	0.7	0.6833333333	Bacteroidota
Frankia	0.7	0.7	0.6833333333	Actinomycetota
Paracoccus	0.6666666667	0.55	0.6833333333	Pseudomonadota
Chthonobacter	0.5166666667	0.5666666667	0.6833333333	Pseudomonadota
Aridibacter	0.8	0.8	0.6666666667	Acidobacteriota
Hyphomicrobium	0.4833333333	0.4666666667	0.6666666667	Pseudomonadota
Oceanobacillus	0.6833333333	0.6	0.6666666667	Bacillota
Pedosphaera	0.6	0.7	0.6666666667	Verrucomicrobiota
Thermobacillus	0.4666666667	0.3333333333	0.6666666667	Bacillota
Kineosporia	0.8833333333	0.7666666667	0.6666666667	Actinomycetota
Allorhizocola	0.6666666667	0.6833333333	0.65	Actinomycetota
Iamia	0.5	0.5166666667	0.65	Actinomycetota
Phreatobacter	0.45	0.5666666667	0.65	Pseudomonadota
Schinkia	0.4166666667	0.35	0.65	Bacillota
Brucella	0.55	0.6833333333	0.65	Pseudomonadota
Oligoflexus	0.6666666667	0.6666666667	0.6333333333	Bdellovibrionota
Plantactinospora	0.6	0.65	0.6333333333	Actinomycetota
Sorangium	0.5333333333	0.6333333333	0.6333333333	Myxococcota
Plastorhodobacter	0.5333333333	0.4666666667	0.6333333333	Pseudomonadota
Deserticella	0.5166666667	0.4166666667	0.6333333333	Pseudomonadota
Bordetella	0.3666666667	0.35	0.6166666667	Pseudomonadota
Chitinophaga	0.25	0.35	0.6166666667	Bacteroidota
Gracilibacillus	0.3666666667	0.5166666667	0.6166666667	Bacillota
Hydrocarboniphaga	0.4833333333	0.3333333333	0.6166666667	Pseudomonadota
Nesterenkonia	0.25	0.3333333333	0.6166666667	Actinomycetota
Peribacillus	0.5833333333	0.6166666667	0.6166666667	Bacillota
Subgroup 10	0.5333333333	0.6	0.6166666667	Acidobacteriota
Acuticoccus	0.3	0.2333333333	0.6166666667	Pseudomonadota
Actinokineospora	0.3666666667	0.45	0.6	Actinomycetota
Actinoplanes	0.7166666667	0.6833333333	0.6	Actinomycetota
Jiangella	0.7	0.6333333333	0.6	Actinomycetota
Longispora	0.6666666667	0.6666666667	0.6	Actinomycetota
Rhizobium	0.35	0.45	0.6	Pseudomonadota
Thermoleophilum	0.7166666667	0.8166666667	0.6	Actinomycetota
Thermosipho	0.7333333333	0.7666666667	0.6	Thermotogota
YC-ZSS-LKJ147	0.6833333333	0.5666666667	0.6	Gemmatimonadota
Sporichthya	0.3666666667	0.7333333333	0.6	Actinomycetota
Constrictibacter	0.35	0.3333333333	0.5833333333	Pseudomonadota
Oleiharenicola	0.2333333333	0.35	0.5833333333	Verrucomicrobiota
Pannonibacter	0.6166666667	0.5666666667	0.5833333333	Pseudomonadota
Priestia	0.6	0.5833333333	0.5833333333	Bacillota
Pseudolysinimonas	0.2166666667	0.5166666667	0.5833333333	Actinomycetota
Vicinamibacter	0.6833333333	0.6833333333	0.5833333333	Acidobacteriota
Halomonas	0.6666666667	0.5333333333	0.5666666667	Pseudomonadota
Nibrella	0.6666666667	0.65	0.5666666667	Bacteroidota
Ilumatobacter	0.1833333333	0.35	0.5666666667	Actinomycetota
Actinotalea	0.7	0.75	0.55	Actinomycetota
Cohnella	0.7	0.75	0.55	Bacillota
Kallotenue	0.6833333333	0.7833333333	0.55	Chloroflexota
Limnobacter	0.7666666667	0.7666666667	0.55	Pseudomonadota
Micromonospora	0.5833333333	0.7	0.55	Actinomycetota
Nonomuraea	0.5666666667	0.6	0.55	Actinomycetota
Pelagibius	0.3833333333	0.3333333333	0.55	Pseudomonadota
Rhodococcus	0.5166666667	0.4	0.55	Actinomycetota
SWB02	0.3833333333	0.45	0.55	Pseudomonadota
Blastopirellula	0.2333333333	0.3	0.5333333333	Planctomycetota
Endobacterium	0.2833333333	0.2166666667	0.5333333333	Pseudomonadota
Verticiella	0.4	0.2833333333	0.5333333333	Pseudomonadota
Altericroceibacterium	0.3666666667	0.3666666667	0.5166666667	Pseudomonadota
CL500-29 marine group	0.6833333333	0.7166666667	0.5166666667	Actinomycetota
Caldimonas	0.4	0.4	0.5166666667	Pseudomonadota
Candidatus Solibacter	0.6666666667	0.6833333333	0.5166666667	Acidobacteriota
Streptococcus	0.6166666667	0.6	0.5166666667	Bacillota
Cellvibrio	0.4333333333	0.4666666667	0.5166666667	Pseudomonadota
Allohahella	0.7666666667	0.6333333333	0.5	Pseudomonadota
Candidatus Nitrosoarchaeum	0.3333333333	0.6333333333	0.5	SAR324 clade(Marine group B)
Galbitalea	0.1166666667	0.2	0.5	Actinomycetota
Litorilinea	0.5333333333	0.4666666667	0.5	Chloroflexota
Romboutsia	0.7	0.5	0.5	Bacillota
Uliginosibacterium	0.7666666667	0.6	0.5	Pseudomonadota
AKYG587	0.4333333333	0.5	0.4833333333	Planctomycetota
Fictibacillus	0.6166666667	0.5666666667	0.4833333333	Bacillota
Labrys	0.1666666667	0.25	0.4833333333	Pseudomonadota
Longimicrobium	0.5333333333	0.5833333333	0.4833333333	Gemmatimonadota
Mesorhizobium	0.2	0.3666666667	0.4833333333	Pseudomonadota
Modicisalibacter	0.2833333333	0.2333333333	0.4833333333	Pseudomonadota
Planctomicrobium	0.1333333333	0.2166666667	0.4833333333	Planctomycetota
Pseudolabrys	0.25	0.3833333333	0.4833333333	Pseudomonadota
Zhihengliuella	0.1333333333	0.1833333333	0.4833333333	Actinomycetota
Lacisediminimonas	0.7333333333	0.6833333333	0.4666666667	Pseudomonadota
Pseudorhodoplanes	0.1166666667	0.15	0.4666666667	Pseudomonadota
Rhodocytophaga	0.65	0.5833333333	0.4666666667	Bacteroidota
Aquibacillus	0.2833333333	0.4166666667	0.45	Bacillota
Candidatus Ancillula	0.15	0.1833333333	0.45	Actinomycetota
Corynebacterium	0.7166666667	0.5666666667	0.45	Actinomycetota
FFCH5858	0.2166666667	0.3166666667	0.45	Pseudomonadota
Marinilactibacillus	0.1666666667	0.2	0.45	Bacillota
Parapedobacter	0.2	0.2333333333	0.45	Bacteroidota
Prosthecobacter	0.15	0.4166666667	0.45	Verrucomicrobiota
Rhodoligotrophos	0.1333333333	0.2833333333	0.45	Pseudomonadota
Siccirubricoccus	0.25	0.3166666667	0.45	Pseudomonadota
Sulfurifustis	0.5333333333	0.7833333333	0.45	Pseudomonadota
PMMR1	0.6166666667	0.6	0.45	Pseudomonadota
Turicibacter	0.6666666667	0.45	0.45	Bacillota
Fimbriimonas	0.25	0.2333333333	0.45	Armatimonadota
Agromyces	0.3333333333	0.2833333333	0.4333333333	Actinomycetota
Brachybacterium	0.3666666667	0.2666666667	0.4333333333	Actinomycetota
Caldinitratiruptor	0.6166666667	0.7166666667	0.4333333333	Bacillota
FCPS473	0.2666666667	0.3666666667	0.4333333333	Chloroflexota
SZB85	0.6833333333	0.65	0.4333333333	Pseudomonadota
Tagaea	0.2666666667	0.35	0.4333333333	Pseudomonadota
Tunicatimonas	0.3333333333	0.2	0.4333333333	Bacteroidota
Crossiella	0.1833333333	0.3333333333	0.4333333333	Actinomycetota
Luedemannella	0.6666666667	0.7166666667	0.4333333333	Actinomycetota
Actinosynnema	0.3833333333	0.4333333333	0.4333333333	Actinomycetota
Clostridium	0.4666666667	0.4166666667	0.4166666667	Bacillota
Enterococcus	0.35	0.3	0.4166666667	Bacillota
Kribbella	0.2833333333	0.3833333333	0.4166666667	Actinomycetota
Xylanimonas	0.3166666667	0.2333333333	0.4166666667	Actinomycetota
oc32	0.6	0.75	0.4166666667	Pseudomonadota
Frigoribacterium	0.2833333333	0.25	0.4166666667	Actinomycetota
Bosea	0.1	0.2166666667	0.4166666667	Pseudomonadota
Pseudoclavibacter	0.1666666667	0.15	0.4166666667	Actinomycetota
Candidatus Omnitrophus	0.2	0.55	0.4	Verrucomicrobiota
Chloronema	0.6166666667	0.6	0.4	Chloroflexota
Dietzia	0.3166666667	0.3	0.4	Actinomycetota
Escherichia-Shigella	0.4333333333	0.2833333333	0.4	Pseudomonadota
Heyndrickxia	0.2833333333	0.3	0.4	Bacillota
Limosilactobacillus	0.15	0.25	0.4	Bacillota
Quadrisphaera	0.7	0.5666666667	0.4	Actinomycetota
Salmonella	0.35	0.2666666667	0.4	Pseudomonadota
alphaI cluster	0.5833333333	0.7666666667	0.4	Pseudomonadota
BRH-c57	0.1666666667	0.1333333333	0.3833333333	Pseudomonadota
Ellin517	0.25	0.5166666667	0.3833333333	Verrucomicrobiota
Limibaculum	0.3166666667	0.4166666667	0.3833333333	Pseudomonadota
Skermanella	0.5333333333	0.5	0.3833333333	Pseudomonadota
Xylanibacillus	0.1166666667	0.2166666667	0.3833333333	Bacillota
Cellulosimicrobium	0.25	0.2666666667	0.3833333333	Actinomycetota
Anseongella	0.08333333333	0.1333333333	0.3666666667	Bacteroidota
Arenimicrobium	0.35	0.5	0.3666666667	Acidobacteriota
Gemmatirosa	0.4	0.4333333333	0.3666666667	Gemmatimonadota
Listeria	0.1666666667	0.15	0.3666666667	Bacillota
Mangrovihabitans	0.6	0.6333333333	0.3666666667	Actinomycetota
Nitrospirillum	0.2	0.2333333333	0.3666666667	Pseudomonadota
Polyangium	0.2	0.25	0.3666666667	Myxococcota
Pseudarthrobacter	0.3166666667	0.3666666667	0.3666666667	Actinomycetota
Pullulanibacillus	0.1166666667	0.15	0.3666666667	Bacillota
Woeseia	0.1833333333	0.2166666667	0.3666666667	Pseudomonadota
Larkinella	0.08333333333	0.1333333333	0.3666666667	Bacteroidota
Enterovirga	0.4833333333	0.4833333333	0.35	Pseudomonadota
Nocardia	0.03333333333	0.06666666667	0.35	Actinomycetota
Pilibacter	0.05	0.08333333333	0.35	Bacillota
Polygonibacillus	0.2	0.3666666667	0.35	Bacillota
Psychroglaciecola	0.5	0.4833333333	0.35	Pseudomonadota
Rivibacter	0.5833333333	0.5166666667	0.35	Pseudomonadota
Sediminibacillus	0.2166666667	0.35	0.35	Bacillota
Actinocorallia	0.2333333333	0.2666666667	0.35	Actinomycetota
Streptomonospora	0.1333333333	0.2166666667	0.35	Actinomycetota
Ferdinandcohnia	0.3	0.2833333333	0.35	Bacillota
Tistlia	0.1333333333	0.1166666667	0.35	Pseudomonadota
Jatrophihabitans	0.4	0.5	0.3333333333	Actinomycetota
Parasegetibacter	0.2	0.1333333333	0.3333333333	Bacteroidota
Promicromonospora	0.15	0.15	0.3333333333	Actinomycetota
Pseudalkalibacillus	0.4166666667	0.4833333333	0.3333333333	Bacillota
Aminobacter	0.06666666667	0.06666666667	0.3333333333	Pseudomonadota
Oharaeibacter	0.2166666667	0.1833333333	0.3333333333	Pseudomonadota
Actinopolyspora	0.08333333333	0.1833333333	0.3166666667	Actinomycetota
Brevibacterium	0.1833333333	0.1833333333	0.3166666667	Actinomycetota
Klenkia	0.55	0.4833333333	0.3166666667	Actinomycetota
Leuconostoc	0.1666666667	0.01666666667	0.3166666667	Bacillota
Aquabacterium	0.2166666667	0.2833333333	0.3	Pseudomonadota
Caldovatus	0.3833333333	0.3	0.3	Pseudomonadota
Christensenellaceae R-7 group	0.03333333333	0.08333333333	0.3	Bacillota
Flindersiella	0.3166666667	0.25	0.3	Actinomycetota
IMCC26134	0.1333333333	0.25	0.3	Verrucomicrobiota
Magnetospirillum	0.06666666667	0.1166666667	0.3	Pseudomonadota
Rubrivivax	0.1	0.2833333333	0.3	Pseudomonadota
Salirhabdus	0.2	0.2166666667	0.3	Bacillota
Sphaerobacter	0.2666666667	0.4333333333	0.3	Chloroflexota
Thalassobaculum	0.1666666667	0.05	0.3	Pseudomonadota
Alkalihalobacillus	0.15	0.2833333333	0.3	Bacillota
Anaerobacillus	0.25	0.2333333333	0.3	Bacillota
Puia	0.1333333333	0.1	0.3	Bacteroidota
Gorillibacterium	0.2333333333	0.3666666667	0.3	Bacillota
Hydrogenispora	0.1166666667	0.15	0.3	Bacillota
Olivibacter	0.01666666667	0.06666666667	0.3	Bacteroidota
Duffyella	0.1666666667	0.1166666667	0.3	Pseudomonadota
Candidatus Protochlamydia	0.1166666667	0.1666666667	0.2833333333	Chlamydiota
Inquilinus	0.1333333333	0.2	0.2833333333	Pseudomonadota
Kibdelosporangium	0.1166666667	0.1333333333	0.2833333333	Actinomycetota
Roseimaritima	0.08333333333	0.1833333333	0.2833333333	Planctomycetota
Swionibacillus	0.1666666667	0.1666666667	0.2833333333	Bacillota
Tellurimicrobium	0.4333333333	0.5166666667	0.2833333333	Acidobacteriota
Asticcacaulis	0.1333333333	0.06666666667	0.2833333333	Pseudomonadota
Zhengella	0.01666666667	0.1166666667	0.2833333333	Pseudomonadota
Piscinibacter	0.4166666667	0.3833333333	0.2833333333	Pseudomonadota
Salinarimonas	0.45	0.3833333333	0.2833333333	Pseudomonadota
Agaricicola	0.05	0.06666666667	0.2833333333	Pseudomonadota
Deinobacterium	0.1666666667	0.1666666667	0.2833333333	Deinococcota
Asanoa	0.4166666667	0.4166666667	0.2666666667	Actinomycetota
BIyi10	0.1666666667	0.3	0.2666666667	Pseudomonadota
FFCH7168	0.1	0.2666666667	0.2666666667	Chloroflexota
Herbihabitans	0.1166666667	0.1833333333	0.2666666667	Actinomycetota
Legionella	0.03333333333	0.1333333333	0.2666666667	Pseudomonadota
Luteimonas	0.1166666667	0.1833333333	0.2666666667	Pseudomonadota
Nitriliruptor	0.1166666667	0.1666666667	0.2666666667	Actinomycetota
Nocardiopsis	0.1166666667	0.1	0.2666666667	Actinomycetota
Reyranella	0.1833333333	0.2666666667	0.2666666667	Pseudomonadota
Verruc-01	0.2166666667	0.25	0.2666666667	Verrucomicrobiota
Virgisporangium	0.4333333333	0.45	0.2666666667	Actinomycetota
Rossellomorea	0.2333333333	0.1333333333	0.2666666667	Bacillota
Wenjunlia	0.1166666667	0.1666666667	0.2666666667	Actinomycetota
Carnobacterium	0.25	0.2666666667	0.2666666667	Bacillota
Sphaerisporangium	0.08333333333	0.1333333333	0.2666666667	Actinomycetota
Acidothermus	0.2833333333	0.3166666667	0.25	Actinomycetota
Candidatus Chloroploca	0.3166666667	0.2833333333	0.25	Chloroflexota
Dysgonomonas	0.06666666667	0.06666666667	0.25	Bacteroidota
Hirschia	0.1	0.1166666667	0.25	Pseudomonadota
Salinibacter	0.03333333333	0.15	0.25	Rhodothermota
Catenuloplanes	0.15	0.1666666667	0.25	Actinomycetota
Myceligenerans	0.06666666667	0.03333333333	0.25	Actinomycetota
Phytoactinopolyspora	0.1	0.1333333333	0.25	Actinomycetota
Acinetobacter	0.2666666667	0.2333333333	0.2333333333	Pseudomonadota
Amphiplicatus	0.05	0.05	0.2333333333	Pseudomonadota
Candidatus Saccharimonas	0.01666666667	0.03333333333	0.2333333333	Patescibacteria
Citricoccus	0.2166666667	0.1333333333	0.2333333333	Actinomycetota
Diplosphaera	0.01666666667	0.05	0.2333333333	Verrucomicrobiota
Euzebya	0.1333333333	0.1833333333	0.2333333333	Actinomycetota
Lentzea	0.15	0.15	0.2333333333	Actinomycetota
Oxalicibacterium	0.2666666667	0.2833333333	0.2333333333	Pseudomonadota
Sphingobacterium	0.1333333333	0.05	0.2333333333	Bacteroidota
Virgibacillus	0.3833333333	0.2333333333	0.2333333333	Bacillota
Pseudobdellovibrio	0.35	0.35	0.2333333333	Bdellovibrionota
Stenoxybacter	0.06666666667	0.01666666667	0.2333333333	Pseudomonadota
Shouchella	0.06666666667	0.06666666667	0.2333333333	Bacillota
Phaeodactylibacter	0.1333333333	0.3333333333	0.2333333333	Bacteroidota
Actinomycetospora	0.3166666667	0.2666666667	0.2166666667	Actinomycetota
Bradymonas	0.1333333333	0.2166666667	0.2166666667	Thermodesulfobacteriota
Bremerella	0.1333333333	0.2666666667	0.2166666667	Planctomycetota
Egibacter	0.35	0.3	0.2166666667	Actinomycetota
Lachnoclostridium	0.1166666667	0.1	0.2166666667	Bacillota
Lactococcus	0.01666666667	0.03333333333	0.2166666667	Bacillota
Monoglobus	0.08333333333	0	0.2166666667	Bacillota
Salinimicrobium	0.1833333333	0.1666666667	0.2166666667	Bacteroidota
Shimazuella	0.2	0.2666666667	0.2166666667	Bacillota
Stigmatella	0.2166666667	0.2333333333	0.2166666667	Myxococcota
Thalassiella	0.1666666667	0.2	0.2166666667	Actinomycetota
Belnapia	0.4166666667	0.3333333333	0.2166666667	Pseudomonadota
Cesiribacter	0.45	0.2833333333	0.2166666667	Bacteroidota
Motilibacter	0.55	0.3333333333	0.2166666667	Actinomycetota
Enterobacter	0.25	0.1333333333	0.2166666667	Pseudomonadota
Halobacillus	0.1166666667	0.06666666667	0.2166666667	Bacillota
Stella	0.1833333333	0.3333333333	0.2166666667	Pseudomonadota
Egicoccus	0.08333333333	0.1166666667	0.2166666667	Actinomycetota
Aliifodinibius	0.08333333333	0.1166666667	0.2	Balneolota
Alteribacillus	0.03333333333	0.06666666667	0.2	Bacillota
Candidatus Vestibaculum	0.03333333333	0.05	0.2	Bacteroidota
Filomicrobium	0.05	0.1	0.2	Pseudomonadota
Luteolibacter	0.01666666667	0.05	0.2	Verrucomicrobiota
Marinoscillum	0.03333333333	0.05	0.2	Bacteroidota
Nafulsella	0.1666666667	0.1166666667	0.2	Bacteroidota
Naumannella	0.1333333333	0.1166666667	0.2	Actinomycetota
Neochlamydia	0.03333333333	0.06666666667	0.2	Chlamydiota
Salinicola	0.08333333333	0.1166666667	0.2	Pseudomonadota
Ilyomonas	0.1333333333	0.1333333333	0.2	Bacteroidota
Maribius	0.15	0.1	0.2	Pseudomonadota
Naasia	0.2333333333	0.1	0.2	Actinomycetota
Aliihoeflea	0.01666666667	0.03333333333	0.1833333333	Pseudomonadota
Cephaloticoccus	0.1666666667	0.1333333333	0.1833333333	Verrucomicrobiota
Ellin516	0.06666666667	0.3	0.1833333333	Verrucomicrobiota
Lactovum	0.03333333333	0.01666666667	0.1833333333	Bacillota
Phytohabitans	0.2166666667	0.15	0.1833333333	Actinomycetota
Vampirovibrio	0.05	0.08333333333	0.1833333333	Cyanobacteriota
[Streptomyces] thermoautotrophicus	0.08333333333	0.1666666667	0.1833333333	Actinomycetota
Aetherobacter	0.3833333333	0.3666666667	0.1833333333	Myxococcota
Mycoplasma	0.01666666667	0	0.1833333333	Bacillota
Pseudohongiella	0.05	0.08333333333	0.1833333333	Pseudomonadota
Sulfurospirillum	0.01666666667	0	0.1833333333	Campylobacterota
Rhodovarius	0.35	0.3666666667	0.1833333333	Pseudomonadota
Marinobacter	0.1333333333	0.2	0.1833333333	Pseudomonadota
Pluralibacter	0.15	0.05	0.1833333333	Pseudomonadota
Anaerocolumna	0.1333333333	0.1333333333	0.1666666667	Bacillota
Aureimonas	0.1833333333	0.1	0.1666666667	Pseudomonadota
Brevitalea	0.3	0.3333333333	0.1666666667	Acidobacteriota
Candidatus Paracaedibacter	0.08333333333	0.08333333333	0.1666666667	Pseudomonadota
Evansella	0.06666666667	0.08333333333	0.1666666667	Bacillota
Lipingzhangella	0.05	0.05	0.1666666667	Actinomycetota
Nitratireductor	0.2166666667	0.2	0.1666666667	Pseudomonadota
Nitrosomonas	0.2666666667	0.35	0.1666666667	Pseudomonadota
Patulibacter	0.1	0.03333333333	0.1666666667	Actinomycetota
Pseudoxanthomonas	0.1833333333	0.06666666667	0.1666666667	Pseudomonadota
Rhodomicrobium	0.05	0.05	0.1666666667	Pseudomonadota
Shinella	0.08333333333	0.05	0.1666666667	Pseudomonadota
Treponema	0.03333333333	0	0.1666666667	Spirochaetota
Dactylosporangium	0.3166666667	0.3666666667	0.1666666667	Actinomycetota
Halofilum	0.08333333333	0.15	0.1666666667	Pseudomonadota
Paeniclostridium	0.25	0.15	0.1666666667	Bacillota
Lutibaculum	0.08333333333	0.1	0.1666666667	Pseudomonadota
Actinopolymorpha	0.2666666667	0.3	0.15	Actinomycetota
Alterococcus	0.03333333333	0.05	0.15	Verrucomicrobiota
Ardenticatena	0.2333333333	0.2833333333	0.15	Chloroflexota
Chthonomonas	0.2666666667	0.4333333333	0.15	Armatimonadota
Gracilimonas	0.05	0.1	0.15	Balneolota
Hymenobacter	0.3833333333	0.2833333333	0.15	Bacteroidota
Terrimicrobium	0.05	0.01666666667	0.15	Verrucomicrobiota
Thermostilla	0.15	0.25	0.15	Planctomycetota
AK92	0	0.05	0.15	Pseudomonadota
Candidatus Bealeia	0.05	0.03333333333	0.15	Pseudomonadota
Solimonas	0.03333333333	0.03333333333	0.15	Pseudomonadota
Urania-1B-19 marine sediment group	0	0.03333333333	0.15	Planctomycetota
Pseudofulvimonas	0.03333333333	0.01666666667	0.15	Pseudomonadota
Tenuibacillus	0.08333333333	0.06666666667	0.15	Bacillota
Cytobacillus	0.08333333333	0.1166666667	0.15	Bacillota
HdN1	0.15	0.1666666667	0.15	Pseudomonadota
Marinicrinis	0.1	0.1	0.15	Bacillota
Diaminobutyricimonas	0.06666666667	0.1	0.15	Actinomycetota
Aggregicoccus	0.08333333333	0.05	0.1333333333	Myxococcota
Aidingibacillus	0.01666666667	0.03333333333	0.1333333333	Bacillota
Alkaliphilus	0.05	0.01666666667	0.1333333333	Bacillota
Candidatus Berkiella	0.01666666667	0.08333333333	0.1333333333	Pseudomonadota
Candidatus Entotheonella	0.08333333333	0.1	0.1333333333	Entotheonellaeota
Halopolyspora	0.1166666667	0.1	0.1333333333	Actinomycetota
KD3-10	0.2333333333	0.3833333333	0.1333333333	Myxococcota
Tenggerimyces	0.06666666667	0.1	0.1333333333	Actinomycetota
Thalassospira	0.3833333333	0.25	0.1333333333	Pseudomonadota
Thermobaculum	0.35	0.2666666667	0.1333333333	Chloroflexota
Curtobacterium	0.1	0	0.1333333333	Actinomycetota
Natronoglycomyces	0.01666666667	0	0.1333333333	Actinomycetota
Planctopirus	0.08333333333	0.08333333333	0.1333333333	Planctomycetota
Salinibacillus	0.03333333333	0.08333333333	0.1333333333	Bacillota
Palleronia-Pseudomaribius	0.08333333333	0.15	0.1333333333	Pseudomonadota
Pyrinomonas	0.2666666667	0.3166666667	0.1333333333	Acidobacteriota
Candidatus Xiphinematobacter	0.03333333333	0	0.1333333333	Verrucomicrobiota
Minicystis	0.1333333333	0.2	0.1333333333	Myxococcota
Tuwongella	0.08333333333	0.3166666667	0.1333333333	Planctomycetota
Terracidiphilus	0.2166666667	0.1333333333	0.1333333333	Acidobacteriota
Bdellovibrio	0.01666666667	0.06666666667	0.1166666667	Bdellovibrionota
Candidatus Soleaferrea	0.01666666667	0	0.1166666667	Bacillota
DEV008	0.03333333333	0.1166666667	0.1166666667	Verrucomicrobiota
Jahnella	0.06666666667	0.08333333333	0.1166666667	Myxococcota
Lentibacillus	0.06666666667	0.05	0.1166666667	Bacillota
Nitrosospira	0.1	0.05	0.1166666667	Pseudomonadota
Oceanococcus	0.01666666667	0.01666666667	0.1166666667	Pseudomonadota
Oenococcus	0	0	0.1166666667	Bacillota
Tyzzerella	0	0	0.1166666667	Bacillota
Heliimonas	0.1166666667	0	0.1166666667	Bacteroidota
Salinisphaera	0.01666666667	0.08333333333	0.1166666667	Pseudomonadota
1959-1	0.01666666667	0.08333333333	0.1166666667	Chloroflexota
Butyratibacter	0.05	0.05	0.1166666667	Pseudomonadota
Cryptosporangium	0.08333333333	0.1166666667	0.1166666667	Actinomycetota
Micrococcus	0.2166666667	0.05	0.1166666667	Actinomycetota
Rhodobaculum	0.05	0.06666666667	0.1166666667	Pseudomonadota
YC-ZSS-LKJ90	0.01666666667	0.06666666667	0.1166666667	Actinomycetota
Georgfuchsia	0	0.01666666667	0.1166666667	Pseudomonadota
Mariniblastus	0.05	0.01666666667	0.1166666667	Planctomycetota
Rubinisphaera	0.01666666667	0.05	0.1166666667	Planctomycetota
Methylorubrum	0.25	0.1166666667	0.1166666667	Pseudomonadota
Pseudorhizobium	0.05	0.08333333333	0.1166666667	Pseudomonadota
Candidatus Hepatincola	0.01666666667	0	0.1166666667	Pseudomonadota
Alcanivorax	0.03333333333	0.08333333333	0.1	Pseudomonadota
Aquicella	0	0.08333333333	0.1	Pseudomonadota
Chungangia	0.05	0.03333333333	0.1	Bacillota
Desertibacter	0.1666666667	0.1166666667	0.1	Pseudomonadota
Halosaccharopolyspora	0.1166666667	0.15	0.1	Actinomycetota
Imperialibacter	0	0.01666666667	0.1	Bacteroidota
JGI 0001001-H03	0.05	0.06666666667	0.1	Acidobacteriota
Kofleria	0.01666666667	0	0.1	Myxococcota
Nitrococcus	0.01666666667	0.01666666667	0.1	Pseudomonadota
Ornithinicoccus	0.05	0.05	0.1	Actinomycetota
Pontibacillus	0.06666666667	0.06666666667	0.1	Bacillota
Zavarzinella	0.08333333333	0.1833333333	0.1	Planctomycetota
Alistipes	0	0	0.1	Bacteroidota
Hoeflea	0.03333333333	0.05	0.1	Pseudomonadota
Salinicoccus	0.25	0.2166666667	0.1	Bacillota
Stackebrandtia	0	0	0.1	Actinomycetota
Terrimonas	0.01666666667	0.01666666667	0.1	Bacteroidota
Ereboglobus	0.15	0.2166666667	0.1	Verrucomicrobiota
Paenisporosarcina	0.01666666667	0.05	0.1	Bacillota
Piscibacillus	0.05	0.05	0.1	Bacillota
type III	0	0.05	0.1	Bacillota
Fodinicurvata	0.03333333333	0.08333333333	0.1	Pseudomonadota
Papillibacter	0.01666666667	0.01666666667	0.1	Bacillota
Taibaiella	0.01666666667	0.03333333333	0.1	Bacteroidota
Algiphilus	0.05	0.1833333333	0.1	Pseudomonadota
Pelagicoccus	0.01666666667	0.05	0.1	Verrucomicrobiota
Pseudoprevotella	0.01666666667	0	0.1	Bacteroidota
Fontibacillus	0.03333333333	0.1	0.1	Bacillota
Methyloceanibacter	0.01666666667	0.05	0.1	Pseudomonadota
Cutibacterium	0.1833333333	0.1	0.1	Actinomycetota
Aliterella	0.1666666667	0.08333333333	0.08333333333	Cyanobacteriota
Allobacillus	0.03333333333	0.03333333333	0.08333333333	Bacillota
Apibacter	0.01666666667	0	0.08333333333	Bacteroidota
Candidatus Symbiothrix	0	0	0.08333333333	Bacteroidota
Krasilnikovia	0.06666666667	0.05	0.08333333333	Actinomycetota
Nitrosococcus	0.03333333333	0.06666666667	0.08333333333	Pseudomonadota
Rhizobacter	0.01666666667	0.06666666667	0.08333333333	Pseudomonadota
Smaragdicoccus	0.06666666667	0.06666666667	0.08333333333	Actinomycetota
UBA12411	0.01666666667	0	0.08333333333	Dependentiae
Algoriphagus	0.1833333333	0.15	0.08333333333	Bacteroidota
Chryseobacterium	0.1166666667	0.06666666667	0.08333333333	Bacteroidota
Enhygromyxa	0.01666666667	0.01666666667	0.08333333333	Myxococcota
Lachnospiraceae UCG-008	0	0.01666666667	0.08333333333	Bacillota
Neo-b11	0.1833333333	0.1333333333	0.08333333333	Pseudomonadota
Roseimicrobium	0.03333333333	0.03333333333	0.08333333333	Verrucomicrobiota
Pyxidicoccus	0.06666666667	0.1666666667	0.08333333333	Myxococcota
endosymbionts	0.05	0	0.08333333333	Pseudomonadota
Chelatococcus	0.01666666667	0.01666666667	0.08333333333	Pseudomonadota
Mucispirillum	0.03333333333	0	0.08333333333	Deferribacterota
Raoultibacter	0	0.01666666667	0.08333333333	Actinomycetota
Microbulbifer	0	0.03333333333	0.08333333333	Pseudomonadota
Peterkaempfera	0.08333333333	0.06666666667	0.08333333333	Actinomycetota
Fluviicola	0	0	0.08333333333	Bacteroidota
IMCC26207	0.08333333333	0.05	0.08333333333	Actinomycetota
Niveibacterium	0.2166666667	0.15	0.08333333333	Pseudomonadota
Paludicola	0	0	0.08333333333	Bacillota
Paludisphaera	0	0	0.08333333333	Planctomycetota
Cyanobacterium PCC-10605	0.3	0.1666666667	0.08333333333	Cyanobacteriota
Exiguobacterium	0.15	0.03333333333	0.08333333333	Bacillota
Marinibaculum	0.01666666667	0.03333333333	0.08333333333	Pseudomonadota
Desemzia	0.1166666667	0.05	0.08333333333	Bacillota
Actinomyces	0.1333333333	0.1833333333	0.06666666667	Actinomycetota
Allonocardiopsis	0.08333333333	0.08333333333	0.06666666667	Actinomycetota
Altererythrobacter	0.01666666667	0.01666666667	0.06666666667	Pseudomonadota
Candidatus Fritschea	0.01666666667	0.05	0.06666666667	Chlamydiota
Chondromyces	0.01666666667	0.05	0.06666666667	Myxococcota
Coxiella	0.01666666667	0.05	0.06666666667	Pseudomonadota
E1B-B3-114	0.2666666667	0.1833333333	0.06666666667	Actinomycetota
Endomicrobium	0	0.01666666667	0.06666666667	Elusimicrobiota
H1	0	0	0.06666666667	Bacteroidota
Haladaptatus	0	0.03333333333	0.06666666667	Halobacteriota
Halopelagius	0	0.01666666667	0.06666666667	Halobacteriota
Holospora	0.05	0.06666666667	0.06666666667	Pseudomonadota
Litorivivens	0.03333333333	0.03333333333	0.06666666667	Pseudomonadota
Methylobacterium	0.15	0.06666666667	0.06666666667	Pseudomonadota
Ornithinimicrobium	0.1333333333	0.1	0.06666666667	Actinomycetota
Pseudactinotalea	0.05	0.05	0.06666666667	Actinomycetota
Salinivenus	0	0.05	0.06666666667	Rhodothermota
Singulisphaera	0	0	0.06666666667	Planctomycetota
Stenotrophobacter	0.06666666667	0.1166666667	0.06666666667	Acidobacteriota
UTBCD1	0.06666666667	0.05	0.06666666667	Bacteroidota
Parvibaculum	0.2	0.2166666667	0.06666666667	Pseudomonadota
Sciscionella	0	0	0.06666666667	Actinomycetota
Sva0996 marine group	0.01666666667	0.03333333333	0.06666666667	Actinomycetota
Thermopolyspora	0.03333333333	0.06666666667	0.06666666667	Actinomycetota
Tianweitania	0.1333333333	0.1	0.06666666667	Pseudomonadota
Borrelia	0.01666666667	0	0.06666666667	Spirochaetota
Corallococcus	0.08333333333	0.06666666667	0.06666666667	Myxococcota
Enhydrobacter	0.2833333333	0.1666666667	0.06666666667	Pseudomonadota
Haliangium	0.01666666667	0.01666666667	0.06666666667	Myxococcota
Leptolyngbya EcFYyyy-00	0.08333333333	0.05	0.06666666667	Cyanobacteriota
Methylohalomonas	0.03333333333	0.1166666667	0.06666666667	Pseudomonadota
Pseudoxanthobacter	0	0.01666666667	0.06666666667	Pseudomonadota
Psychrobacillus	0.03333333333	0.05	0.06666666667	Bacillota
Salibacterium	0	0.03333333333	0.06666666667	Bacillota
Seinonella	0.01666666667	0	0.06666666667	Bacillota
Termite Treponema cluster	0	0	0.06666666667	Spirochaetota
Gemmobacter	0	0.08333333333	0.06666666667	Pseudomonadota
Halopeptonella	0.03333333333	0.06666666667	0.06666666667	Pseudomonadota
Aquisalinus	0.01666666667	0.01666666667	0.06666666667	Pseudomonadota
Idiomarina	0.15	0.1333333333	0.06666666667	Pseudomonadota
JTB255 marine benthic group	0.01666666667	0.01666666667	0.06666666667	Pseudomonadota
Croceicoccus	0.06666666667	0.06666666667	0.06666666667	Pseudomonadota
Isosphaera	0	0.01666666667	0.06666666667	Planctomycetota
Kinneretia	0.01666666667	0.01666666667	0.06666666667	Pseudomonadota
Nakamurella	0.05	0	0.06666666667	Actinomycetota
Aquisalimonas	0.01666666667	0.03333333333	0.06666666667	Pseudomonadota
Rothia	0.06666666667	0.15	0.06666666667	Actinomycetota
SCGC AAA164-E04	0	0.01666666667	0.06666666667	Verrucomicrobiota
Sediminivirga	0	0.01666666667	0.06666666667	Actinomycetota
Nitrobacter	0.01666666667	0	0.06666666667	Pseudomonadota
Actinoalloteichus	0.03333333333	0.03333333333	0.05	Actinomycetota
Afifella	0.03333333333	0.08333333333	0.05	Pseudomonadota
Alkalibacterium	0.01666666667	0	0.05	Bacillota
Bacteroides	0	0	0.05	Bacteroidota
Candidatus Koribacter	0.03333333333	0.2	0.05	Acidobacteriota
Candidatus Ovatusbacter	0.01666666667	0.05	0.05	Pseudomonadota
Candidatus Udaeobacter	0.1333333333	0.1166666667	0.05	Verrucomicrobiota
Craurococcus	0.1833333333	0.1666666667	0.05	Pseudomonadota
Desulfovibrio	0	0	0.05	Thermodesulfobacteriota
Dichotomicrobium	0.01666666667	0.05	0.05	Pseudomonadota
Enteractinococcus	0	0.05	0.05	Actinomycetota
Geothermomicrobium	0.05	0.15	0.05	Bacillota
Halopiger	0	0.01666666667	0.05	Halobacteriota
Halorussus	0.01666666667	0.05	0.05	Halobacteriota
Lujinxingia	0.01666666667	0.1166666667	0.05	Thermodesulfobacteriota
Luteivirga	0.01666666667	0.01666666667	0.05	Bacteroidota
Marinimicrobium	0.03333333333	0.05	0.05	Pseudomonadota
Mobilitalea	0.01666666667	0.01666666667	0.05	Bacillota
Paucisalibacillus	0.01666666667	0.03333333333	0.05	Bacillota
Phragmitibacter	0	0.01666666667	0.05	Verrucomicrobiota
Pseudazoarcus	0.06666666667	0.05	0.05	Pseudomonadota
Risungbinella	0.05	0.05	0.05	Bacillota
Thermithiobacillus	0.05	0.06666666667	0.05	Pseudomonadota
Yinghuangia	0.06666666667	0.06666666667	0.05	Actinomycetota
mle1-7	0.01666666667	0	0.05	Pseudomonadota
Amaricoccus	0.05	0.03333333333	0.05	Pseudomonadota
Bailinhaonella	0	0.01666666667	0.05	Actinomycetota
Bounagaea	0	0.03333333333	0.05	Actinomycetota
CHKCI001	0	0	0.05	Bacillota
Glutamicibacter	0.05	0.01666666667	0.05	Actinomycetota
Larsenimonas	0.01666666667	0	0.05	Pseudomonadota
MAT-CR-P4-C12	0.01666666667	0.08333333333	0.05	Balneolota
Owenweeksia	0.03333333333	0.03333333333	0.05	Bacteroidota
Planomonospora	0.05	0	0.05	Actinomycetota
Ruminiclostridium	0.05	0.01666666667	0.05	Bacillota
SKP-2	0.06666666667	0.08333333333	0.05	Thermodesulfobacteriota
Sphingobium	0.03333333333	0	0.05	Pseudomonadota
Thiohalorhabdus	0.01666666667	0.01666666667	0.05	Pseudomonadota
Zobellella	0.15	0.1166666667	0.05	Pseudomonadota
Acidicaldus	0.01666666667	0.03333333333	0.05	Pseudomonadota
Aidingimonas	0.06666666667	0.1	0.05	Pseudomonadota
Alkalihalophilus	0.01666666667	0.01666666667	0.05	Bacillota
Bhargavaea	0.05	0	0.05	Bacillota
Candidatus Captivus	0.08333333333	0.03333333333	0.05	Pseudomonadota
Ferruginivarius	0.05	0.1166666667	0.05	Pseudomonadota
Pigmentiphaga	0	0.01666666667	0.05	Pseudomonadota
Spongiactinospora	0.01666666667	0.01666666667	0.05	Actinomycetota
Sporosarcina	0.05	0.06666666667	0.05	Bacillota
Veillonella	0.1833333333	0.2	0.05	Bacillota
Azoarcus	0	0.03333333333	0.05	Pseudomonadota
Chryseolinea	0.03333333333	0	0.05	Bacteroidota
Gemella	0.06666666667	0.06666666667	0.05	Bacillota
Klebsiella	0.03333333333	0.01666666667	0.05	Pseudomonadota
Pacificitalea	0	0.01666666667	0.05	Pseudomonadota
Propionivibrio	0	0	0.05	Pseudomonadota
Rubrivirga	0.08333333333	0.06666666667	0.05	Rhodothermota
Thermocrispum	0	0	0.05	Actinomycetota
Erythrobacter	0.1166666667	0.1	0.05	Pseudomonadota
OLB13	0	0	0.05	Chloroflexota
Pasteuria	0.05	0.01666666667	0.05	Bacillota
Serratia	0.1	0.01666666667	0.05	Pseudomonadota
Tropicimonas-Psychromarinibacter	0.01666666667	0.01666666667	0.05	Pseudomonadota
LD29	0.06666666667	0.01666666667	0.05	Verrucomicrobiota
Lawsonella	0.2333333333	0.1	0.05	Actinomycetota
NK4A214 group	0	0	0.05	Bacillota
Paraliobacillus	0.01666666667	0.01666666667	0.05	Bacillota
Alkalibacillus	0	0	0.05	Bacillota
Pediococcus	0.03333333333	0.01666666667	0.05	Bacillota
Pseudidiomarina	0.01666666667	0.03333333333	0.05	Pseudomonadota
Rathayibacter	0.01666666667	0.03333333333	0.05	Actinomycetota
BCf9-17 termite group	0	0	0.05	Bacteroidota
Sinomonas	0	0	0.05	Actinomycetota
Antarcticibacterium	0.05	0.03333333333	0.05	Bacteroidota
Aquamicrobium	0.01666666667	0.03333333333	0.05	Pseudomonadota
Salinactinospora	0	0.01666666667	0.05	Actinomycetota
Rhizorhapis	0	0	0.05	Pseudomonadota
Marispirillum	0.01666666667	0.03333333333	0.05	Pseudomonadota
Atopococcus	0.03333333333	0.01666666667	0.03333333333	Bacillota
Bythopirellula	0	0.05	0.03333333333	Planctomycetota
C1-B045	0.03333333333	0.01666666667	0.03333333333	Pseudomonadota
Candidatus Armantifilum	0	0	0.03333333333	Bacteroidota
Cloacibacterium	0.1166666667	0.1166666667	0.03333333333	Bacteroidota
Finegoldia	0.06666666667	0.03333333333	0.03333333333	Bacillota
Galbibacter	0	0	0.03333333333	Bacteroidota
Gynurincola	0	0.01666666667	0.03333333333	Bacteroidota
Halocatena	0	0.03333333333	0.03333333333	Halobacteriota
Halomicrobium	0	0.05	0.03333333333	Halobacteriota
Halovenus	0	0.03333333333	0.03333333333	Halobacteriota
Hypericibacter	0	0	0.03333333333	Pseudomonadota
Limimonas	0	0.03333333333	0.03333333333	Pseudomonadota
Mucilaginibacter	0	0	0.03333333333	Bacteroidota
Natronomonas	0	0.03333333333	0.03333333333	Halobacteriota
Proteiniphilum	0.06666666667	0	0.03333333333	Bacteroidota
Qinpengyuania	0	0.01666666667	0.03333333333	Pseudomonadota
Telmatospirillum	0.01666666667	0	0.03333333333	Pseudomonadota
Actibacterium	0.01666666667	0.01666666667	0.03333333333	Pseudomonadota
Alteribacter	0	0.03333333333	0.03333333333	Bacillota
Asinibacterium	0.01666666667	0	0.03333333333	Bacteroidota
Catalinimonas	0	0	0.03333333333	Bacteroidota
Chroococcidiopsis SAG 2023	0.06666666667	0.08333333333	0.03333333333	Cyanobacteriota
Elusimicrobium	0	0	0.03333333333	Elusimicrobiota
Ga0074140	0	0.01666666667	0.03333333333	Chlamydiota
Halobacterium	0	0.03333333333	0.03333333333	Halobacteriota
Halolamina	0	0.01666666667	0.03333333333	Halobacteriota
Marinactinospora	0	0.01666666667	0.03333333333	Actinomycetota
Marinococcus	0.03333333333	0	0.03333333333	Bacillota
Methylonatrum	0.01666666667	0.01666666667	0.03333333333	Pseudomonadota
Prosthecomicrobium	0.03333333333	0.01666666667	0.03333333333	Pseudomonadota
Rhodovibrio	0.01666666667	0	0.03333333333	Pseudomonadota
Saliterribacillus	0.03333333333	0.01666666667	0.03333333333	Bacillota
Simkania	0	0	0.03333333333	Chlamydiota
Actinoallomurus	0	0.01666666667	0.03333333333	Actinomycetota
Candidatus Midichloria	0	0	0.03333333333	Pseudomonadota
Chromohalobacter	0.08333333333	0.08333333333	0.03333333333	Pseudomonadota
Dyadobacter	0.03333333333	0.01666666667	0.03333333333	Bacteroidota
Fulvivirga	0	0.01666666667	0.03333333333	Bacteroidota
Haemophilus	0.1	0.1	0.03333333333	Pseudomonadota
Halobellus	0	0.03333333333	0.03333333333	Halobacteriota
Halosimplex	0	0.01666666667	0.03333333333	Halobacteriota
Halostagnicola	0	0	0.03333333333	Halobacteriota
Marinicauda	0.05	0.01666666667	0.03333333333	Pseudomonadota
Marivibrio	0.03333333333	0.03333333333	0.03333333333	Pseudomonadota
Myxosarcina SAG 30.84	0.01666666667	0	0.03333333333	Cyanobacteriota
Neisseria	0.1833333333	0.2	0.03333333333	Pseudomonadota
Pusillibacter	0	0	0.03333333333	Pseudomonadota
Rheinheimera	0.15	0.1333333333	0.03333333333	Pseudomonadota
Roseiflexus	0	0.01666666667	0.03333333333	Chloroflexota
Saccharospirillum	0.1166666667	0.1166666667	0.03333333333	Pseudomonadota
Tepidamorphus	0	0.03333333333	0.03333333333	Pseudomonadota
Allosalinactinospora	0	0	0.03333333333	Actinomycetota
Burkholderia-Caballeronia-Paraburkholderia	0.05	0.06666666667	0.03333333333	Pseudomonadota
Citrobacter	0.03333333333	0.01666666667	0.03333333333	Pseudomonadota
Granulicatella	0.1	0.1333333333	0.03333333333	Bacillota
Haloquadratum	0	0.01666666667	0.03333333333	Halobacteriota
Haloterrigena	0	0	0.03333333333	Halobacteriota
Hansschlegelia	0.03333333333	0.05	0.03333333333	Pseudomonadota
Providencia	0.1666666667	0.1166666667	0.03333333333	Pseudomonadota
Weizmannia	0.05	0.01666666667	0.03333333333	Bacillota
Azotobacter	0	0	0.03333333333	Pseudomonadota
Hafnia-Obesumbacterium	0.03333333333	0.01666666667	0.03333333333	Pseudomonadota
Lunatibacter	0	0.01666666667	0.03333333333	Bacteroidota
Parvularcula	0.01666666667	0.01666666667	0.03333333333	Pseudomonadota
Phycocomes	0	0.01666666667	0.03333333333	Pseudomonadota
Fusobacterium	0	0.08333333333	0.03333333333	Fusobacteriota
Natronoarchaeum	0	0	0.03333333333	Halobacteriota
Prevotella	0.01666666667	0.01666666667	0.03333333333	Bacteroidota
Thalassobacillus	0.01666666667	0.03333333333	0.03333333333	Bacillota
Desmospora	0.01666666667	0.06666666667	0.03333333333	Bacillota
Garicola	0.01666666667	0	0.03333333333	Actinomycetota
Magnetospira	0.01666666667	0.03333333333	0.03333333333	Pseudomonadota
Methylophaga	0	0	0.03333333333	Pseudomonadota
Microcella	0.05	0.03333333333	0.03333333333	Actinomycetota
TC1	0.01666666667	0	0.03333333333	Bacillota
Anaerosolibacter	0	0.01666666667	0.03333333333	Bacillota
Methylibium	0.05	0.03333333333	0.03333333333	Pseudomonadota
Thermocatellispora	0.01666666667	0.03333333333	0.03333333333	Actinomycetota
Thioalbus	0	0	0.03333333333	Pseudomonadota
Acidimangrovimonas	0	0	0.03333333333	Pseudomonadota
Dermacoccus	0.01666666667	0.01666666667	0.03333333333	Actinomycetota
Herbinix	0	0.01666666667	0.03333333333	Bacillota
Limnothrix	0	0	0.03333333333	Cyanobacteriota
Streptosporangium	0.01666666667	0.01666666667	0.03333333333	Actinomycetota
Defluviitalea	0	0	0.03333333333	Bacillota
Lachnospiraceae UCG-010	0	0	0.03333333333	Bacillota
Ahniella	0.05	0.03333333333	0.03333333333	Pseudomonadota
Arenimonas	0.05	0.03333333333	0.03333333333	Pseudomonadota
Leptolyngbya Es-Yyy1000	0.06666666667	0.01666666667	0.03333333333	Cyanobacteriota
Leucobacter	0.05	0.01666666667	0.03333333333	Actinomycetota
Alishewanella	0	0.01666666667	0.03333333333	Pseudomonadota
Halopenitus	0	0.01666666667	0.03333333333	Halobacteriota
Blvii28 wastewater-sludge group	0.1166666667	0.08333333333	0.03333333333	Bacteroidota
Halosolutus	0	0	0.03333333333	Halobacteriota
Stenotrophomonas	0.1	0.08333333333	0.03333333333	Pseudomonadota
Franconibacter	0	0	0.03333333333	Pseudomonadota
Caenispirillum	0.05	0.05	0.03333333333	Pseudomonadota
Fodinibius	0	0.01666666667	0.03333333333	Balneolota
Pseudothermotoga	0.1333333333	0.1166666667	0.03333333333	Thermotogota
Aestuariibacter	0	0.01666666667	0.03333333333	Pseudomonadota
Henriciella	0	0	0.03333333333	Pseudomonadota
Goodfellowiella	0	0.01666666667	0.03333333333	Actinomycetota
Aquisalibacillus	0	0.01666666667	0.03333333333	Bacillota
Mammaliicoccus	0	0	0.03333333333	Bacillota
Pseudooceanicola	0.01666666667	0.01666666667	0.03333333333	Pseudomonadota
Intrasporangium	0	0.03333333333	0.03333333333	Actinomycetota
Alteriqipengyuania	0.01666666667	0.01666666667	0.01666666667	Pseudomonadota
Amphibacillus	0.01666666667	0	0.01666666667	Bacillota
Anaerotignum	0	0	0.01666666667	Bacillota
Anoxybacillus	0.1333333333	0.05	0.01666666667	Bacillota
Arboricoccus	0.03333333333	0.01666666667	0.01666666667	Pseudomonadota
B2706-C7	0.01666666667	0.01666666667	0.01666666667	Balneolota
Candidatus Finniella	0	0	0.01666666667	Pseudomonadota
Candidatus Halobonum	0	0.01666666667	0.01666666667	Halobacteriota
Candidatus Protistobacter	0	0.03333333333	0.01666666667	Pseudomonadota
Candidatus Renichlamydia	0	0	0.01666666667	Chlamydiota
Candidatus Rhabdochlamydia	0	0	0.01666666667	Chlamydiota
Cellulosilyticum	0.03333333333	0	0.01666666667	Bacillota
Defluviitaleaceae UCG-011	0	0	0.01666666667	Bacillota
Desulfatitalea	0	0	0.01666666667	Thermodesulfobacteriota
Halocella	0	0	0.01666666667	Halanaerobiaeota
Haloparvum	0	0.03333333333	0.01666666667	Halobacteriota
Immundisolibacter	0.01666666667	0.01666666667	0.01666666667	Pseudomonadota
Insolitispirillum	0.08333333333	0.03333333333	0.01666666667	Pseudomonadota
Kouleothrix	0	0	0.01666666667	Chloroflexota
Leptotrichia	0.06666666667	0.03333333333	0.01666666667	Fusobacteriota
Longibacter	0	0.03333333333	0.01666666667	Rhodothermota
Oceanicella	0.01666666667	0.05	0.01666666667	Pseudomonadota
Panacagrimonas	0.01666666667	0.01666666667	0.01666666667	Pseudomonadota
Parachlamydia	0	0	0.01666666667	Chlamydiota
Phycisphaera	0	0	0.01666666667	Planctomycetota
Povalibacter	0.05	0.05	0.01666666667	Pseudomonadota
Pseudobacteriovorax	0.01666666667	0.01666666667	0.01666666667	Bdellovibrionota
Roseovarius	0.03333333333	0.05	0.01666666667	Pseudomonadota
Salinarchaeum	0	0.03333333333	0.01666666667	Halobacteriota
Sinimarinibacterium	0	0	0.01666666667	Pseudomonadota
Stappia	0.05	0.08333333333	0.01666666667	Pseudomonadota
Tamaricihabitans	0	0	0.01666666667	Actinomycetota
Thermobifida	0.01666666667	0.01666666667	0.01666666667	Actinomycetota
UBA12409	0.03333333333	0.03333333333	0.01666666667	Dependentiae
Waddlia	0.01666666667	0.05	0.01666666667	Chlamydiota
Wenzhouxiangella	0.03333333333	0.06666666667	0.01666666667	Pseudomonadota
Alloprevotella	0	0	0.01666666667	Bacteroidota
Candidatus Cryptoprodotis	0	0	0.01666666667	Pseudomonadota
Candidatus Nitrososphaera	0	0	0.01666666667	Thermoproteota
Dankookia	0.15	0.1	0.01666666667	Pseudomonadota
Filobacillus	0.01666666667	0	0.01666666667	Bacillota
Gloeocapsa	0.01666666667	0.01666666667	0.01666666667	Cyanobacteriota
Hyphomonas	0	0.01666666667	0.01666666667	Pseudomonadota
Lactobacillus	0.08333333333	0.03333333333	0.01666666667	Bacillota
Loriellopsis LF-B5	0.05	0	0.01666666667	Cyanobacteriota
Microcoleus PCC-7113	0	0	0.01666666667	Cyanobacteriota
Natrialba	0	0.01666666667	0.01666666667	Halobacteriota
Pleomorphomonas	0.1166666667	0.08333333333	0.01666666667	Pseudomonadota
Procabacter	0.06666666667	0	0.01666666667	Pseudomonadota
Rhodovulum	0.01666666667	0.03333333333	0.01666666667	Pseudomonadota
Salinispirillum	0.03333333333	0.01666666667	0.01666666667	Pseudomonadota
Silanimonas	0	0.01666666667	0.01666666667	Pseudomonadota
Spirillospora	0.01666666667	0	0.01666666667	Actinomycetota
wb1-P19	0.03333333333	0	0.01666666667	Pseudomonadota
Aggregatilinea	0	0	0.01666666667	Chloroflexota
Aliidiomarina	0.01666666667	0	0.01666666667	Pseudomonadota
Ammoniibacillus	0.03333333333	0.01666666667	0.01666666667	Bacillota
Candidatus Haloredivivus	0	0	0.01666666667	Nanohaloarchaeota
Caproiciproducens	0	0	0.01666666667	Bacillota
Cerasicoccus	0	0	0.01666666667	Verrucomicrobiota
Culicoidibacter	0.06666666667	0.01666666667	0.01666666667	Bacillota
Geomicrobium	0	0	0.01666666667	Bacillota
JdFR-76	0	0.03333333333	0.01666666667	Calditrichota
Niabella	0	0	0.01666666667	Bacteroidota
Qipengyuania	0	0	0.01666666667	Pseudomonadota
Rhabdobacter	0	0	0.01666666667	Bacteroidota
Spirochaeta	0	0	0.01666666667	Spirochaetota
Thermoanaerobacterium	0.03333333333	0	0.01666666667	Bacillota
Tissierella	0	0	0.01666666667	Bacillota
Trichloromonas	0	0	0.01666666667	Thermodesulfobacteriota
Tsukamurella	0	0	0.01666666667	Actinomycetota
Tychonema CCAP 1459-11B	0.01666666667	0.03333333333	0.01666666667	Cyanobacteriota
Achromobacter	0	0	0.01666666667	Pseudomonadota
Actinorectispora	0	0	0.01666666667	Actinomycetota
Agrobacterium	0.03333333333	0.05	0.01666666667	Pseudomonadota
Alicyclobacillus	0.01666666667	0.03333333333	0.01666666667	Bacillota
Baia	0	0.01666666667	0.01666666667	Bacillota
Effusibacillus	0.05	0.08333333333	0.01666666667	Bacillota
Halarchaeum	0	0.01666666667	0.01666666667	Halobacteriota
Haloplanus	0	0.03333333333	0.01666666667	Halobacteriota
Hoppeia	0	0	0.01666666667	Bacteroidota
Pseudenhygromyxa	0	0.01666666667	0.01666666667	Myxococcota
Sutcliffiella	0	0	0.01666666667	Bacillota
WY65	0	0.01666666667	0.01666666667	Acidobacteriota
ADurb.Bin063-1	0	0.05	0.01666666667	Verrucomicrobiota
AqS1	0	0.01666666667	0.01666666667	Pseudomonadota
Caedibacter	0	0	0.01666666667	Pseudomonadota
Crocinitomix	0.01666666667	0	0.01666666667	Bacteroidota
F0058	0	0	0.01666666667	Bacteroidota
Porphyromonas	0.03333333333	0.05	0.01666666667	Bacteroidota
Tepidicaulis	0	0	0.01666666667	Pseudomonadota
Vulcaniibacterium	0.01666666667	0.01666666667	0.01666666667	Pseudomonadota
Alkanindiges	0.01666666667	0.01666666667	0.01666666667	Pseudomonadota
BD1-7 clade	0.01666666667	0.01666666667	0.01666666667	Pseudomonadota
Bogoriella	0	0	0.01666666667	Actinomycetota
Cronobacter	0	0	0.01666666667	Pseudomonadota
Dactylococcopsis PCC-8305	0.08333333333	0.08333333333	0.01666666667	Cyanobacteriota
KCM-B-112	0.01666666667	0.03333333333	0.01666666667	Pseudomonadota
Nevskia	0.05	0.05	0.01666666667	Pseudomonadota
Rhodohalobacter	0	0	0.01666666667	Balneolota
Trichocoleus SAG 26.92	0	0.08333333333	0.01666666667	Cyanobacteriota
Aquisphaera	0.01666666667	0	0.01666666667	Planctomycetota
Aurantimonas	0	0	0.01666666667	Pseudomonadota
Candidatus Rubidus	0.01666666667	0	0.01666666667	Chlamydiota
Haloechinothrix	0	0	0.01666666667	Actinomycetota
Hephaestia	0	0	0.01666666667	Pseudomonadota
Laceyella	0	0	0.01666666667	Bacillota
Methylocella	0.03333333333	0.01666666667	0.01666666667	Pseudomonadota
Parapusillimonas	0	0	0.01666666667	Pseudomonadota
Salimicrobium	0	0	0.01666666667	Bacillota
Taonella	0	0	0.01666666667	Pseudomonadota
Actinobacillus	0.01666666667	0.01666666667	0.01666666667	Pseudomonadota
Afipia	0.01666666667	0	0.01666666667	Pseudomonadota
Brassicibacter	0.01666666667	0.01666666667	0.01666666667	Bacillota
Caldalkalibacillus	0	0.03333333333	0.01666666667	Bacillota
Calorithrix	0	0.01666666667	0.01666666667	Calditrichota
Cumulibacter	0	0	0.01666666667	Actinomycetota
Halococcoides	0	0	0.01666666667	Halobacteriota
Longimonas	0	0	0.01666666667	Rhodothermota
Marisediminicola	0.01666666667	0.03333333333	0.01666666667	Actinomycetota
Mesonia	0	0	0.01666666667	Bacteroidota
Natrinema	0	0	0.01666666667	Halobacteriota
Pusillimonas	0	0.01666666667	0.01666666667	Pseudomonadota
Salegentibacter	0	0	0.01666666667	Bacteroidota
Salinibaculum	0	0	0.01666666667	Halobacteriota
Schaalia	0.01666666667	0	0.01666666667	Actinomycetota
Candidatus Nucleicultrix	0	0	0.01666666667	Pseudomonadota
Daejeonia	0.03333333333	0	0.01666666667	Bacteroidota
Haloplasma	0.01666666667	0.03333333333	0.01666666667	Bacillota
Hartmannibacter	0	0	0.01666666667	Pseudomonadota
Telmatocola	0	0	0.01666666667	Planctomycetota
Membranihabitans	0	0	0.01666666667	Bacteroidota
Phormidium IAM M-71	0	0	0.01666666667	Cyanobacteriota
Thiohalomonas	0	0.01666666667	0.01666666667	Pseudomonadota
Bifidobacterium	0.06666666667	0.05	0.01666666667	Actinomycetota
Cavicella	0.01666666667	0	0.01666666667	Pseudomonadota
Jidongwangia	0.01666666667	0.01666666667	0.01666666667	Actinomycetota
Phormidium MBIC10003	0.03333333333	0.01666666667	0.01666666667	Cyanobacteriota
Abiotrophia	0.1666666667	0.1833333333	0.01666666667	Bacillota
Acholeplasma	0	0	0.01666666667	Bacillota
Halodurantibacterium	0.01666666667	0.01666666667	0.01666666667	Pseudomonadota
Halomicroarcula	0	0	0.01666666667	Halobacteriota
Marivirga	0.01666666667	0.01666666667	0.01666666667	Bacteroidota
Melghiribacillus	0.01666666667	0.01666666667	0.01666666667	Bacillota
Rubribacterium	0.01666666667	0.03333333333	0.01666666667	Pseudomonadota
Shimwellia	0	0	0.01666666667	Pseudomonadota
Synechocystis BDHKU-20401	0.01666666667	0.01666666667	0.01666666667	Cyanobacteriota
Thiofaba	0.05	0	0.01666666667	Pseudomonadota
Tranquillimonas	0.01666666667	0.01666666667	0.01666666667	Pseudomonadota
Undibacterium	0	0	0.01666666667	Pseudomonadota
Verrucomicrobium	0.1	0.1666666667	0.01666666667	Verrucomicrobiota
Albibacterium	0	0	0.01666666667	Bacteroidota
Alcaligenes	0.1	0.06666666667	0.01666666667	Pseudomonadota
Cryobacterium	0	0.01666666667	0.01666666667	Actinomycetota
Delftia	0.06666666667	0.06666666667	0.01666666667	Pseudomonadota
Haliea	0.01666666667	0.01666666667	0.01666666667	Pseudomonadota
Oceanicaulis	0.01666666667	0.01666666667	0.01666666667	Pseudomonadota
Sulfurivermis	0.01666666667	0	0.01666666667	Pseudomonadota
Alkalicoccus	0.01666666667	0	0.01666666667	Bacillota
Methanobrevibacter	0	0	0.01666666667	Methanobacteriota
Photobacterium	0.03333333333	0.03333333333	0.01666666667	Pseudomonadota
Thiobacillus	0.03333333333	0.01666666667	0.01666666667	Pseudomonadota
Denitromonas	0.03333333333	0.01666666667	0.01666666667	Pseudomonadota
Halococcus	0	0	0.01666666667	Halobacteriota
Peptoniphilus	0.03333333333	0	0.01666666667	Bacillota
RCP1-48	0.01666666667	0.08333333333	0.01666666667	Pseudomonadota
Chakia	0.01666666667	0.03333333333	0.01666666667	Cyanobacteriota
Guyparkeria	0.01666666667	0.01666666667	0.01666666667	Pseudomonadota
Lacimicrobium	0.03333333333	0.01666666667	0.01666666667	Pseudomonadota
Mongoliicoccus	0.01666666667	0.01666666667	0.01666666667	Bacteroidota
Gulbenkiania	0.01666666667	0	0.01666666667	Pseudomonadota
Thermopetrobacter	0.03333333333	0.01666666667	0.01666666667	Pseudomonadota
Kangiella	0.01666666667	0	0.01666666667	Pseudomonadota
Histidinibacterium	0.01666666667	0.01666666667	0.01666666667	Pseudomonadota
Alkalibacter	0	0.01666666667	0.01666666667	Bacillota
Populibacterium	0.05	0.01666666667	0.01666666667	Actinomycetota
Salinirussus	0	0	0.01666666667	Halobacteriota
Fusibacter	0.1333333333	0.08333333333	0.01666666667	Bacillota
Fructobacillus	0	0	0.01666666667	Bacillota
Halochromatium	0	0	0.01666666667	Pseudomonadota
Nitrospina	0.01666666667	0.03333333333	0.01666666667	Nitrospinota
Acetanaerobacterium	0	0	0.01666666667	Bacillota
Cm1-21	0.01666666667	0.03333333333	0.01666666667	Pseudomonadota
Aneurinibacillus	0	0	0.01666666667	Bacillota
Trabulsiella	0	0	0.01666666667	Pseudomonadota
Salarchaeum	0	0.01666666667	0.01666666667	Halobacteriota
Vicingus	0	0	0.01666666667	Bacteroidota
Phyllobacterium	0	0	0.01666666667	Pseudomonadota
Thiovirga	0	0.01666666667	0.01666666667	Pseudomonadota
Fuerstia	0	0.01666666667	0.01666666667	Planctomycetota
Tepidiphilus	0	0	0.01666666667	Pseudomonadota
Faecalicatena	0	0	0.01666666667	Bacillota
Megalodesulfovibrio	0	0.05	0.01666666667	Thermodesulfobacteriota
Rs-D38 termite group	0	0	0.01666666667	Bacteroidota
Frateuria	0	0	0.01666666667	Pseudomonadota
MN 122.2a	0	0.01666666667	0.01666666667	Pseudomonadota
Mumia	0	0	0.01666666667	Actinomycetota
Thiohalophilus	0.01666666667	0.01666666667	0.01666666667	Pseudomonadota
Lelliottia	0	0	0.01666666667	Pseudomonadota
Paludifilum	0	0.01666666667	0.01666666667	Bacillota
Christensenella	0	0	0.01666666667	Bacillota
Arcobacter	0.03333333333	0.05	0.01666666667	Campylobacterota
Jeotgalibacillus	0.01666666667	0.03333333333	0.01666666667	Bacillota
Limibacillus	0.03333333333	0.01666666667	0.01666666667	Pseudomonadota
A07HB70	0	0.01666666667	0	Halobacteriota
Acidovorax	0.06666666667	0.01666666667	0	Pseudomonadota
Acutalibacter	0	0	0	Bacillota
Algisphaera	0	0	0	Planctomycetota
Allorhizobium	0	0.01666666667	0	Pseudomonadota
Allosphingosinicella	0	0	0	Pseudomonadota
Blastochloris	0.01666666667	0	0	Pseudomonadota
CK06-06-Mud-MAS4B-21	0	0.03333333333	0	Balneolota
Candidatus Anammoximicrobium	0	0	0	Planctomycetota
Candidatus Jidaibacter	0	0	0	Pseudomonadota
Candidatus Nitrosocosmicus	0	0	0	Thermoproteota
Chroococcidiopsis PCC 7203	0	0	0	Cyanobacteriota
Compostibacillus	0.01666666667	0.03333333333	0	Bacillota
Crinalium SAG 22.89	0.03333333333	0	0	Cyanobacteriota
Desulfocucumis	0	0	0	Bacillota
Dialister	0.01666666667	0	0	Bacillota
Echinicola	0	0	0	Bacteroidota
Eremococcus	0.01666666667	0	0	Bacillota
Ferruginibacter	0	0	0	Bacteroidota
Halalkalibacillus	0	0	0	Bacillota
Halorientalis	0	0.01666666667	0	Halobacteriota
Hazenella	0.01666666667	0	0	Bacillota
Herminiimonas	0	0	0	Pseudomonadota
Hyphobacterium	0	0	0	Pseudomonadota
Indiicoccus	0	0	0	Bacillota
Irregularibacter	0	0	0	Bacillota
Lacibacterium	0	0	0	Pseudomonadota
Limisphaera	0	0	0	Verrucomicrobiota
Lutispora	0	0	0	Bacillota
M2PB4-61 termite group	0	0	0	Bacteroidota
MM1	0	0	0	Pseudomonadota
Methylophilus	0	0	0	Pseudomonadota
Microcoleus SAG 1449-1a	0	0	0	Cyanobacteriota
Microlunatus	0	0.01666666667	0	Actinomycetota
Miniimonas	0	0.01666666667	0	Actinomycetota
NS5 marine group	0	0	0	Bacteroidota
Negativibacillus	0	0	0	Bacillota
Nodosilinea PCC-7104	0	0	0	Cyanobacteriota
Oxobacter	0	0	0	Bacillota
Panacibacter	0	0	0	Bacteroidota
Paraflavitalea	0.01666666667	0	0	Bacteroidota
Paramesorhizobium	0	0.01666666667	0	Pseudomonadota
Pararcticibacter	0	0	0	Bacteroidota
Prevotellaceae UCG-001	0	0	0	Bacteroidota
Racemicystis	0	0	0	Myxococcota
Rhizomicrobium	0	0	0	Pseudomonadota
Rhodobium	0	0	0	Pseudomonadota
Rikenellaceae RC9 gut group	0	0	0	Bacteroidota
Roseateles	0.01666666667	0.03333333333	0	Pseudomonadota
Ruminococcus	0.01666666667	0	0	Bacillota
Salibacter	0	0	0	Bacteroidota
Saliphagus	0	0	0	Halobacteriota
Sediminibacterium	0	0	0	Bacteroidota
Solibacillus	0.03333333333	0.03333333333	0	Bacillota
TM7x	0	0	0	Patescibacteria
Tabrizicola	0	0	0	Pseudomonadota
Tatumella	0	0.01666666667	0	Pseudomonadota
Tetragenococcus	0	0	0	Bacillota
Thermanaerothrix	0	0	0	Chloroflexota
Tropicibacter	0	0	0	Pseudomonadota
Tundrisphaera	0.05	0.01666666667	0	Planctomycetota
Aciditerrimonas	0	0.01666666667	0	Actinomycetota
Anaeromicropila	0	0	0	Bacillota
Brumimicrobium	0	0.03333333333	0	Bacteroidota
CENA518	0	0	0	Cyanobacteriota
Candidatus Branchiomonas	0	0	0	Pseudomonadota
Candidatus Endoecteinascidia	0	0	0	Pseudomonadota
Candidatus Megaira	0.01666666667	0.01666666667	0	Pseudomonadota
Chryseoglobus	0	0	0	Actinomycetota
Dapisostemonum CCIBt 3536	0	0	0	Cyanobacteriota
Desulfallas	0	0	0	Bacillota
Desulfotomaculum	0.06666666667	0	0	Bacillota
Fermentibacillus	0	0.01666666667	0	Bacillota
GTL1	0	0	0	Patescibacteria
Halorubrum	0	0.03333333333	0	Halobacteriota
Janthinobacterium	0.01666666667	0	0	Pseudomonadota
Labilithrix	0	0	0	Myxococcota
Lederbergia	0.03333333333	0	0	Bacillota
Lihuaxuella	0	0	0	Bacillota
Lysinimonas	0	0	0	Actinomycetota
Marivita	0	0	0	Pseudomonadota
Mastigocladopsis PCC-10914	0	0.03333333333	0	Cyanobacteriota
Niveitalea	0	0	0	Bacteroidota
Nostoc PCC-73102	0.01666666667	0.01666666667	0	Cyanobacteriota
Oikopleura	0.01666666667	0	0	Verrucomicrobiota
Orrella	0	0	0	Pseudomonadota
Pir3 lineage	0	0	0	Planctomycetota
Planobispora	0	0	0	Actinomycetota
Psychrobacter	0	0.03333333333	0	Pseudomonadota
Salibaculum	0.01666666667	0.01666666667	0	Pseudomonadota
Syntrophobacter	0	0	0	Thermodesulfobacteriota
Terrisporobacter	0	0	0	Bacillota
Thermoflavimicrobium	0	0.01666666667	0	Bacillota
Variibacter	0	0	0	Pseudomonadota
Variovorax	0	0	0	Pseudomonadota
Vitiosangium	0	0	0	Myxococcota
Anaerobacterium	0	0	0	Bacillota
Anaerococcus	0	0	0	Bacillota
Anaerotaenia	0	0	0	Bacillota
Beutenbergia	0.03333333333	0	0	Actinomycetota
Breznakia	0	0	0	Bacillota
Candidatus Nostocoida	0.03333333333	0	0	Planctomycetota
Candidatus Obscuribacter	0	0	0	Cyanobacteriota
Catellicoccus	0	0	0	Bacillota
Desulfuribacillus	0	0	0	Bacillota
Dinoroseobacter	0	0	0	Pseudomonadota
Falsibacillus	0.01666666667	0	0	Bacillota
Filifactor	0	0	0	Bacillota
Flaviflexus	0	0	0	Actinomycetota
Francisella	0	0	0	Pseudomonadota
Gordonia	0.01666666667	0	0	Actinomycetota
Halovivax	0	0	0	Halobacteriota
Humidesulfovibrio	0	0.01666666667	0	Thermodesulfobacteriota
Lachnospiraceae NK4B4 group	0	0	0	Bacillota
Limimaricola	0	0.01666666667	0	Pseudomonadota
Methylocystis	0	0	0	Pseudomonadota
Methyloligella	0	0	0	Pseudomonadota
Persicitalea	0.01666666667	0	0	Bacteroidota
Propionicicella	0	0	0	Actinomycetota
Rhodopila	0.01666666667	0	0	Pseudomonadota
Rickettsia	0	0	0	Pseudomonadota
Roseibium	0.1	0.06666666667	0	Pseudomonadota
Siccibacter	0	0	0	Pseudomonadota
Sphingopyxis	0.06666666667	0.05	0	Pseudomonadota
Synechococcus	0	0	0	Cyanobacteriota
Tepidimicrobium	0	0	0	Bacillota
Thermoclostridium	0	0	0	Bacillota
Thermomonospora	0.01666666667	0.01666666667	0	Actinomycetota
Thioalkalivibrio	0	0	0	Pseudomonadota
[Aquaspirillum] arcticum group	0.03333333333	0.01666666667	0	Pseudomonadota
ADurb.Bin118	0	0	0	Verrucomicrobiota
Actinocatenispora	0	0.01666666667	0	Actinomycetota
Aminiphilus	0	0	0	Synergistota
Aquincola	0	0	0	Pseudomonadota
Asaccharospora	0	0	0	Bacillota
Caldanaerobius	0	0	0	Bacillota
Cardiobacterium	0	0	0	Pseudomonadota
Couchioplanes	0	0	0	Actinomycetota
Cryptanaerobacter	0	0	0	Bacillota
Curvibacter	0	0	0	Pseudomonadota
Dolosigranulum	0.05	0.05	0	Bacillota
Fluviispira	0	0	0	Bdellovibrionota
Fonticella	0.05	0.03333333333	0	Bacillota
Gabonibacter	0	0	0	Bacteroidota
Hylemonella	0	0	0	Pseudomonadota
Ideonella	0	0	0	Pseudomonadota
Izhakiella	0	0	0	Pseudomonadota
Kerstersia	0	0	0	Pseudomonadota
Kineobactrum	0	0	0	Pseudomonadota
Kytococcus	0.01666666667	0.01666666667	0	Actinomycetota
Leptolyngbya PCC-6306	0.01666666667	0	0	Cyanobacteriota
Martelella	0	0	0	Pseudomonadota
Oceanibaculum	0	0	0	Pseudomonadota
Odoribacter	0	0	0	Bacteroidota
Parasediminibacterium	0	0	0	Bacteroidota
Pedococcus-Phycicoccus	0.01666666667	0.01666666667	0	Actinomycetota
Peptostreptococcus	0	0	0	Bacillota
Phormidium SAG 37.90	0	0	0	Cyanobacteriota
Pueribacillus	0	0	0	Bacillota
Rummeliibacillus	0	0	0	Bacillota
Sarcina	0	0	0	Bacillota
Tengunoibacter	0	0	0	Chloroflexota
Thermoactinomyces	0.01666666667	0.01666666667	0	Bacillota
Thermosinus	0	0	0	Bacillota
UTCFX1	0	0	0	Chloroflexota
Xylophilus	0	0	0	Pseudomonadota
Aeribacillus	0.03333333333	0	0	Bacillota
Aerococcus	0.03333333333	0	0	Bacillota
Alkalihalobacterium	0	0	0	Bacillota
Anoxybacter	0	0	0	Halanaerobiaeota
Antribacter	0	0	0	Actinomycetota
Arhodomonas	0	0	0	Pseudomonadota
Azorhizobium	0.01666666667	0	0	Pseudomonadota
Blautia	0	0	0	Bacillota
Candidatus Amoebophilus	0.01666666667	0	0	Bacteroidota
Candidatus Mesochlamydia	0	0	0	Chlamydiota
Capnocytophaga	0.03333333333	0.01666666667	0	Bacteroidota
Ciceribacter	0	0.03333333333	0	Pseudomonadota
Demequina	0.01666666667	0.05	0	Actinomycetota
Derxia	0.03333333333	0.01666666667	0	Pseudomonadota
Erysipelothrix	0	0	0	Bacillota
Facklamia	0	0	0	Bacillota
Halorhabdus	0	0.01666666667	0	Halobacteriota
Halothiobacillus	0.01666666667	0	0	Pseudomonadota
Lachnospiraceae NC2004 group	0	0	0	Bacillota
Microcoleus Es-Yyy1400	0	0	0	Cyanobacteriota
Muricoccus	0	0	0	Pseudomonadota
Pelagerythrobacter	0	0	0	Pseudomonadota
Pseudoleptotrichia	0	0	0	Fusobacteriota
RS25G	0	0	0	Verrucomicrobiota
Rhizocola	0	0	0	Actinomycetota
Silvibacterium	0	0	0	Acidobacteriota
Sporolactobacillus	0	0.01666666667	0	Bacillota
Thermoactinospora	0	0	0	Actinomycetota
UCG-005	0	0	0	Bacillota
Acetivibrio	0.01666666667	0.01666666667	0	Bacillota
Acrocarpospora	0.01666666667	0.05	0	Actinomycetota
Ancylobacter	0	0	0	Pseudomonadota
Bacteriovorax	0	0	0	Bdellovibrionota
Caldicoprobacter	0	0	0	Bacillota
Candidatus Chlorothrix	0	0	0	Chloroflexota
Candidatus Trichorickettsia	0.03333333333	0	0	Pseudomonadota
Centipeda	0	0	0	Bacillota
Chryseotalea	0	0	0	Bacteroidota
Desulfohalotomaculum	0	0	0	Bacillota
Epulopiscium	0	0	0	Bacillota
Fervidobacterium	0	0	0	Thermotogota
Jhaorihella	0	0	0	Pseudomonadota
Kordiimonas	0	0	0	Pseudomonadota
Leptothrix	0.03333333333	0.01666666667	0	Pseudomonadota
Lewinella	0	0	0	Bacteroidota
Lolliginicoccus	0	0.01666666667	0	Actinomycetota
Marinicaulis	0	0.06666666667	0	Pseudomonadota
Meiothermus	0.03333333333	0	0	Deinococcota
Melghirimyces	0.01666666667	0	0	Bacillota
Muricauda	0	0.03333333333	0	Bacteroidota
Nostoc PCC-7107	0.01666666667	0.01666666667	0	Cyanobacteriota
Oscillochloris	0	0	0	Chloroflexota
Planotetraspora	0	0	0	Actinomycetota
Pseudanabaena NgrPSln22	0	0	0	Cyanobacteriota
Renibacterium	0	0.01666666667	0	Actinomycetota
Simplicispira	0	0	0	Pseudomonadota
Solimicrobium	0	0	0	Pseudomonadota
Thermogemmatispora	0	0	0	Chloroflexota
Thermomonas	0	0	0	Pseudomonadota
possible genus 05	0	0	0	Fibrobacterota
Aggregatibacter	0	0.01666666667	0	Pseudomonadota
Alteromonas	0	0	0	Pseudomonadota
Blastomonas	0.01666666667	0	0	Pseudomonadota
Candidatus Endonucleariobacter	0	0	0	Pseudomonadota
Candidatus Metachlamydia	0	0	0	Chlamydiota
Coralloluteibacterium	0	0	0	Pseudomonadota
Crenalkalicoccus	0	0	0	Pseudomonadota
Desulfotruncus	0	0	0	Bacillota
Dyella	0	0	0	Pseudomonadota
F1-37X2	0	0	0	Balneolota
Ferritrophicum	0	0	0	Pseudomonadota
Gimesia	0	0	0	Planctomycetota
HN-HF0106	0	0	0	Bacillota
Haloarchaeobius	0	0	0	Halobacteriota
Hassallia	0	0	0	Bacteroidota
Jeotgalicoccus	0.01666666667	0	0	Bacillota
Knoellia	0	0	0	Actinomycetota
Ligilactobacillus	0	0	0	Bacillota
Methanomassiliicoccus	0	0	0	Thermoplasmatota
P3OB-51	0	0	0	Pseudomonadota
Proteiniborus	0	0	0	Bacillota
Ralstonia	0.01666666667	0	0	Pseudomonadota
Rhodopseudomonas	0	0	0	Pseudomonadota
Streptacidiphilus	0	0	0	Actinomycetota
Weissella	0	0.03333333333	0	Bacillota
Akkermansia	0.01666666667	0	0	Verrucomicrobiota
Aliibacillus	0.01666666667	0.01666666667	0	Bacillota
Atopostipes	0.01666666667	0.01666666667	0	Bacillota
Belliella	0	0	0	Bacteroidota
Chitinispirillum	0	0	0	Fibrobacterota
Cryomorpha	0.01666666667	0.03333333333	0	Bacteroidota
Dehalobacterium	0	0	0	Bacillota
HIMB11	0.03333333333	0	0	Pseudomonadota
Halanaerobium	0	0	0	Halanaerobiaeota
Halorubellus	0	0	0	Halobacteriota
Hoylesella	0	0	0	Bacteroidota
Lentimicrobium	0.08333333333	0.03333333333	0	Bacteroidota
Marinomonas	0	0	0	Pseudomonadota
Roseivirga	0	0	0	Bacteroidota
Rubricoccus	0	0	0	Rhodothermota
SN8	0.05	0	0	Pseudomonadota
Scardovia	0	0	0	Actinomycetota
Selenomonas	0	0	0	Bacillota
Spirosoma	0	0.01666666667	0	Bacteroidota
Thermoflexus	0	0.01666666667	0	Chloroflexota
UCG-012	0	0	0	Bacillota
Winogradskyella	0	0	0	Bacteroidota
[Eubacterium] yurii group	0	0	0	Bacillota
Acetonema	0	0	0	Bacillota
Agrococcus	0.01666666667	0.03333333333	0	Actinomycetota
Anaerolinea	0	0	0	Chloroflexota
Armatimonas	0.03333333333	0.01666666667	0	Armatimonadota
Berryella	0	0	0	Actinomycetota
Byssovorax	0	0	0	Myxococcota
Clade Ib	0	0	0	Pseudomonadota
Desulfitibacter	0.01666666667	0	0	Bacillota
Desulfoscipio	0	0	0	Bacillota
Fuscovulum	0.01666666667	0.01666666667	0	Pseudomonadota
Harryflintia	0	0	0	Bacillota
Lachnoanaerobaculum	0	0	0	Bacillota
Lachnospiraceae NK3A20 group	0	0	0	Bacillota
Lacticaseibacillus	0	0	0	Bacillota
Novibacillus	0	0	0	Bacillota
Ottowia	0.03333333333	0.03333333333	0	Pseudomonadota
Oxynema BDU 92071	0	0	0	Cyanobacteriota
Polymorphum	0	0	0	Pseudomonadota
Rickettsiella	0	0	0	Pseudomonadota
Schumannella	0	0	0	Actinomycetota
Streptantibioticus	0	0	0	Actinomycetota
Synechococcus CC9902	0	0	0	Cyanobacteriota
Thermicanus	0.01666666667	0	0	Bacillota
Zoogloea	0	0	0	Pseudomonadota
Aestuariimicrobium	0	0	0	Actinomycetota
Aminipila	0	0	0	Bacillota
Caldibacillus	0.01666666667	0.03333333333	0	Bacillota
Candidatus Paenicardinium	0	0	0	Bacteroidota
Comamonas	0	0	0	Pseudomonadota
Croceifilum	0.01666666667	0.01666666667	0	Bacillota
Flavimobilis	0.05	0	0	Actinomycetota
GW2011_GWC1_47_15	0	0	0	Nanoarchaeota
Halostella	0	0	0	Halobacteriota
Lachnospiraceae NK4A136 group	0	0	0	Bacillota
MWH-Ta3	0	0	0	Actinomycetota
Microbaculum	0	0	0	Pseudomonadota
Natribacillus	0	0	0	Bacillota
Nisaea	0	0	0	Pseudomonadota
Phytomonospora	0	0	0	Actinomycetota
Pseudogracilibacillus	0.01666666667	0	0	Bacillota
Rhabdanaerobium	0	0	0	Bacillota
Segatella	0	0	0	Bacteroidota
Anaerovorax	0	0	0	Bacillota
Gilvimarinus	0	0	0	Pseudomonadota
Halobaculum	0	0	0	Halobacteriota
Mixta	0	0	0	Pseudomonadota
Mogibacterium	0	0	0	Bacillota
Plot4-2H12	0	0	0	Pseudomonadota
Salilacibacter	0	0.03333333333	0	Actinomycetota
Salinithrix	0	0	0	Bacillota
Tannerella	0	0	0	Bacteroidota
Tolypothrix	0.01666666667	0	0	Cyanobacteriota
UCG-001	0	0	0	Bacillota
hgcI clade	0	0	0	Actinomycetota
Adlercreutzia	0	0	0	Actinomycetota
Anaeroplasma	0	0	0	Bacillota
Auricoccus-Abyssicoccus	0	0	0	Bacillota
Clade Ia	0	0	0	Pseudomonadota
Cyanothece PCC 7425	0.01666666667	0	0	Cyanobacteriota
Desulfitobacterium	0	0	0	Bacillota
Euryhalocaulis	0	0.01666666667	0	Pseudomonadota
Luteibaculum	0.01666666667	0	0	Bacteroidota
Shewanella	0	0	0	Pseudomonadota
Sulfurihydrogenibium	0	0	0	Aquificota
Tractidigestivibacter	0	0	0	Actinomycetota
UCG-002	0	0	0	Bacillota
[Rhizobium] sphaerophysae group	0	0	0	Pseudomonadota
Acidiphilium	0	0	0	Pseudomonadota
Aquabacter	0	0	0	Pseudomonadota
Aurantiacibacter	0	0	0	Pseudomonadota
Candidatus Allobeggiatoa	0	0	0	Pseudomonadota
Catellatospora	0	0	0	Actinomycetota
Hornefia	0	0	0	Bacillota
Hydrogenophaga	0	0.01666666667	0	Pseudomonadota
Kineothrix	0	0	0	Bacillota
Labedaea	0	0	0	Actinomycetota
Oceanobacter	0	0.01666666667	0	Pseudomonadota
Sandarakinorhabdus	0	0	0	Pseudomonadota
Sediminispirochaeta	0	0	0	Spirochaetota
Thermincola	0	0.01666666667	0	Bacillota
Thermosporothrix	0	0	0	Chloroflexota
Wolbachia	0.05	0.01666666667	0	Pseudomonadota
Ac37b	0	0	0	Pseudomonadota
CM1G08	0	0.01666666667	0	Pseudomonadota
Candidatus Symbiobacter	0	0	0	Pseudomonadota
Dendrosporobacter	0	0	0	Bacillota
Desulfatiglans	0	0.01666666667	0	Thermodesulfobacteriota
Desulfitispora	0	0	0	Bacillota
Desulfosporosinus	0	0	0	Bacillota
Fontibacter	0	0	0	Bacteroidota
Haloprofundus	0	0	0	Halobacteriota
Lentimonas	0	0	0	Verrucomicrobiota
Mediterraneibacter	0	0	0	Bacillota
Moheibacter	0.05	0	0	Bacteroidota
Natranaerovirga	0	0	0	Bacillota
Orenia	0	0	0	Halanaerobiaeota
Paenarthrobacter	0	0	0	Actinomycetota
Salipaludibacillus	0	0	0	Bacillota
Schnuerera	0	0	0	Bacillota
Sulfuricaulis	0	0	0	Pseudomonadota
Branchiibius	0	0	0	Actinomycetota
Candidatus Lariskella	0	0	0	Pseudomonadota
Halobiforma	0	0	0	Halobacteriota
Natronincola	0	0	0	Bacillota
Scopulibacillus	0	0	0	Bacillota
Sporobacter	0	0	0	Bacillota
Syntrophaceticus	0	0	0	Bacillota
[Eubacterium] brachy group	0	0	0	Bacillota
Candidatus Babela	0	0	0	Dependentiae
Defluviimonas	0	0	0	Pseudomonadota
Desulfoglaeba	0	0	0	Thermodesulfobacteriota
Desulfonispora	0	0	0	Bacillota
Fretibacterium	0	0	0	Synergistota
HAVOmat113	0	0	0	Cyanobacteriota
Halogranum	0	0	0	Halobacteriota
Nostoc BDU-40302	0	0.01666666667	0	Cyanobacteriota
Rahnella	0.1	0.03333333333	0	Pseudomonadota
Serinicoccus	0	0	0	Actinomycetota
Synechococcus IR11	0	0	0	Cyanobacteriota
Xanthomonas	0	0	0	Pseudomonadota
Allomeiothermus	0	0	0	Deinococcota
Apilactobacillus	0.01666666667	0	0	Bacillota
Nodularia PCC-9350	0	0	0	Cyanobacteriota
Pseudokineococcus	0.05	0.01666666667	0	Actinomycetota
Salinigranum	0	0	0	Halobacteriota
Serinibacter	0	0	0	Actinomycetota
Spirilliplanes	0	0	0	Actinomycetota
Sporacetigenium	0.01666666667	0.01666666667	0	Bacillota
Zavarzinia	0	0	0	Pseudomonadota
Acetoanaerobium	0	0.01666666667	0	Bacillota
Aequorivita	0	0	0	Bacteroidota
Desulfomonile	0.01666666667	0	0	Thermodesulfobacteriota
Desulfovirga	0	0	0	Thermodesulfobacteriota
Flexibacter	0	0	0	Bacteroidota
Geosporobacter	0	0	0	Bacillota
Hamadaea	0	0	0	Actinomycetota
Negativicoccus	0	0	0	Bacillota
Planifilum	0.01666666667	0.01666666667	0	Bacillota
TX1A-55	0	0	0	Pseudomonadota
Xanthobacter	0.03333333333	0.05	0	Pseudomonadota
[Eubacterium] tenue group	0	0	0	Bacillota
Aminicenans	0	0	0	Acidobacteriota
Azonexus	0	0	0	Pseudomonadota
Bergeyella	0.01666666667	0	0	Bacteroidota
Dorea	0	0	0	Bacillota
Geobacter	0	0	0	Thermodesulfobacteriota
Maricaulis	0	0	0	Pseudomonadota
Salinispora	0	0	0	Actinomycetota
Alkalispirillum	0	0	0	Pseudomonadota
Anaerospora	0	0	0	Bacillota
Brevifollis	0	0	0	Verrucomicrobiota
Bryocella	0	0	0	Acidobacteriota
Candidatus Dichloromethanomonas	0	0	0	Bacillota
Chiayiivirga	0	0	0	Pseudomonadota
Gardnerella	0.01666666667	0	0	Actinomycetota
Janibacter	0	0	0	Actinomycetota
Propionispora	0	0	0	Bacillota
Skermania	0.01666666667	0	0	Actinomycetota
Thermotunica	0	0	0	Actinomycetota
Thiofilum	0	0	0	Pseudomonadota
Xylella	0	0	0	Pseudomonadota
Agathobacter	0	0	0	Bacillota
Ascidiimonas	0	0	0	Bacteroidota
Brachymonas	0	0.01666666667	0	Pseudomonadota
Desulfovectis	0	0	0	Bacillota
Eikenella	0	0.01666666667	0	Pseudomonadota
Haoranjiania	0	0	0	Bacteroidota
Leptospirillum	0	0	0	Nitrospirota
Pseudoflavonifractor	0	0	0	Bacillota
Rs-H88 termite group	0	0	0	Spirochaetota
Tepidimonas	0.1166666667	0.01666666667	0	Pseudomonadota
Thermobrachium	0.03333333333	0	0	Bacillota
Tsuneonella	0	0	0	Pseudomonadota
Zag_111	0	0	0	Cyanobacteriota
Anaerobutyricum	0	0	0	Bacillota
Balneola	0	0	0	Balneolota
Candidatus Electronema	0	0	0	Thermodesulfobacteriota
Candidatus Profftella	0	0	0	Pseudomonadota
Candidatus Turbabacter	0	0	0	Bdellovibrionota
Cerasibacillus	0	0	0	Bacillota
Ethanoligenens	0.05	0.01666666667	0	Bacillota
Geomonas	0	0	0	Thermodesulfobacteriota
Melaminivora	0	0	0	Pseudomonadota
Paracraurococcus	0	0	0	Pseudomonadota
Piscinibacterium	0	0	0	Pseudomonadota
Proteus	0	0	0	Pseudomonadota
Salinirubrum	0	0	0	Halobacteriota
Shuttleworthia	0	0	0	Bacillota
Sinomicrobium	0	0	0	Bacteroidota
Sphingosinicella	0	0	0	Pseudomonadota
Xylanibacter	0	0	0	Bacteroidota
Aurantimicrobium	0	0	0	Actinomycetota
Candidatus Odyssella	0	0	0	Pseudomonadota
Chujaibacter	0	0	0	Pseudomonadota
EcFYyy-200	0	0	0	Cyanobacteriota
Flavihumibacter	0	0	0	Bacteroidota
Hydrogenophilus	0	0	0	Pseudomonadota
Kingella	0	0	0	Pseudomonadota
Lichenibacterium	0	0	0	Pseudomonadota
Rubrimonas	0	0	0	Pseudomonadota
Sandaracinomonas	0	0	0	Bacteroidota
Scytonema UTEX 2349	0.01666666667	0	0	Cyanobacteriota
Sporomusa	0	0	0	Bacillota
Candidimonas	0	0	0	Pseudomonadota
Castellaniella	0	0	0	Pseudomonadota
Family XIII AD3011 group	0	0	0	Bacillota
Gallaecimonas	0	0	0	Pseudomonadota
Halapricum	0	0	0	Halobacteriota
Kroppenstedtia	0	0	0	Bacillota
Lachnospiraceae ND3007 group	0	0	0	Bacillota
Lacticigenium	0	0	0	Bacillota
Lapillicoccus	0.01666666667	0.03333333333	0	Actinomycetota
Symplocastrum CPER-KK1	0.03333333333	0	0	Cyanobacteriota
[Eubacterium] siraeum group	0	0	0	Bacillota
Candidatus Anadelfobacter	0	0	0	Pseudomonadota
Chryseomicrobium	0	0	0	Bacillota
Cyclobacterium	0	0	0	Bacteroidota
Fischerella CENA298	0	0	0	Cyanobacteriota
Halovibrio	0	0	0	Pseudomonadota
Longimycelium	0	0	0	Actinomycetota
Prochlorococcus MIT9313	0	0	0	Cyanobacteriota
Sanguibacter	0	0	0	Actinomycetota
Siminovitchia	0	0	0	Bacillota
Azomonas	0	0	0	Pseudomonadota
Caloramator	0	0	0	Bacillota
Candidatus Gigarickettsia	0	0	0	Pseudomonadota
Clavibacter	0	0.01666666667	0	Actinomycetota
Enterocloster	0	0	0	Bacillota
Estrella	0	0	0	Chlamydiota
Geobacillus	0	0.01666666667	0	Bacillota
Methylovorus	0	0	0	Pseudomonadota
Niveispirillum	0.03333333333	0.03333333333	0	Pseudomonadota
Paeniglutamicibacter	0	0	0	Actinomycetota
Parabacteroides	0	0	0	Bacteroidota
Segniliparus	0	0	0	Actinomycetota
Thomasclavelia	0	0	0	Bacillota
Victivallis	0	0	0	Verrucomicrobiota
Alteraurantiacibacter	0	0	0	Pseudomonadota
Barrientosiimonas	0	0	0	Actinomycetota
Bilophila	0	0	0	Thermodesulfobacteriota
Caminicella	0	0	0	Bacillota
Candidatus Nitrosotenuis	0	0	0	Thermoproteota
Dermabacter	0.01666666667	0	0	Actinomycetota
Jonesia	0	0	0	Actinomycetota
Planosporangium	0	0.03333333333	0	Actinomycetota
Rurimicrobium	0	0	0	Bacteroidota
Candidatus Actinomarina	0	0	0	Actinomycetota
Commensalibacter	0	0	0	Pseudomonadota
Lottiidibacillus	0	0	0	Bacillota
Nioella	0	0	0	Pseudomonadota
Oscillatoria	0	0	0	Cyanobacteriota
Thermus	0	0	0	Deinococcota
Thioprofundum	0	0	0	Pseudomonadota
Fenollaria	0	0	0	Bacillota
Gracilibacter	0	0	0	Bacillota
Mangrovibacter	0	0.01666666667	0	Pseudomonadota
Wenxinia	0	0	0	Pseudomonadota
Winkia	0.01666666667	0.01666666667	0	Actinomycetota
Amnibacterium	0	0	0	Actinomycetota
Gelria	0	0	0	Bacillota
Luteococcus	0	0	0	Actinomycetota
Pseudopedobacter	0	0	0	Bacteroidota
RB41	0	0	0	Acidobacteriota
Salinirepens	0	0.01666666667	0	Bacteroidota
Sphaerimonospora	0	0	0	Actinomycetota
Thermaerobacter	0.01666666667	0.01666666667	0	Bacillota
Bowmanella	0.01666666667	0.01666666667	0	Pseudomonadota
Citreimonas	0	0	0	Pseudomonadota
Desulfobulbus	0	0	0	Thermodesulfobacteriota
Limnochorda	0	0	0	Bacillota
Mangrovibacterium	0.01666666667	0	0	Bacteroidota
Microbispora	0	0	0	Actinomycetota
Pseudobacteroides	0	0	0	Bacillota
Rhodoluna	0	0	0	Actinomycetota
Umezawaea	0	0	0	Actinomycetota
Allokutzneria	0.01666666667	0	0	Actinomycetota
Dissulfurimicrobium	0	0	0	Thermodesulfobacteriota
Geoanaerobacter	0	0	0	Thermodesulfobacteriota
Lachnospiraceae UCG-009	0	0	0	Bacillota
Moraxella	0	0	0	Pseudomonadota
Pseudochrobactrum	0	0	0	Pseudomonadota
UCG-009	0	0	0	Bacillota
Campylobacter	0	0	0	Campylobacterota
Lachnospiraceae AC2044 group	0	0	0	Bacillota
Mailhella	0	0	0	Thermodesulfobacteriota
Pelotomaculum	0	0	0	Bacillota
Rhodopirellula	0	0	0	Planctomycetota
Stomatobaculum	0	0	0	Bacillota
Tepidibacillus	0	0	0	Bacillota
[Clostridium] methylpentosum group	0	0	0	Bacillota
Lachnospiraceae UCG-007	0	0	0	Bacillota
Novimethylophilus	0	0	0	Pseudomonadota
Parvimonas	0	0	0	Bacillota
Pectinatus	0.01666666667	0	0	Bacillota
Aromatoleum	0	0	0	Pseudomonadota
Desulforhopalus	0	0	0	Thermodesulfobacteriota
Embleya	0.01666666667	0	0	Actinomycetota
Eubacterium	0	0	0	Bacillota
Granulicella	0.01666666667	0.01666666667	0	Acidobacteriota
Oscillibacter	0	0	0	Bacillota
Ruania	0	0	0	Actinomycetota
[Bacteroides] pectinophilus group	0	0	0	Bacillota
Morganella	0	0.01666666667	0	Pseudomonadota
Sulfurirhabdus	0	0	0	Pseudomonadota
