genus	phylum	n_sites	spearman_rho_elemental_axis	p_value	q_bh_200	supported_q_lt_0_05
Steroidobacter	Pseudomonadota	60	-0.7109752709	1.953711918e-10	5.441206914e-09	True
Caldilinea	Chloroflexota	60	-0.669019172	5.129175739e-09	9.325774071e-08	True
Phenylobacterium	Pseudomonadota	60	-0.6511808836	1.765062459e-08	2.715480706e-07	True
Paraconexibacter	Actinomycetota	60	-0.6476243401	2.236528618e-08	3.037310388e-07	True
Streptomyces	Actinomycetota	60	-0.6461794943	2.460147286e-08	3.075184107e-07	True
Roseisolibacter	Gemmatimonadota	60	-0.6311753265	6.429336607e-08	7.143707341e-07	True
Gemmatimonas	Gemmatimonadota	60	-0.6302306196	6.818516333e-08	7.177385614e-07	True
Pirellula	Planctomycetota	60	-0.5799944429	1.194112907e-06	8.905360168e-06	True
Blastocatella	Acidobacteriota	60	-0.5788274521	1.269066298e-06	8.905360168e-06	True
Dongia	Pseudomonadota	60	-0.5784940261	1.291277224e-06	8.905360168e-06	True
Caenimonas	Pseudomonadota	60	-0.5776048902	1.352298627e-06	9.015324179e-06	True
Solirubrobacter	Actinomycetota	60	-0.5704362323	1.952606299e-06	1.200159465e-05	True
Pseudonocardia	Actinomycetota	60	-0.5694915254	2.048141061e-06	1.204788859e-05	True
Actinophytocola	Actinomycetota	60	-0.558877466	3.468003135e-06	1.981716077e-05	True
Cellulomonas	Actinomycetota	60	-0.5511530981	5.030750555e-06	2.79486142e-05	True
Luteitalea	Acidobacteriota	60	-0.5426507363	7.496575227e-06	4.052202826e-05	True
Gaiella	Actinomycetota	60	-0.5343150875	1.096921105e-05	5.773268976e-05	True
Parviterribacter	Actinomycetota	60	-0.5293136982	1.371753264e-05	7.034632124e-05	True
Aridibacter	Acidobacteriota	60	-0.5201444846	2.048077606e-05	0.0001024038803	True
Limnobacter	Pseudomonadota	60	-0.5150319533	2.548236992e-05	0.0001243042435	True
Conexibacter	Actinomycetota	60	-0.5113642679	2.974284715e-05	0.0001416326055	True
Ellin6055	Pseudomonadota	60	-0.5046957488	3.921942985e-05	0.0001782701357	True
Sphingomonas	Pseudomonadota	60	-0.5008057794	4.596459971e-05	0.0002042871098	True
Gemmata	Planctomycetota	60	-0.4957488191	5.633554838e-05	0.0002397257378	True
Baekduia	Actinomycetota	60	-0.48291192	9.309902719e-05	0.0003731907163	True
Marmoricola	Actinomycetota	60	-0.482856349	9.329767907e-05	0.0003731907163	True
Phaselicystis	Myxococcota	60	-0.4790219505	0.0001079845264	0.0004234687312	True
Noviherbaspirillum	Pseudomonadota	60	-0.4740205613	0.0001303328674	0.0005012802594	True
MND1	Pseudomonadota	60	-0.4595165324	0.0002212934002	0.0007764680707	True
Opitutus	Verrucomicrobiota	60	-0.4561822729	0.0002491087394	0.0008589956531	True
JCM 18997	Actinomycetota	60	-0.4514587385	0.0002939949114	0.0009965929198	True
Bryobacter	Acidobacteriota	60	-0.4457349264	0.000358213582	0.001194045273	True
Rubritepida	Pseudomonadota	60	-0.4350097249	0.0005139499403	0.001667077075	True
Ramlibacter	Pseudomonadota	60	-0.4348430119	0.0005167938934	0.001667077075	True
Deinococcus	Deinococcota	60	-0.4256737983	0.0006970456151	0.002178267547	True
Adhaeribacter	Bacteroidota	60	-0.4240622395	0.0007340491927	0.002258612901	True
Flavisolibacter	Bacteroidota	60	-0.4227285357	0.0007660063357	0.00232123132	True
Fimbriiglobus	Planctomycetota	60	-0.4218393998	0.0007880042416	0.002352251467	True
Abditibacterium	Abditibacteriota	60	-0.420561267	0.0008206269223	0.002413608595	True
Chthoniobacter	Verrucomicrobiota	60	-0.4176160044	0.0009004928004	0.002610124059	True
Saccharopolyspora	Actinomycetota	60	-0.4143373159	0.0009975961832	0.002810130094	True
Lautropia	Pseudomonadota	60	-0.4133370381	0.001029045409	0.00285845947	True
Geodermatophilus	Actinomycetota	60	-0.4108363434	0.001111613031	0.003045515154	True
Herpetosiphon	Chloroflexota	60	-0.406835232	0.001256181209	0.00339508435	True
Blastococcus	Actinomycetota	60	-0.4062795221	0.001277543472	0.003406782592	True
Daejeonella	Bacteroidota	60	-0.4052236732	0.001319033337	0.003471140361	True
Herbaspirillum	Pseudomonadota	60	-0.4009447069	0.001499851357	0.003895717811	True
Actinoplanes	Actinomycetota	60	-0.3939983329	0.001841080157	0.004660962422	True
[Polyangium] brachysporum group	Pseudomonadota	60	-0.3876632398	0.00221116145	0.005527903626	True
Cnuella	Bacteroidota	60	-0.3836065574	0.00248169941	0.006127652864	True
Anaeromyxobacter	Myxococcota	60	-0.3814948597	0.00263388162	0.006424101512	True
Nordella	Pseudomonadota	60	-0.3749374826	0.003160758428	0.007505618238	True
Nocardioides	Actinomycetota	60	-0.3748819116	0.00316559686	0.007505618238	True
Segetibacter	Bacteroidota	60	-0.3746040567	0.003189887751	0.007505618238	True
Sphingoaurantiacus	Pseudomonadota	60	-0.3702139483	0.003596255532	0.008363384958	True
Massilia	Pseudomonadota	60	-0.3690469575	0.003711713333	0.00853267433	True
Roseicella	Pseudomonadota	60	-0.3647124201	0.004169803238	0.009476825542	True
Mycobacterium	Actinomycetota	60	-0.3641011392	0.00423826904	0.009524200089	True
Pedomicrobium	Pseudomonadota	60	-0.3580994721	0.004965028405	0.01090371803	True
Lysobacter	Pseudomonadota	60	-0.3494859683	0.006199304573	0.01333183779	True
Sumerlaea	Sumerlaeota	60	-0.3468185607	0.006632523544	0.01380361489	True
Rubrobacter	Actinomycetota	60	-0.3462628508	0.006726042001	0.01380361489	True
Roseomonas	Pseudomonadota	60	-0.344651292	0.007003802628	0.01414909622	True
Acidibacter	Pseudomonadota	60	-0.3428174493	0.007332029978	0.0143754493	True
Sporocytophaga	Bacteroidota	60	-0.3427618783	0.007342182568	0.0143754493	True
Verrucosispora	Actinomycetota	60	-0.3425395943	0.007382915837	0.0143754493	True
Saccharothrix	Actinomycetota	60	-0.3419283134	0.007495951762	0.01441529185	True
Pajaroellobacter	Myxococcota	60	-0.3334259517	0.009232164557	0.01741917841	True
Nitrospira	Nitrospirota	60	-0.3318143929	0.009597986791	0.01777404961	True
Actinomadura	Actinomycetota	60	-0.3273687135	0.01067311933	0.0195837052	True
Aeromicrobium	Actinomycetota	60	-0.3165323701	0.01374005662	0.02453581539	True
Rubellimicrobium	Pseudomonadota	60	-0.3144206724	0.01441869664	0.02551981706	True
Novosphingobium	Pseudomonadota	60	-0.2939705474	0.02261870903	0.03899777418	True
Archangium	Myxococcota	60	-0.2487357599	0.05531334683	0.09067761776	False
OM27 clade	Bdellovibrionota	60	-0.2424006669	0.06203214707	0.1000518501	False
PMMR1	Pseudomonadota	60	-0.241400389	0.06315073351	0.1010411736	False
Modestobacter	Actinomycetota	60	-0.2381772715	0.06686590615	0.106136359	False
Ectobacillus	Bacillota	60	-0.2358432898	0.06966403975	0.1097071492	False
Kallotenue	Chloroflexota	60	-0.2351208669	0.07054885028	0.1102325786	False
Vallicoccus	Actinomycetota	60	-0.2258960822	0.08265482776	0.1271612735	False
Mangrovihabitans	Actinomycetota	60	-0.2216171159	0.0888003702	0.1345460155	False
Nonomuraea	Actinomycetota	60	-0.2160044457	0.0973984211	0.1464637911	False
Rufibacter	Bacteroidota	60	-0.2131147541	0.1020708834	0.1523446021	False
Luedemannella	Actinomycetota	60	-0.2063906641	0.1136148804	0.1670807064	False
Acidiferrimicrobium	Actinomycetota	60	-0.2048346763	0.1164236431	0.1699615228	False
Arcticibacter	Bacteroidota	60	-0.1839955543	0.1593415137	0.2272916905	False
Rhodocytophaga	Bacteroidota	60	-0.1814948597	0.1651868752	0.2326575707	False
Oxalophagus	Bacillota	60	-0.1766046124	0.1770692699	0.2476493286	False
Fictibacillus	Bacillota	60	-0.1731036399	0.1859488188	0.2582622484	False
Arsenicitalea	Pseudomonadota	60	-0.1661016949	0.204660457	0.2767758201	False
Brevundimonas	Pseudomonadota	60	-0.1660461239	0.2048141069	0.2767758201	False
Peredibacter	Bdellovibrionota	60	-0.1573770492	0.2297922461	0.3063896615	False
Plantactinospora	Actinomycetota	60	-0.1502639622	0.2518051585	0.3270196864	False
Nibribacter	Bacteroidota	60	-0.1430953043	0.2753962428	0.3508232393	False
Glycomyces	Actinomycetota	60	-0.1418171714	0.2797517889	0.3541161885	False
Niallia	Bacillota	60	-0.1340372326	0.3072432046	0.3840540058	False
Arthrobacter	Actinomycetota	60	-0.131258683	0.3174697731	0.394372389	False
Methylobacillus	Pseudomonadota	60	-0.1144762434	0.3837847184	0.460736471	False
Cytophaga	Bacteroidota	60	-0.1142539594	0.3847149532	0.460736471	False
Terribacillus	Bacillota	60	-0.1114198388	0.3966927701	0.4722532977	False
Myxococcus	Myxococcota	60	-0.1080300083	0.4113032236	0.4802655699	False
CSP1-2	Dadabacteria	60	-0.1070853015	0.415429718	0.4802655699	False
Rhizorhabdus	Pseudomonadota	60	-0.1070853015	0.415429718	0.4802655699	False
Subgroup 10	Acidobacteriota	60	-0.09697138094	0.4610762196	0.5299726662	False
Symbiobacterium	Bacillota	60	-0.09319255349	0.4788057082	0.541321031	False
Nitrolancea	Chloroflexota	60	-0.0931369825	0.4790691124	0.541321031	False
Cupriavidus	Pseudomonadota	60	-0.0931369825	0.4790691124	0.541321031	False
Prauserella	Actinomycetota	60	-0.08791330925	0.5041695559	0.5633179396	False
Polycyclovorans	Pseudomonadota	60	-0.08657960545	0.5106846894	0.5642924745	False
Sandaracinus	Myxococcota	60	-0.08085579328	0.5391240525	0.5924440137	False
Microvirga	Pseudomonadota	60	-0.07668796888	0.5603071935	0.6090295582	False
Domibacillus	Bacillota	60	-0.06512920256	0.6210225381	0.6713757168	False
Allorhizocola	Actinomycetota	60	-0.03889969436	0.7679259273	0.8083430814	False
Azohydromonas	Pseudomonadota	60	-0.02128368991	0.8717681846	0.9033867198	False
Croceibacterium	Pseudomonadota	60	0.001000277855	0.9939480018	0.9939480018	False
Bauldia	Pseudomonadota	60	0.002445123645	0.9852069139	0.9901577024	False
Litorilinea	Chloroflexota	60	0.004779105307	0.9710907903	0.9808997881	False
Neorhizobium	Pseudomonadota	60	0.009002500695	0.9455726815	0.9599722655	False
Telluribacter	Bacteroidota	60	0.01283689914	0.9224512588	0.9412767947	False
Chelativorans	Pseudomonadota	60	0.01317032509	0.9204434374	0.9412767947	False
Thermosipho	Thermotogota	60	0.02017227008	0.8784122416	0.9055796305	False
Cystobacter	Myxococcota	60	0.02817449291	0.8307886646	0.8654048589	False
DSSF69	Pseudomonadota	60	0.03578771881	0.786032629	0.8230708157	False
Rhodoplanes	Pseudomonadota	60	0.04340094471	0.7419549863	0.7851375516	False
Isoptericola	Actinomycetota	60	0.04595721034	0.7273304041	0.773755749	False
Nitrosomonas	Pseudomonadota	60	0.04745762712	0.7187908631	0.7687602814	False
Ohtaekwangia	Bacteroidota	60	0.0606835232	0.6450932214	0.6936486252	False
Amycolatopsis	Actinomycetota	60	0.07946651848	0.5461414729	0.5968759266	False
Caulobacter	Pseudomonadota	60	0.08674631842	0.5098679608	0.5642924745	False
Sandaracinobacter	Pseudomonadota	60	0.08930258405	0.497428656	0.5589086023	False
I-8	Planctomycetota	60	0.1096971381	0.404079263	0.4753873682	False
Kineosporia	Actinomycetota	60	0.1098638511	0.4033609578	0.4753873682	False
Rhodococcus	Actinomycetota	60	0.1143095304	0.3844822687	0.460736471	False
SZB85	Pseudomonadota	60	0.1184217838	0.3674970522	0.4481671368	False
Neobacillus	Bacillota	60	0.1190330647	0.3650116879	0.4478671017	False
Lysinibacillus	Bacillota	60	0.1277577105	0.3306609619	0.4082234098	False
Devosia	Pseudomonadota	60	0.1401500417	0.2855011006	0.3591208812	False
Arenimicrobium	Acidobacteriota	60	0.145040289	0.2688551468	0.3446860856	False
YC-ZSS-LKJ147	Gemmatimonadota	60	0.1466518477	0.2635147115	0.3400189826	False
Saccharibacillus	Bacillota	60	0.1508196721	0.2500355632	0.3268438734	False
Niastella	Bacteroidota	60	0.1549319255	0.2372035051	0.3121098752	False
Azospirillum	Pseudomonadota	60	0.1559322034	0.2341519914	0.310135088	False
TM7a	Patescibacteria	60	0.1607668797	0.2197852554	0.2950137656	False
Paracoccus	Pseudomonadota	60	0.1671019728	0.2019087076	0.2765872707	False
Brevibacillus	Bacillota	60	0.1677132537	0.20024007	0.2761932	False
Longispora	Actinomycetota	60	0.1836065574	0.1602406418	0.2272916905	False
Paenibacillus	Bacillota	60	0.1937760489	0.1379390726	0.1984734858	False
Tautonia	Planctomycetota	60	0.1961656016	0.1330544003	0.1928324642	False
Turicibacter	Bacillota	60	0.2105584885	0.1063473779	0.1575516709	False
Aureibacillus	Bacillota	60	0.2243400945	0.08484950442	0.1295412281	False
Pantoea	Pseudomonadota	60	0.2327868852	0.07346896382	0.1139053703	False
SH-PL14	Planctomycetota	60	0.2471242012	0.05696376238	0.09262400386	False
Kocuria	Actinomycetota	60	0.2594609614	0.04529269838	0.07486396426	False
Tepidisphaera	Planctomycetota	60	0.262128369	0.04304696048	0.07174493413	False
Pir4 lineage	Planctomycetota	60	0.2727424285	0.03499945454	0.05882261267	False
Candidatus Alysiosphaera	Pseudomonadota	60	0.2833564879	0.02824418725	0.04787150381	True
Planococcus	Bacillota	60	0.2860238955	0.02673029984	0.04569282024	True
Kineococcus	Actinomycetota	60	0.3013059183	0.0193114801	0.03358518278	True
SM1A02	Planctomycetota	60	0.3070297305	0.01702537587	0.02986908048	True
Mesobacillus	Bacillota	60	0.3229230342	0.01185100077	0.02135315454	True
MM2	Pseudomonadota	60	0.3269241456	0.01078615744	0.01961119534	True
Brucella	Pseudomonadota	60	0.3329258127	0.009344376587	0.01746612446	True
Falsirhodobacter	Pseudomonadota	60	0.3337038066	0.009170331949	0.01741917841	True
Hydrocarboniphaga	Pseudomonadota	60	0.3424284523	0.00740335639	0.0143754493	True
Saccharomonospora	Actinomycetota	60	0.3460405668	0.006763771296	0.01380361489	True
Peribacillus	Bacillota	60	0.3467629897	0.006641823882	0.01380361489	True
Thermobaculum	Chloroflexota	60	0.3471519867	0.006576960574	0.01380361489	True
Pseudomonas	Pseudomonadota	60	0.3577104751	0.005015710292	0.01090371803	True
Georgenia	Actinomycetota	60	0.358710753	0.004886296328	0.01085843628	True
Oceanobacillus	Bacillota	60	0.3994998611	0.001565749295	0.004014741782	True
Tumebacillus	Bacillota	60	0.4148930258	0.0009805012314	0.00280143209	True
Nesterenkonia	Actinomycetota	60	0.4331203112	0.0005470288634	0.001736599566	True
Limibaculum	Pseudomonadota	60	0.4599611003	0.0002178073504	0.0007764680707	True
Pelagibacterium	Pseudomonadota	60	0.4636843568	0.0001905232024	0.0006928116451	True
Streptococcus	Bacillota	60	0.4670741873	0.0001684405821	0.0006238540078	True
Pontibacter	Bacteroidota	60	0.4695748819	0.0001536807713	0.0005799274389	True
Rhodocista	Pseudomonadota	60	0.489858294	7.111648015e-05	0.0002963186673	True
Bradyrhizobium	Pseudomonadota	60	0.4958599611	5.60861298e-05	0.0002397257378	True
Ornithinibacillus	Bacillota	60	0.5063073076	3.670301262e-05	0.0001707116866	True
Corynebacterium	Actinomycetota	60	0.5701583773	1.980263117e-06	1.200159465e-05	True
Litchfieldia	Bacillota	60	0.5744373437	1.592332827e-06	1.027311501e-05	True
Metabacillus	Bacillota	60	0.579605446	1.218624078e-06	8.905360168e-06	True
Plastorhodobacter	Pseudomonadota	60	0.5797165879	1.211573239e-06	8.905360168e-06	True
Pelagibius	Pseudomonadota	60	0.586385107	8.519706941e-07	7.099755784e-06	True
Halomonas	Pseudomonadota	60	0.5902750764	6.912425824e-07	6.010805064e-06	True
Bacillus	Bacillota	60	0.6058349542	2.912556994e-07	2.647779086e-06	True
Staphylococcus	Bacillota	60	0.6170602945	1.516288746e-07	1.44408452e-06	True
Acinetobacter	Pseudomonadota	60	0.6240066685	9.993651407e-08	9.993651407e-07	True
Ammoniphilus	Bacillota	60	0.6449569325	2.665693804e-08	3.136110358e-07	True
Truepera	Deinococcota	60	0.6473464851	2.277982791e-08	3.037310388e-07	True
Crossiella	Actinomycetota	60	0.6545151431	1.409741169e-08	2.349568614e-07	True
Pseudalkalibacillus	Bacillota	60	0.6878021673	1.270433429e-09	2.540866859e-08	True
Aeromonas	Pseudomonadota	60	0.6941928313	7.714487545e-10	1.714330566e-08	True
Enterococcus	Bacillota	60	0.7096971381	2.176482766e-10	5.441206914e-09	True
Gracilibacillus	Bacillota	60	0.717032509	1.161859989e-10	3.87286663e-09	True
Halalkalibacter	Bacillota	60	0.7323701028	2.928560933e-11	1.171424373e-09	True
Aquibacillus	Bacillota	60	0.7414837455	1.234013303e-11	6.170066517e-10	True
Sediminibacillus	Bacillota	60	0.7419838844	1.175629717e-11	6.170066517e-10	True
Escherichia-Shigella	Pseudomonadota	60	0.7422061684	1.150535062e-11	6.170066517e-10	True
Polygonibacillus	Bacillota	60	0.8052236732	8.801220057e-15	1.760244011e-12	True
