genus	phylum	n_sites	spearman_rho_route_position	p_value	east_minus_west_mean_clr	east_minus_west_ci_low	east_minus_west_ci_high	mean_clr_west_third	mean_clr_central_third	mean_clr_east_third	q_bh_200	supported_q_lt_0_05	direction	mean_relative_abundance_west_third	mean_relative_abundance_central_third	mean_relative_abundance_east_third
Cellulomonas	Actinomycetota	60	-0.7922756321	4.689834915e-14	-2.227713181	-2.85688166	-1.598544703	1.074923958	-0.3246582107	-1.152789223	2.344917457e-12	True	decreases_eastward	0.005016091888	0.001727899667	0.001272546386
Blastocatella	Acidobacteriota	60	-0.7648791331	1.127052213e-12	-2.258884024	-2.804368825	-1.713399224	1.200498515	-0.472931949	-1.058385509	3.75684071e-11	True	decreases_eastward	0.001005579182	0.0003289361653	0.0001001955863
Marmoricola	Actinomycetota	60	-0.7049180328	3.242669718e-10	-1.652676007	-2.25564792	-1.049704094	0.7088121405	-0.09066767606	-0.9438638664	5.895763123e-09	True	decreases_eastward	0.001986756656	0.0009785370359	0.0006662668683
Ellin6055	Pseudomonadota	60	-0.6995276466	5.036612055e-10	-1.707651454	-2.385407315	-1.029895593	0.7359311938	-0.07257221437	-0.9717202602	7.888980205e-09	True	decreases_eastward	0.01123409205	0.003418283129	0.002596592607
Roseisolibacter	Gemmatimonadota	60	-0.6954153932	7.002049855e-10	-1.885033528	-2.48926581	-1.280801247	0.6707440925	0.2241137864	-1.214289436	9.336066473e-09	True	decreases_eastward	0.002222640879	0.00126817039	0.0008950226514
Steroidobacter	Pseudomonadota	60	-0.6914142817	9.598013889e-10	-1.610040439	-2.104575216	-1.115505663	0.6137966797	0.109870991	-0.9962437594	1.199751736e-08	True	decreases_eastward	0.002913908092	0.001785537542	0.001116754406
Limnobacter	Pseudomonadota	60	-0.6864684635	1.407579694e-09	-2.83329569	-3.500225882	-2.166365498	1.802529634	-1.161796417	-1.030766056	1.481662835e-08	True	decreases_eastward	0.002193953282	0.000402744363	0.0003023938963
Aridibacter	Acidobacteriota	60	-0.6854126146	1.525992848e-09	-1.862648976	-2.43888361	-1.286414342	1.134543188	-0.7253605772	-0.7281057877	1.525992848e-08	True	decreases_eastward	0.0008347042603	0.0002887419861	0.0001873079396
Sphingomonas	Pseudomonadota	60	-0.6657404835	6.47764682e-09	-1.354118567	-1.868763728	-0.839473407	0.5379096911	0.02888201592	-0.8162088763	5.52680661e-08	True	decreases_eastward	0.002080711357	0.001099569665	0.001352604546
Paraconexibacter	Actinomycetota	60	-0.6655181995	6.580277393e-09	-1.83975822	-2.335573467	-1.343942973	0.9561680046	-0.2612228882	-0.8835902158	5.52680661e-08	True	decreases_eastward	0.0005254518614	0.0002507344081	0.0002719968889
Gemmatimonas	Gemmatimonadota	60	-0.6612948041	8.848554801e-09	-1.551889566	-2.151672323	-0.9521068098	0.4672469746	0.3041136044	-1.084642592	7.078843841e-08	True	decreases_eastward	0.002575464475	0.001855383308	0.001170144736
Solirubrobacter	Actinomycetota	60	-0.6424006669	3.149030664e-08	-1.664190184	-2.232578065	-1.095802302	0.5161452503	0.3817012985	-1.148044933	2.171745286e-07	True	decreases_eastward	0.006336597001	0.005818686198	0.003178619786
Bryobacter	Acidobacteriota	60	-0.6313976104	6.340858891e-08	-1.39112538	-1.894980727	-0.8872700329	0.4152214601	0.3218696576	-0.9759039199	4.22723926e-07	True	decreases_eastward	0.001304014168	0.0007759758413	0.0006049131177
Pirellula	Planctomycetota	60	-0.6300639066	6.889459756e-08	-1.60485521	-2.181181849	-1.028528571	0.4823372969	0.3705373823	-1.122517913	4.444812746e-07	True	decreases_eastward	0.003049802866	0.002552742167	0.00147584065
Actinoplanes	Actinomycetota	60	-0.6260627952	8.816122077e-08	-1.807419822	-2.302163138	-1.312676505	1.06214084	-0.5385238128	-0.745278982	5.343104289e-07	True	decreases_eastward	0.0006128817318	0.0003428071856	4.678011469e-05
Gemmata	Planctomycetota	60	-0.6237288136	1.01636946e-07	-1.271915341	-1.76033787	-0.7834928112	0.3820776569	0.3023330938	-0.8898376838	5.876489174e-07	True	decreases_eastward	0.0007691050022	0.0008645665728	0.0004207699087
Blastococcus	Actinomycetota	60	-0.6231731036	1.051198987e-07	-1.612939438	-2.297444733	-0.9284341445	0.9495889021	-0.5748737352	-0.6633505364	5.876489174e-07	True	decreases_eastward	0.007065517875	0.001999574806	0.002223858389
Pseudonocardia	Actinomycetota	60	-0.6226173937	1.087150497e-07	-1.361400043	-1.785081751	-0.9377183353	0.3928810374	0.3786624363	-0.9685190059	5.876489174e-07	True	decreases_eastward	0.004088494625	0.003364370887	0.001695026836
Parviterribacter	Actinomycetota	60	-0.6213392609	1.174282232e-07	-1.166903179	-1.626648475	-0.7071578835	0.4248226759	0.1073350051	-0.7420805035	6.180432798e-07	True	decreases_eastward	0.001006813762	0.0008443308647	0.000538847805
Abditibacterium	Abditibacteriota	60	-0.6145595999	1.757494876e-07	-1.329343687	-1.873969291	-0.7847180836	0.5338980043	-0.01995801921	-0.7954456829	9.012794236e-07	True	decreases_eastward	0.0006536563445	0.0003608122956	0.0001499733555
Rubritepida	Pseudomonadota	60	-0.6072797999	2.681627367e-07	-1.466584935	-2.015748168	-0.9174217024	0.6639496152	-0.1078182556	-0.80263532	1.340813683e-06	True	decreases_eastward	0.0009430525076	0.0004903259585	0.0003191950326
Streptomyces	Actinomycetota	60	-0.6052236732	3.015777128e-07	-1.912480399	-2.506383231	-1.318577568	0.6151295559	0.4367420258	-1.297350843	1.471110794e-06	True	decreases_eastward	0.02604732331	0.0170664333	0.007344957783
Luteitalea	Acidobacteriota	60	-0.5842734093	9.532780108e-07	-1.199587498	-1.685057775	-0.7141172201	0.5761833626	-0.1296052067	-0.6234041351	4.433851213e-06	True	decreases_eastward	0.0004582991393	0.0003002811262	0.0003222784714
Caenimonas	Pseudomonadota	60	-0.572381217	1.768888471e-06	-2.07631631	-2.713910483	-1.438722137	0.5926015926	0.6768322696	-1.483714717	8.040402141e-06	True	decreases_eastward	0.0005466036939	0.0007526982678	0.0001429211131
Adhaeribacter	Bacteroidota	60	-0.5664906919	2.381393149e-06	-1.475697934	-1.983656523	-0.9677393438	0.3736362703	0.4616705327	-1.102061663	1.035388326e-05	True	decreases_eastward	0.008606747	0.00933136606	0.003587709957
Gaiella	Actinomycetota	60	-0.5651014171	2.552257513e-06	-1.739516001	-2.361436335	-1.117595666	0.4440606069	0.585312146	-1.295455394	1.069337545e-05	True	decreases_eastward	0.001844605072	0.002011886388	0.0009515706001
Geodermatophilus	Actinomycetota	60	-0.5626007224	2.889011752e-06	-1.292032363	-2.008403395	-0.5756613307	0.7182777628	-0.4619095611	-0.5737546001	1.17918847e-05	True	decreases_eastward	0.01236311342	0.00503277957	0.005866139237
Baekduia	Actinomycetota	60	-0.5413170325	7.972779167e-06	-0.8636244435	-1.330987028	-0.3962618589	0.2847219818	0.09702572242	-0.5789024617	3.066453526e-05	True	decreases_eastward	0.0007383965781	0.0005875371311	0.0006969831163
Actinophytocola	Actinomycetota	60	-0.5353709364	1.045871205e-05	-1.376620382	-1.909110256	-0.8441305089	0.452007152	0.3461078249	-0.9246132303	3.873597054e-05	True	decreases_eastward	0.001360899625	0.0009472017149	0.000315517216
Rubrobacter	Actinomycetota	60	-0.5340928036	1.107959375e-05	-1.717768346	-2.378005411	-1.057531282	0.5109852976	0.4722158158	-1.206783049	4.028943182e-05	True	decreases_eastward	0.01071652813	0.01188296107	0.005000061547
Conexibacter	Actinomycetota	60	-0.5286468463	1.412884476e-05	-1.07671812	-1.61552186	-0.53791438	0.4499594261	-0.05531661877	-0.626758694	5.046015985e-05	True	decreases_eastward	0.0007944400505	0.0005990003016	0.0004710766565
Mycobacterium	Actinomycetota	60	-0.5195887747	2.097659702e-05	-1.128244751	-1.769082718	-0.4874067831	0.5204978758	-0.1271325832	-0.6077468749	7.233309316e-05	True	decreases_eastward	0.002360627308	0.00102396593	0.0009191163776
Segetibacter	Bacteroidota	60	-0.5148652403	2.566306688e-05	-1.465534103	-2.114714083	-0.8163541237	0.3695612437	0.4106990769	-1.09597286	8.699344707e-05	True	decreases_eastward	0.002969364356	0.002890798589	0.001538230471
Rufibacter	Bacteroidota	60	-0.482522923	9.449779701e-05	-1.184726095	-1.772276171	-0.5971760195	0.500777673	-0.05707941341	-0.6839484223	0.0002907624523	True	decreases_eastward	0.0007207605677	0.0005673646935	0.0003087985023
PMMR1	Pseudomonadota	60	-0.4818005001	9.714689019e-05	-1.646911594	-2.377841351	-0.9159818379	1.14674296	-0.8711921004	-0.5001686345	0.0002943845157	True	decreases_eastward	0.0006150109145	0.0001417429291	6.027248973e-05
Rhodocytophaga	Bacteroidota	60	-0.4656293415	0.000177549198	-1.7958911	-2.461787409	-1.12999479	1.382961129	-1.231023758	-0.4129299706	0.000529997606	True	decreases_eastward	0.0005340397626	0.0001001841925	6.278305629e-05
Nitrospira	Nitrospirota	60	-0.4646846346	0.0001837463042	-1.044124679	-1.670640255	-0.4176091029	0.2952225806	0.2861202588	-0.7489020982	0.0005404303066	True	decreases_eastward	0.001145200214	0.0008801394185	0.0006548924597
Sumerlaea	Sumerlaeota	60	-0.4631286468	0.0001943862196	-0.8650617635	-1.289849525	-0.4402740025	0.3598187289	0.0212841355	-0.5052430346	0.0005634383178	True	decreases_eastward	0.0005608489569	0.0005186955516	0.0004816312515
Saccharothrix	Actinomycetota	60	-0.4597388163	0.0002195440512	-0.9880558084	-1.472854686	-0.5032569309	0.4995992818	-0.09709915189	-0.4884565266	0.0006272687177	True	decreases_eastward	0.0008164369386	0.001118554087	0.0001171146998
Mangrovihabitans	Actinomycetota	60	-0.4591831064	0.0002239413199	-1.582210934	-2.255647206	-0.908774662	1.22510442	-1.055971682	-0.3571065144	0.0006308206195	True	decreases_eastward	0.0006276690202	9.788798319e-05	4.724640374e-05
Deinococcus	Deinococcota	60	-0.4520144485	0.0002883560197	-1.183477207	-1.864228131	-0.5027262823	0.5051028568	-0.01909326344	-0.67837435	0.0008009889436	True	decreases_eastward	0.01391976944	0.00835263197	0.00725800122
Novosphingobium	Pseudomonadota	60	-0.4477354821	0.0003344443903	-1.180597103	-1.770127558	-0.5910666477	0.2020295603	0.5366801483	-0.9785675428	0.0009162860008	True	decreases_eastward	0.001047036336	0.00185101346	0.0004373907
Chthoniobacter	Verrucomicrobiota	60	-0.4464573493	0.0003494583923	-1.307415113	-1.966638937	-0.6481912897	0.2399635155	0.5000186564	-1.067451598	0.0009444821414	True	decreases_eastward	0.003547844127	0.003581464955	0.002314005287
Dongia	Pseudomonadota	60	-0.4456237844	0.0003595781194	-1.275763213	-1.888631266	-0.6628951596	0.1947700441	0.7142901293	-1.080993169	0.000958874985	True	decreases_eastward	0.0009404259896	0.0009622458415	0.0003113004451
Caldilinea	Chloroflexota	60	-0.4432898027	0.0003893489743	-1.223560614	-1.820254709	-0.6268665196	0.4601466606	0.2114272149	-0.7634139539	0.001011296037	True	decreases_eastward	0.0004556346966	0.0004085614371	0.0001624311937
Modestobacter	Actinomycetota	60	-0.420450125	0.0008235205372	-0.9012160048	-1.479850148	-0.322581862	0.6153476149	-0.5295781157	-0.2858683899	0.002084862119	True	decreases_eastward	0.0005784954022	0.000230826796	0.0002044081033
Flavisolibacter	Bacteroidota	60	-0.4142261739	0.001001047239	-1.356041583	-2.030080125	-0.6820030408	0.3304798895	0.4884343413	-1.025561694	0.002502618097	True	decreases_eastward	0.02492088676	0.02266817103	0.01096712034
Sphingoaurantiacus	Pseudomonadota	60	-0.4102250625	0.001132682428	-1.204995713	-1.79709658	-0.6128948461	0.3444876859	0.2425408482	-0.860508027	0.002762640067	True	decreases_eastward	0.005455440855	0.004428029274	0.00308677626
Massilia	Pseudomonadota	60	-0.3987774382	0.001599661822	-1.07188252	-1.608627965	-0.5351370757	0.2634779869	0.4291639214	-0.8084045333	0.003763910169	True	decreases_eastward	0.03687854184	0.04576744523	0.01971404745
Kallotenue	Chloroflexota	60	-0.3981105863	0.001631548433	-1.774946473	-2.699000263	-0.8508926821	1.639920208	-1.814216751	-0.1350262652	0.003794298682	True	decreases_eastward	0.002161402068	0.0001191913424	0.0004499368441
Arcticibacter	Bacteroidota	60	-0.3949986107	0.001788010581	-0.9767600434	-1.46073854	-0.4927815467	0.2109240533	0.4013178848	-0.7658359902	0.004110369152	True	decreases_eastward	0.00116459589	0.001369615617	0.0007805357887
Vallicoccus	Actinomycetota	60	-0.3892192276	0.002114589107	-0.8029899081	-1.556964019	-0.04901579698	0.671347124	-0.7981244883	-0.1316427841	0.004805884333	True	decreases_eastward	0.002418089493	0.0009123916135	0.001228622114
Arthrobacter	Actinomycetota	60	-0.3798277299	0.002759834718	-0.7674391571	-1.414926562	-0.1199517519	0.368316463	-0.1204085393	-0.3991226941	0.006201875771	True	decreases_eastward	0.008561864752	0.003986227764	0.003278180182
Actinomadura	Actinomycetota	60	-0.3749374826	0.003160758428	-1.412286934	-2.045556421	-0.779017447	0.09957808032	1.037206582	-1.312708854	0.007023907618	True	decreases_eastward	0.002835826299	0.003177616698	0.0005724009092
Sporocytophaga	Bacteroidota	60	-0.365323701	0.00410231629	-0.7044165464	-1.312887252	-0.09594584059	0.3494169186	-0.126482435	-0.3549996278	0.008918078891	True	decreases_eastward	0.001191084086	0.0007167429809	0.000786727582
Fimbriiglobus	Planctomycetota	60	-0.3628785774	0.004378185348	-0.7535529952	-1.295244573	-0.2118614174	0.05591240469	0.5359525849	-0.6976405906	0.009415452361	True	decreases_eastward	0.0003326126512	0.0005328657224	0.0001855725354
Cnuella	Bacteroidota	60	-0.3615448736	0.004535456288	-1.177860083	-1.824541077	-0.5311790898	0.2559445936	0.4369247024	-0.9219154897	0.009649906995	True	decreases_eastward	0.001871767278	0.002523956025	0.00156175115
Rubellimicrobium	Pseudomonadota	60	-0.3606557377	0.004643052156	-0.8075932281	-1.436965942	-0.1782205139	0.3212620298	-0.04082378589	-0.4863311983	0.009774846644	True	decreases_eastward	0.01165126185	0.007642325854	0.007097451395
Verrucosispora	Actinomycetota	60	-0.3594887469	0.004787683602	-0.7010111719	-1.245238034	-0.1567843096	0.07056005504	0.4775831919	-0.6304511168	0.009974340838	True	decreases_eastward	0.001160978803	0.0009948687468	0.001424627947
Nonomuraea	Actinomycetota	60	-0.3590441789	0.004843816772	-0.8175734253	-1.348224155	-0.2869226958	0.7377531532	-0.7666265242	-0.07982027218	0.009987251076	True	decreases_eastward	0.0005437791233	0.0001435493128	5.912328594e-05
Ramlibacter	Pseudomonadota	60	-0.3552097805	0.005352533836	-1.059365871	-1.618297595	-0.500434146	0.1566173024	0.5417194493	-0.9027485683	0.01092353844	True	decreases_eastward	0.008093099186	0.01068983226	0.00480932803
Phaselicystis	Myxococcota	60	-0.3509308141	0.005975165941	-0.7213138426	-1.273688248	-0.168939437	0.09716236336	0.3919913608	-0.6241514792	0.0120710423	True	decreases_eastward	0.0003759403013	0.000486871144	0.0003070491825
Phenylobacterium	Pseudomonadota	60	-0.3476521256	0.006494380343	-0.9523425029	-1.483045894	-0.4216391122	0.2214420738	0.3005648418	-0.7309004291	0.01298876069	True	decreases_eastward	0.002273324915	0.003069145178	0.001329736166
Noviherbaspirillum	Pseudomonadota	60	-0.3362045013	0.008629843224	-0.8536007443	-1.331668043	-0.3755334458	0.2238143643	0.230899511	-0.62978638	0.01675697713	True	decreases_eastward	0.02224603949	0.0209971538	0.01227534874
Archangium	Myxococcota	60	-0.3350930814	0.008866538034	-0.6626732095	-1.358690293	0.03334387362	0.3068782542	-0.1385572955	-0.3557949553	0.01705103468	True	decreases_eastward	0.002866237588	0.002192209782	0.003169250588
Roseicella	Pseudomonadota	60	-0.3335926646	0.009195021667	-0.6076206392	-1.15383461	-0.0614066689	0.1856402956	0.03613995236	-0.4219803436	0.01751432698	True	decreases_eastward	0.00092617678	0.0008423879689	0.0007112848976
Nocardioides	Actinomycetota	60	-0.3330925257	0.009306841642	-0.8101886115	-1.302508177	-0.3178690456	0.176545205	0.2724297594	-0.6336434065	0.01756007857	True	decreases_eastward	0.0145346724	0.01358190474	0.007382548616
Lautropia	Pseudomonadota	60	-0.331258683	0.009727017674	-0.8209990678	-1.417420195	-0.2245779406	0.27849523	0.08916586655	-0.5425038378	0.01813351067	True	decreases_eastward	0.000773385464	0.0006982589951	0.0006146179737
Herbaspirillum	Pseudomonadota	60	-0.3260905807	0.01100089913	-0.7575836931	-1.282350497	-0.2328168889	0.22426475	0.146142359	-0.5333189431	0.02000163478	True	decreases_eastward	0.0005618008679	0.0005876625671	0.0003480924696
MND1	Pseudomonadota	60	-0.3246457349	0.01138188666	-0.721641902	-1.264056316	-0.1792274882	0.1592889351	0.281593227	-0.562352967	0.0203247976	True	decreases_eastward	0.001162987005	0.001028882019	0.001205313767
Roseomonas	Pseudomonadota	60	-0.3155320922	0.01405801407	-0.916086736	-1.486233893	-0.3459395794	0.05709005017	0.575010845	-0.8589966858	0.02466318258	True	decreases_eastward	0.003799933526	0.005413178625	0.002963359877
Saccharopolyspora	Actinomycetota	60	-0.3131981106	0.0148245984	-1.278308413	-2.109488457	-0.447128368	0.08353678021	0.9946115708	-1.194771632	0.02578191027	True	decreases_eastward	0.0042048568	0.003023973227	0.0006334470023
Pajaroellobacter	Myxococcota	60	-0.3075298694	0.01683709187	-0.6450736365	-1.106072882	-0.1840743912	0.02858004261	0.4605632188	-0.6164935939	0.02878135363	True	decreases_eastward	0.0004795902828	0.0005532652998	0.0004069278736
Niallia	Bacillota	60	-0.2955265351	0.02187974491	-0.5687906865	-1.148237379	0.01065600629	0.4688160452	-0.5105792643	-0.09997464137	0.03677268053	True	decreases_eastward	0.000948314152	0.0003405880851	0.000683442943
Aeromicrobium	Actinomycetota	60	-0.289802723	0.02470286699	-0.6683261111	-1.300129406	-0.03652281651	0.5800072483	-0.6064790307	-0.0883188628	0.04117144499	True	decreases_eastward	0.0006484964829	0.0006904271617	0.0004687530773
Daejeonella	Bacteroidota	60	-0.2821339261	0.02896172899	-1.013507505	-1.641933351	-0.3850816599	-0.02937981559	0.9329949928	-1.042887321	0.04709224226	True	decreases_eastward	0.001683836141	0.002250130682	0.0007542628987
Herpetosiphon	Chloroflexota	60	-0.2789663795	0.03089220472	-1.384992823	-2.202237908	-0.5677477376	0.2203818591	0.704365902	-1.164610964	0.04982613665	True	decreases_eastward	0.01452493209	0.02188946752	0.007158319717
Anaeromyxobacter	Myxococcota	60	-0.2769658238	0.03216600731	-0.6200485422	-1.062528908	-0.1775681767	0.04048882368	0.3925252201	-0.5795597185	0.05134340094	False	decreases_eastward	0.0004288401909	0.000497075222	0.0002578475911
Myxococcus	Myxococcota	60	-0.2766879689	0.03234634259	-0.4756699187	-1.006819878	0.0554800409	0.2760525696	-0.2106638267	-0.1996173491	0.05134340094	False	decreases_eastward	0.0004176343599	0.0006076019546	0.000300599797
Microvirga	Pseudomonadota	60	-0.2659627674	0.03997998309	-0.4852262613	-0.947995852	-0.02245667059	0.2213059005	-0.1037690846	-0.2639203608	0.06296060329	False	decreases_eastward	0.03321551771	0.01946785499	0.01659100469
Rhizorhabdus	Pseudomonadota	60	-0.2571825507	0.0472862762	-0.7136597134	-1.406048113	-0.02127131419	0.4818160416	-0.4477206334	-0.2318436718	0.07331205612	False	decreases_eastward	0.000572092225	0.0003502087216	0.0003704024671
Lysobacter	Pseudomonadota	60	-0.2364545707	0.06892230336	-0.6884344045	-1.309750621	-0.06711818824	0.213751159	0.1345443674	-0.4746832456	0.1028691095	False	decreases_eastward	0.003228506002	0.003010580061	0.002923500602
Pedomicrobium	Pseudomonadota	60	-0.2307307585	0.07612047086	-0.4002244736	-1.039356648	0.2389077005	-0.09111096895	0.4735731653	-0.4913354426	0.1115498037	False	decreases_eastward	0.0009937907665	0.001087940611	0.0009302464214
Opitutus	Verrucomicrobiota	60	-0.2306196166	0.07626593285	-0.9557354744	-1.588401725	-0.3230692237	0.01241052854	0.7679463413	-0.9433249459	0.1115498037	False	decreases_eastward	0.000923193965	0.001505132601	0.0006269949881
JCM 18997	Actinomycetota	60	-0.2305084746	0.07641161553	-0.6887640833	-1.309084012	-0.06844415477	0.04203995225	0.5844007741	-0.646724131	0.1115498037	False	decreases_eastward	0.0003611609701	0.000559541559	0.0001347720214
[Polyangium] brachysporum group	Pseudomonadota	60	-0.2168380106	0.09608201742	-0.7844998968	-1.397622886	-0.1713769075	-0.02745529683	0.7422876397	-0.8119551936	0.1372600249	False	decreases_eastward	0.0005804354133	0.0009129287222	0.0002903999142
Nordella	Pseudomonadota	60	-0.2102806335	0.1068204259	-0.6689418994	-1.320908826	-0.01697497267	0.1405630837	0.3816835738	-0.5283788157	0.1515183346	False	decreases_eastward	0.0003773520007	0.0004661191307	0.0002466975101
Terribacillus	Bacillota	60	-0.1966657405	0.132048737	-0.3968709105	-1.179644335	0.3859025138	0.4907046188	-0.7484954612	0.09383370835	0.182136189	False	decreases_eastward	0.001526318172	0.0008862214012	0.002303629465
Nibribacter	Bacteroidota	60	-0.1845512642	0.1580635004	-0.4991887425	-1.119006184	0.1206286988	-0.1249656714	0.6763452755	-0.6241544139	0.2150523815	False	decreases_eastward	0.008294377529	0.01809744888	0.0053362959
Cupriavidus	Pseudomonadota	60	-0.1675465407	0.2006941774	-0.3354657491	-0.8368255718	0.1658940735	0.01900198587	0.2219542206	-0.3164637633	0.2640712861	False	decreases_eastward	0.0005138058998	0.0006007586244	0.00013998899
Ectobacillus	Bacillota	60	-0.1415948875	0.2805139035	-0.8499020974	-1.626523377	-0.07328081805	-0.01379065969	0.7359132528	-0.8636927571	0.3601224043	False	decreases_eastward	0.007308253042	0.01060219213	0.004813618512
SZB85	Pseudomonadota	60	-0.1085857183	0.4088869836	-0.4100590876	-1.180249437	0.3601312614	0.2639892426	-0.1056499971	-0.146069845	0.5017018204	False	decreases_eastward	0.0003803713874	0.0001655281083	9.721040718e-05
Arenimicrobium	Acidobacteriota	60	-0.09947207558	0.4495429037	-0.7928693271	-1.928749509	0.3430108549	1.073346339	-1.389226826	0.2804770114	0.5482230532	False	decreases_eastward	0.001441136394	0.0001418522976	0.0009128394737
Domibacillus	Bacillota	60	-0.096526813	0.4631433103	-0.310320457	-0.8559186202	0.2352777062	0.09385565511	0.09710371958	-0.2164648019	0.5580039883	False	decreases_eastward	0.07087730707	0.06333393129	0.04775342119
Acidibacter	Pseudomonadota	60	-0.09297026952	0.479859787	-0.2992456784	-0.9012662746	0.3027749177	-0.1637227826	0.5310573625	-0.4629684611	0.5746823796	False	decreases_eastward	0.000875662683	0.0009711509339	0.001247948562
Subgroup 10	Acidobacteriota	60	-0.07913309253	0.5478321896	0.2361849259	-0.7262184543	1.198588306	0.09300752128	-0.3623219105	0.3291924471	0.6333320112	False	decreases_eastward	0.0005125898999	0.0002386522822	0.001165409054
Kineosporia	Actinomycetota	60	-0.06218393998	0.6369271826	0.01878661584	-0.7841941775	0.8217674092	0.4658219656	-1.056943417	0.4846085814	0.7170048205	False	decreases_eastward	0.0004479460154	0.000132613313	0.0003433107501
Luedemannella	Actinomycetota	60	-0.05373714921	0.6834316195	-0.401176643	-1.066528118	0.2641748324	0.2060865716	0.06412078144	-0.1950900714	0.7593684661	False	decreases_eastward	0.0003401895049	0.0002134696649	0.0001128319626
Rhodoplanes	Pseudomonadota	60	-0.04256737983	0.7467438497	0.1837472135	-0.4968294246	0.8643238516	-0.1480906873	0.1498620743	0.03565652617	0.820597637	False	decreases_eastward	0.0003626039694	0.0004066353276	0.0003257900377
Plantactinospora	Actinomycetota	60	-0.04006668519	0.7611670167	-0.2957895133	-0.9820491317	0.390470105	0.02690380426	0.3984360096	-0.2688857091	0.8267083465	False	decreases_eastward	0.000256661002	0.0003617709221	0.0001147827869
Acidiferrimicrobium	Actinomycetota	60	-0.03945540428	0.7647052205	0.09162302829	-0.6046532408	0.7878992974	-0.1046130226	0.1051525653	-0.01298999436	0.8267083465	False	decreases_eastward	0.006222629829	0.00736187678	0.004362428558
Cystobacter	Myxococcota	60	-0.03595443179	0.7850596701	0.1409907157	-0.5220445697	0.804026001	-0.07979855227	0.05008057005	0.06119216339	0.8441501829	False	decreases_eastward	0.0004730432137	0.0004231372887	0.0007899448906
Caulobacter	Pseudomonadota	60	-0.0351764379	0.7896029195	0.05852152627	-0.5225456588	0.6395887114	0.4874416585	-1.084091353	0.5459631848	0.844495101	False	decreases_eastward	0.0004976312477	0.0001528084594	0.001723487163
Croceibacterium	Pseudomonadota	60	-0.03323145318	0.8009912502	0.09415945296	-0.4660434012	0.6543623071	0.04450780922	-0.2840355885	0.1386672622	0.8476097885	False	decreases_eastward	0.001401047055	0.0009496460923	0.001851987338
Litorilinea	Chloroflexota	60	-0.01811614337	0.8907254239	-0.1731971636	-0.8357933743	0.4893990472	0.2300231043	-0.2558461148	0.05682594077	0.9152732344	False	decreases_eastward	0.0003411314565	9.904781168e-05	0.0001300348815
Nitrosomonas	Pseudomonadota	60	-0.01783828841	0.8923914035	-0.05865273943	-0.7970868806	0.6797814017	0.5038164451	-0.8708564404	0.4451637057	0.9152732344	False	decreases_eastward	0.0001112536768	2.377586991e-05	0.002634904067
Oxalophagus	Bacillota	60	-0.01467074187	0.9114145301	-0.2807751808	-1.221693121	0.6601427594	-0.1774500945	0.6050611068	-0.4582252752	0.9300148266	False	decreases_eastward	0.001122131146	0.003055524072	0.001581765464
YC-ZSS-LKJ147	Gemmatimonadota	60	-0.004112253404	0.975123257	0.01430479095	-0.7955931215	0.8242027034	0.303969228	-0.6359492902	0.318274019	0.9849729869	False	decreases_eastward	0.0007866501529	0.0004671760751	0.0006160518417
Saccharibacillus	Bacillota	60	-0.0004445679355	0.9973102029	0.1089745698	-0.6590282058	0.8769773455	-0.2995474262	0.5317748955	-0.1905728564	0.9973102029	False	decreases_eastward	0.000941363954	0.001209817342	0.000626548937
Nitrolancea	Chloroflexota	60	0.0008335648791	0.9949566538	-0.1400275663	-0.8955142202	0.6154590876	-0.2654669856	0.6380855412	-0.4054945519	0.9973102029	False	increases_eastward	0.003021619458	0.004547064272	0.001956585904
Glycomyces	Actinomycetota	60	0.01061405946	0.9358484382	-0.4306221006	-1.209083326	0.3478391243	-0.08082854143	0.7537260057	-0.511450642	0.9500999372	False	increases_eastward	0.0005608590419	0.001352431572	0.000317460544
Chelativorans	Pseudomonadota	60	0.02634065018	0.8416554949	-0.06312957031	-0.6657104219	0.5394512813	0.1181665196	-0.1228507796	0.0550369493	0.87218186	False	increases_eastward	0.003294031369	0.002373437909	0.001444894284
OM27 clade	Bdellovibrionota	60	0.02672964712	0.8393478817	-0.02516532015	-0.4447563641	0.3944257239	-0.04348438153	0.09948102705	-0.06864970168	0.87218186	False	increases_eastward	0.0009241543164	0.001005060421	0.0006618907384
Neorhizobium	Pseudomonadota	60	0.02884134482	0.8268447773	0.1206236914	-0.6204770313	0.8617244142	-0.06421768024	0.01937670007	0.05640601119	0.8658060496	False	increases_eastward	0.001127295732	0.000615705057	0.0003933494739
Kocuria	Actinomycetota	60	0.03000833565	0.8199532551	0.3390917498	-0.4529904772	1.131173977	0.2444714083	-0.8103597857	0.5835631582	0.8631086896	False	increases_eastward	0.001173342267	0.0004286746347	0.001746574901
Allorhizocola	Actinomycetota	60	0.03439844401	0.7941531455	-0.09739972163	-0.7385481464	0.5437487032	-0.2829096813	0.7964907803	-0.380309403	0.8448437718	False	increases_eastward	0.000335587045	0.0006283056769	0.0001211424026
Brevundimonas	Pseudomonadota	60	0.03956654626	0.7640615525	0.1547241117	-0.4549557771	0.7644040006	-0.3672414353	0.5561803861	-0.2125173236	0.8267083465	False	increases_eastward	0.0005102542072	0.0007355757828	0.0008003020047
Arsenicitalea	Pseudomonadota	60	0.04606835232	0.7266966983	0.1259163346	-0.3739600478	0.625792717	-0.05601232923	0.03353575434	0.06990400537	0.8029797771	False	increases_eastward	0.0004888579943	0.000541072154	0.0003784247399
Cytophaga	Bacteroidota	60	0.05873853848	0.6557410629	-0.10335769	-0.818334617	0.611619237	-0.2222811024	0.5272923239	-0.3256387924	0.7326715787	False	increases_eastward	0.002037654721	0.004176435532	0.002891616623
Isoptericola	Actinomycetota	60	0.06196165602	0.6381342902	0.3116111764	-0.3563111769	0.9795335297	-0.04228323218	-0.2394780654	0.2693279442	0.7170048205	False	increases_eastward	0.0008869689082	0.0006856378429	0.001413398988
CSP1-2	Dadabacteria	60	0.0627396499	0.6339135216	0.2664627862	-0.9860030164	1.518928589	-0.7588251535	1.429062709	-0.4923623674	0.7170048205	False	increases_eastward	0.001461811302	0.005045678578	0.001382442377
Polycyclovorans	Pseudomonadota	60	0.06640733537	0.614173271	-0.06399055661	-0.7177390398	0.5897579266	-0.1778425358	0.5060353759	-0.2418330924	0.7019123097	False	increases_eastward	0.0004600723471	0.0006873993657	0.0001745309117
Fictibacillus	Bacillota	60	0.06801889414	0.605583794	0.1514745096	-0.5049697747	0.8079187939	-0.2361236081	0.4241106588	-0.08464909845	0.6960733264	False	increases_eastward	0.0002104784881	0.0002008028844	0.0001380862213
Planococcus	Bacillota	60	0.08296749097	0.5285425648	0.4161033255	-0.5161721933	1.348378844	-0.1148058132	-0.21500596	0.3012975123	0.6145843777	False	increases_eastward	0.007380592677	0.006188459755	0.01994927732
Candidatus Alysiosphaera	Pseudomonadota	60	0.08546818561	0.5161465148	0.240876927	-0.2590287533	0.7407826073	-0.2414568453	0.2386175548	-0.0005799182612	0.6036801343	False	increases_eastward	0.0004260775144	0.0003828015646	0.0004846734276
Devosia	Pseudomonadota	60	0.08602389553	0.5134119195	0.1986247271	-0.3823724588	0.7796219129	-0.2155611138	0.1902416851	-0.01693638673	0.6036801343	False	increases_eastward	0.002520374215	0.00271152015	0.002619167033
Rhodococcus	Actinomycetota	60	0.08657960545	0.5106846894	0.1607423774	-0.7444572108	1.065941966	0.183147192	-0.4752506903	0.3438895694	0.6036801343	False	increases_eastward	0.0004455433824	0.0009157056057	0.0002481672889
Methylobacillus	Pseudomonadota	60	0.09124756877	0.4880705232	0.07849737431	-0.5034447957	0.6604395443	-0.174740193	0.2583247547	-0.09624281872	0.5810363372	False	increases_eastward	0.0007031344203	0.0006803639129	0.0004957185047
Peribacillus	Bacillota	60	0.09874965268	0.4528582832	0.3902586888	-0.3809682035	1.161485581	0.3258775064	-0.8984293342	0.7161361952	0.5489191312	False	increases_eastward	0.0006227119908	0.0001085915983	0.0001979417829
Tautonia	Planctomycetota	60	0.1093637121	0.4055181079	0.5753271198	-0.09039351533	1.241047755	0.08954096643	-0.6690944909	0.6648680863	0.5006396394	False	increases_eastward	0.0002565737786	0.0001518747179	0.0003796022224
Telluribacter	Bacteroidota	60	0.110197277	0.401926584	0.228076096	-0.2823351256	0.7384873176	-0.3030473191	0.3545457704	-0.07497122308	0.4992876819	False	increases_eastward	0.001274024095	0.001709047036	0.001762631262
Azohydromonas	Pseudomonadota	60	0.1118644068	0.394799542	0.1951331824	-0.4371320755	0.8273984402	-0.5676105214	1.001735155	-0.372477339	0.4934994276	False	increases_eastward	0.0003115491443	0.0007002405764	0.000265898621
TM7a	Patescibacteria	60	0.1194776327	0.3632105885	0.5073365675	-0.1997899883	1.214463123	-0.4436768398	0.4229324014	0.06365972766	0.4568686648	False	increases_eastward	0.000796146067	0.001156827073	0.0005335345384
Peredibacter	Bdellovibrionota	60	0.124034454	0.3450629277	0.13082291	-0.3555372083	0.6171830283	-0.3072043914	0.4576457833	-0.1763814814	0.4367885161	False	increases_eastward	0.0007678131521	0.001358354165	0.0015512039
Pantoea	Pseudomonadota	60	0.1298138372	0.3228724717	0.2931864912	-0.4745380985	1.060911081	-0.1885867901	0.1690177231	0.1045997012	0.4113025118	False	increases_eastward	0.001218035357	0.001274891216	0.0002109522058
Turicibacter	Bacillota	60	0.1414837455	0.2808954753	0.252091309	-0.4169072041	0.921089822	0.0614292193	-0.248325806	0.3135205283	0.3601224043	False	increases_eastward	0.001770156742	0.0001242268642	0.0002188379967
Thermobaculum	Chloroflexota	60	0.1529869408	0.2432150768	0.344740472	-0.5415594492	1.231040393	0.2518039342	-0.7271181862	0.5965444062	0.315863736	False	increases_eastward	0.0004155061278	0.0004008106039	5.175998605e-06
Paracoccus	Pseudomonadota	60	0.1552653515	0.2361833084	0.1835243379	-0.4967792427	0.8638279184	-0.02991561074	-0.1329442568	0.1536087271	0.3087363509	False	increases_eastward	0.001047469918	0.0004009038342	0.0002079136518
DSSF69	Pseudomonadota	60	0.1676576827	0.2003913579	0.04532580856	-0.6780596028	0.7687112199	-0.04200017145	0.156953161	0.00332563711	0.2640712861	False	increases_eastward	0.001360624018	0.001726275282	0.001323351426
Lysinibacillus	Bacillota	60	0.1701583773	0.1936635951	0.1539989627	-0.3314745362	0.6394724616	-0.1186479194	0.1129899134	0.03535104328	0.2582181269	False	increases_eastward	0.01573390863	0.01324199793	0.00954547454
Prauserella	Actinomycetota	60	0.1702695193	0.1933683794	0.05799708603	-0.9343713743	1.050365546	-0.4248690992	0.9458998934	-0.3668720132	0.2582181269	False	increases_eastward	0.0026490373	0.002424570388	0.0008512677823
Symbiobacterium	Bacillota	60	0.1731592109	0.1858054157	0.07022991379	-0.7932132293	0.9336730569	-0.1954988122	0.2943121067	-0.1252688984	0.2510883996	False	increases_eastward	0.003497270255	0.005417967499	0.00430597856
Kineococcus	Actinomycetota	60	0.1937204779	0.1380542497	0.8900619779	0.1617104974	1.618413458	-0.120251903	-0.6362708422	0.769810075	0.1891154105	False	increases_eastward	0.0003997739533	0.000241955187	0.001710754825
Pir4 lineage	Planctomycetota	60	0.1994442901	0.1265658714	0.6887569852	0.0547547594	1.322759211	-0.2018163288	-0.1372856464	0.4869406564	0.1757859326	False	increases_eastward	0.0009659799226	0.001015876262	0.001725590912
Sandaracinobacter	Pseudomonadota	60	0.2051125313	0.1159182204	0.5797946489	-0.05967641343	1.219265711	-0.4497121389	0.2913415967	0.13008251	0.1621233852	False	increases_eastward	0.0003459887779	0.0004477361547	0.0002688981224
Longispora	Actinomycetota	60	0.2096137816	0.1079623658	0.2868789278	-0.2680997195	0.8418575751	-0.2017580815	0.2191474006	0.08512084628	0.1520596701	False	increases_eastward	0.0004412182374	0.000275299747	0.0006377489978
Thermosipho	Thermotogota	60	0.2246735204	0.08437539429	0.638458492	0.03875271326	1.238164271	-0.8591072552	1.263751305	-0.2206487632	0.121403445	False	increases_eastward	0.000129624474	0.0007518535927	0.0002717585669
Sandaracinus	Myxococcota	60	0.2297860517	0.07736394709	0.3744612709	-0.05223900654	0.8011615483	-0.2403306484	0.1347966498	0.1341306225	0.1121216625	False	increases_eastward	0.0002294907157	0.000303249566	0.0002532139808
Brevibacillus	Bacillota	60	0.2401222562	0.06460360181	0.6381288037	-0.0568669071	1.333124515	-0.2142490519	-0.1914015779	0.4238797518	0.0971482734	False	increases_eastward	0.000436285604	0.0004917539524	0.001667175856
Tumebacillus	Bacillota	60	0.2504028897	0.05364707633	0.6410760552	-0.07115750889	1.353309619	-0.09598111281	-0.3872536071	0.5450949424	0.08128344898	False	increases_eastward	0.002499409635	0.002584844234	0.007477932709
Azospirillum	Pseudomonadota	60	0.2513475966	0.05272112126	0.5083850149	-0.05816092517	1.074930955	-0.2258394252	-0.09604708267	0.2825455897	0.08049026147	False	increases_eastward	0.001506041978	0.001614772651	0.002563804867
Aureibacillus	Bacillota	60	0.2556821339	0.04863794318	0.711198659	-0.168681039	1.591078357	-0.6787012454	0.8344320898	0.03249741362	0.07482760489	False	increases_eastward	0.0002285712435	0.0007475500704	0.0003933241081
Neobacillus	Bacillota	60	0.2596832453	0.04510195342	0.4541768023	-0.05683439743	0.965188002	-0.1516283385	-0.09047090099	0.3025484638	0.07047180222	False	increases_eastward	0.006866921144	0.006812077021	0.009961840181
Amycolatopsis	Actinomycetota	60	0.2884690192	0.02540309182	0.616309017	-0.09336019785	1.325978232	-0.486355164	0.5179606641	0.129953853	0.04164441282	True	increases_eastward	0.0004156064672	0.0006093651582	0.0009806452731
Bauldia	Pseudomonadota	60	0.2888580161	0.02519715296	0.6540989096	0.1305133059	1.177684513	-0.3678102704	0.2084665094	0.2862886392	0.04164441282	True	increases_eastward	0.0003847405529	0.0003777326351	0.0004266505082
Tepidisphaera	Planctomycetota	60	0.3013059183	0.0193114801	0.835887536	0.1798519292	1.491923143	-0.4294968903	0.06819142977	0.4063906457	0.0327313222	True	increases_eastward	0.000457396855	0.000377806165	0.0004163767598
Mesobacillus	Bacillota	60	0.3086412892	0.01642504568	0.8452080857	0.1943446554	1.496071516	-0.2618634465	-0.2316882461	0.5833446392	0.02831904427	True	increases_eastward	0.0005287700582	0.0006988016239	0.002202054636
Ohtaekwangia	Bacteroidota	60	0.3222561823	0.01203702484	0.6316073841	0.06720564935	1.196009119	-0.5895483417	0.6427055431	0.04205904245	0.02130446874	True	increases_eastward	0.0002546061087	0.0006470236842	0.0003180798203
I-8	Planctomycetota	60	0.3255904418	0.01113151159	0.7332586736	0.2516740926	1.214843255	-0.4003226423	0.182051145	0.3329360313	0.02005677763	True	increases_eastward	0.0001060056156	0.0001758884672	0.0008289625016
Niastella	Bacteroidota	60	0.3297026952	0.01009634461	0.5100141948	-0.08585101147	1.105879401	-0.2271700157	0.06545251048	0.2828441791	0.01852540296	True	increases_eastward	0.0004558049539	0.0003375911269	0.0001442178615
Georgenia	Actinomycetota	60	0.330980828	0.009792095763	1.072945696	0.1179717745	2.027919618	-0.1412916361	-0.6447122758	0.9316540601	0.01813351067	True	increases_eastward	0.0007611721546	0.000769439089	0.0009891199738
SH-PL14	Planctomycetota	60	0.3424284523	0.00740335639	0.6078579442	0.1809960255	1.034719863	-0.2759247444	0.01035448021	0.3319331997	0.01451638508	True	increases_eastward	0.0004100479099	0.0002877854357	0.0006175576075
Hydrocarboniphaga	Pseudomonadota	60	0.3434287302	0.007221158353	1.047917289	0.1389443204	1.956890257	-0.4810952634	0.07559629994	0.5668220253	0.01429932347	True	increases_eastward	0.0006233588302	0.0009562481216	0.0001367568648
Paenibacillus	Bacillota	60	0.3670464018	0.003917289848	0.5579804061	0.09690932736	1.019051485	-0.2380454671	-0.04461055949	0.3199349389	0.008609428238	True	increases_eastward	0.01222717529	0.01341863079	0.01647319044
SM1A02	Planctomycetota	60	0.4015004168	0.0014751759	0.8996070528	0.309242216	1.489971889	-0.3713190555	-0.04266550688	0.5282879972	0.003512323571	True	increases_eastward	0.0002774277877	0.000480213496	0.0005463292629
Oceanobacillus	Bacillota	60	0.4083912198	0.001198064572	1.072920105	0.3038982907	1.84194192	-0.12168936	-0.7139877087	0.9512307454	0.002886902584	True	increases_eastward	0.0008288951482	0.0009145204414	0.0005065212455
Pseudomonas	Pseudomonadota	60	0.4106140595	0.001119233455	1.415008928	0.5491589469	2.280858909	-0.7358509503	0.3322994621	0.6791579777	0.002762640067	True	increases_eastward	0.004294189438	0.006841220565	0.004224543262
Falsirhodobacter	Pseudomonadota	60	0.4240066685	0.0007353562856	1.931896073	0.9557686473	2.908023498	-1.259459094	0.793018281	0.6724369789	0.001885528937	True	increases_eastward	0.0005616712189	0.001123694165	0.0006509298901
Streptococcus	Bacillota	60	0.4452347874	0.0003643913495	1.105318925	0.3975326038	1.813105247	-0.4773453924	0.14541103	0.627973533	0.0009589246038	True	increases_eastward	0.0002405954141	0.001815213135	0.000919117131
MM2	Pseudomonadota	60	0.4840789108	8.901613036e-05	1.284655581	0.6616913187	1.907619842	-0.930401383	0.7854832351	0.3542541976	0.0002781754074	True	increases_eastward	0.000200493765	0.0006276452054	0.0001893715033
Corynebacterium	Actinomycetota	60	0.4875798833	7.773483101e-05	1.721834274	0.9455891107	2.498079437	-0.5437929473	-0.2444520501	1.178041327	0.0002467772413	True	increases_eastward	8.291648408e-05	0.0004386679554	0.001377673904
Truepera	Deinococcota	60	0.4891358711	7.315655274e-05	2.787835124	1.675595709	3.900074538	-0.6955849354	-0.9961919247	2.092250188	0.0002359888798	True	increases_eastward	0.0002961066926	0.0001845940136	0.002550503568
Saccharomonospora	Actinomycetota	60	0.4936371214	6.127317139e-05	1.434839396	0.688708447	2.180970346	-0.4390472779	-0.3633816549	0.9957921183	0.0002008956439	True	increases_eastward	0.0008998777565	0.00102534204	0.001001160196
Brucella	Pseudomonadota	60	0.5059738816	3.721106895e-05	1.533155354	0.8718093536	2.194501354	-0.4589125053	-0.3465804063	1.074242848	0.0001240368965	True	increases_eastward	0.0002463791578	0.0003348041252	0.003094668791
Crossiella	Actinomycetota	60	0.5263684357	1.562214697e-05	1.644346185	0.8701946718	2.418497698	-0.5225143337	-0.2487620234	1.121831851	5.481455078e-05	True	increases_eastward	0.0001814404762	0.0001047537397	0.00050197629
Nesterenkonia	Actinomycetota	60	0.5357043623	1.030214785e-05	1.176903323	0.2697980674	2.084008579	-0.2969311826	-0.2979747922	0.8799721406	3.873597054e-05	True	increases_eastward	0.0004425444552	0.00137485824	0.0001872436243
Litchfieldia	Bacillota	60	0.5469297027	6.14149038e-06	3.33373062	2.168008474	4.499452766	-0.8112215118	-1.1691022	2.522509108	2.4084276e-05	True	increases_eastward	0.000570010869	0.0002638550284	0.003603199236
Bradyrhizobium	Pseudomonadota	60	0.5602667408	3.240343852e-06	3.183236791	1.986669638	4.379803945	-0.726564045	-0.9749612233	2.456672746	1.296137541e-05	True	increases_eastward	0.0006289855716	0.000926220518	0.01828638953
Limibaculum	Pseudomonadota	60	0.5649902751	2.566410108e-06	3.455410247	2.377893805	4.53292669	-0.9166618496	-1.061385469	2.538748398	1.069337545e-05	True	increases_eastward	7.245434676e-05	9.764904906e-05	0.001376652097
Pelagibacterium	Pseudomonadota	60	0.5701583773	1.980263117e-06	1.720427617	0.780877952	2.659977283	-0.617093589	-0.1661843245	1.103334028	8.801169407e-06	True	increases_eastward	0.001063552765	0.0009384377965	0.001823117783
Acinetobacter	Pseudomonadota	60	0.5948318977	5.391988617e-07	2.090232249	1.419273257	2.761191242	-0.6857107992	-0.362266947	1.40452145	2.567613627e-06	True	increases_eastward	2.98680086e-05	0.0001166375282	0.0005870576011
Ornithinibacillus	Bacillota	60	0.6229508197	1.065443083e-07	1.706758892	1.069214365	2.34430342	-0.6207093647	-0.1608710301	1.086049528	5.876489174e-07	True	increases_eastward	0.0002829981208	0.0003552713191	0.0007913172059
Enterococcus	Bacillota	60	0.6286746318	7.50831394e-08	3.002664289	2.105569932	3.899758646	-0.8493974491	-0.7300010021	2.15326684	4.692696213e-07	True	increases_eastward	8.87253989e-05	0.0002877663789	0.001897553727
Pelagibius	Pseudomonadota	60	0.6489580439	2.047276259e-08	1.851584388	1.115185519	2.587983257	-0.6982501485	-0.0903954044	1.153334239	1.462340185e-07	True	increases_eastward	0.0001740918673	0.0002516235509	0.0003532893467
Aeromonas	Pseudomonadota	60	0.6540150042	1.458342063e-08	2.125457238	1.542996242	2.707918234	-0.5920834126	-0.5330767593	1.533373825	1.08025338e-07	True	increases_eastward	0.002190161437	0.003635190343	0.002484476691
Gracilibacillus	Bacillota	60	0.6576826896	1.13572857e-08	3.010743763	1.968294875	4.053192651	-0.9807326763	-0.5983546205	2.030011087	8.736373616e-08	True	increases_eastward	0.000295376004	0.0005220402948	0.002006234636
Pontibacter	Bacteroidota	60	0.6654070575	6.632167932e-09	1.868965508	1.057642834	2.680288182	-1.008651895	0.309297447	0.8603136131	5.52680661e-08	True	increases_eastward	0.001320659718	0.003568006784	0.01019678569
Staphylococcus	Bacillota	60	0.6676298972	5.664417042e-09	2.737984552	1.894507912	3.581461193	-0.7998389784	-0.5110202933	1.938145574	5.394682897e-08	True	increases_eastward	0.0002050514314	0.0002405206607	0.002145757001
Metabacillus	Bacillota	60	0.6893025841	1.131313751e-09	1.22424434	0.8466822511	1.601806428	-0.5783919261	0.100098566	0.6458524136	1.257015279e-08	True	increases_eastward	0.005282114971	0.008025829598	0.01067099491
Halomonas	Pseudomonadota	60	0.689858294	1.083556244e-09	4.386139234	2.995683082	5.776595387	-1.205710351	-1.255501954	3.180428883	1.257015279e-08	True	increases_eastward	0.0005761395728	0.0006226029364	0.02029052311
Sediminibacillus	Bacillota	60	0.6971936649	6.076350409e-10	4.586258863	3.463936717	5.70858101	-1.30089535	-1.333694082	3.285363513	8.680500584e-09	True	increases_eastward	2.897356439e-05	4.279023576e-05	0.005155425642
Escherichia-Shigella	Pseudomonadota	60	0.6993053626	5.127837133e-10	3.268111957	2.355480678	4.180743237	-0.9160352633	-0.775573655	2.352076694	7.888980205e-09	True	increases_eastward	5.988855102e-05	9.882277376e-05	0.008393825384
Rhodocista	Pseudomonadota	60	0.7055848847	3.068656902e-10	3.009352714	2.118610295	3.900095134	-1.406516381	0.09291306256	1.602836333	5.895763123e-09	True	increases_eastward	0.0002554624638	0.0007982868096	0.001959119395
Plastorhodobacter	Pseudomonadota	60	0.7151986663	1.361754621e-10	3.60023087	2.739954199	4.46050754	-1.811249308	0.5087556501	1.788981561	3.026121381e-09	True	increases_eastward	0.0001805272612	0.0006353748602	0.001046145479
Aquibacillus	Bacillota	60	0.7219783273	7.524793407e-11	4.747502744	3.454391323	6.040614164	-1.43188861	-1.179847171	3.315614134	1.881198352e-09	True	increases_eastward	8.459005147e-05	5.937048541e-05	0.006905735264
Pseudalkalibacillus	Bacillota	60	0.7398166157	1.449233598e-11	2.887384102	2.276142641	3.498625563	-1.333962003	0.1556810937	1.5534221	4.140667422e-10	True	increases_eastward	6.423521435e-05	0.0002518692759	0.0005498712923
Bacillus	Bacillota	60	0.7703250903	6.204127943e-13	1.62377879	1.182444038	2.065113541	-0.5937233195	-0.1675152663	1.03005547	2.481651177e-11	True	increases_eastward	0.0155828566	0.02114645165	0.06222796548
Ammoniphilus	Bacillota	60	0.8015559878	1.431416318e-14	1.893172776	1.478666446	2.307679106	-0.821233774	0.05668227435	1.071939002	9.542775453e-13	True	increases_eastward	0.005328617553	0.01100704667	0.01920399678
Polygonibacillus	Bacillota	60	0.807001945	6.926573456e-15	4.548711538	3.58886129	5.508561786	-1.442005448	-0.9807505916	3.10670609	6.926573456e-13	True	increases_eastward	2.965009968e-05	2.595300959e-05	0.002026988326
Halalkalibacter	Bacillota	60	0.8540150042	4.211763207e-18	4.908756959	3.82550425	5.992009668	-1.889919795	-0.3511165265	3.018837164	8.423526413e-16	True	increases_eastward	0.0002513749753	0.0002727988966	0.008279529066
