picrust2_id	sequence_index	sample_id
e0325_10Dr2	0325	10Dr2
e0326_10PRr2	0326	10PRr2
e0327_10Sr2	0327	10Sr2
e0328_10Sr3	0328	10Sr3
e0329_11Dr3	0329	11Dr3
e0330_11PRr3	0330	11PRr3
e0331_11Sr2	0331	11Sr2
e0332_12PRr1	0332	12PRr1
e0333_12PRr3	0333	12PRr3
e0334_12Sr1	0334	12Sr1
e0335_12Sr3	0335	12Sr3
e0336_13Dr1	0336	13Dr1
e0337_13Dr3	0337	13Dr3
e0338_13Sr2	0338	13Sr2
e0339_14Dr1	0339	14Dr1
e0340_14Dr3	0340	14Dr3
e0341_14PRr1	0341	14PRr1
e0342_14PRr2	0342	14PRr2
e0343_14Sr2	0343	14Sr2
e0344_15Dr1	0344	15Dr1
e0345_15Dr3	0345	15Dr3
e0346_15PRr1	0346	15PRr1
e0347_15PRr2	0347	15PRr2
e0348_15PRr3	0348	15PRr3
e0349_15Sr1	0349	15Sr1
e0350_15Sr3	0350	15Sr3
e0351_16Dr1	0351	16Dr1
e0352_16Dr3	0352	16Dr3
e0353_16PRr2	0353	16PRr2
e0354_16PRr3	0354	16PRr3
e0355_16Sr1	0355	16Sr1
e0356_17Dr1	0356	17Dr1
e0357_17Dr3	0357	17Dr3
e0358_17PRr2	0358	17PRr2
e0359_18PRr1	0359	18PRr1
e0360_18PRr2	0360	18PRr2
e0361_18Sr1	0361	18Sr1
e0362_18Sr2	0362	18Sr2
e0363_19Dr2	0363	19Dr2
e0364_1Dr1	0364	1Dr1
e0365_1Dr2	0365	1Dr2
e0366_1PRr2	0366	1PRr2
e0367_1PRr3	0367	1PRr3
e0368_1Sr1	0368	1Sr1
e0369_1Sr3	0369	1Sr3
e0370_20Dr2	0370	20Dr2
e0371_20PRr1	0371	20PRr1
e0372_20PRr2	0372	20PRr2
e0373_21Dr1	0373	21Dr1
e0374_21Sr1	0374	21Sr1
e0375_21Sr2	0375	21Sr2
e0376_22Dr1	0376	22Dr1
e0377_22Dr2	0377	22Dr2
e0378_22PRr1	0378	22PRr1
e0379_22PRr3	0379	22PRr3
e0380_23Dr1	0380	23Dr1
e0381_23Sr2	0381	23Sr2
e0382_24Dr1	0382	24Dr1
e0383_24Dr2	0383	24Dr2
e0384_24PRr2	0384	24PRr2
e0385_25Dr1	0385	25Dr1
e0386_25Dr3	0386	25Dr3
e0387_25PRr2	0387	25PRr2
e0388_25Sr1	0388	25Sr1
e0389_25Sr2	0389	25Sr2
e0390_26Dr1	0390	26Dr1
e0391_26Dr2	0391	26Dr2
e0392_26Dr3	0392	26Dr3
e0393_26PRr2	0393	26PRr2
e0394_26PRr3	0394	26PRr3
e0395_26Sr2	0395	26Sr2
e0396_26Sr3	0396	26Sr3
e0397_27Dr1	0397	27Dr1
e0398_27Dr3	0398	27Dr3
e0399_27PRr1	0399	27PRr1
e0400_27PRr2	0400	27PRr2
e0401_27Sr2	0401	27Sr2
e0402_27Sr3	0402	27Sr3
e0403_28Dr1	0403	28Dr1
e0404_28Dr3	0404	28Dr3
e0405_28PRr3	0405	28PRr3
e0406_28Sr2	0406	28Sr2
e0407_28Sr3	0407	28Sr3
e0408_29Dr1	0408	29Dr1
e0409_29Dr2	0409	29Dr2
e0410_29Dr3	0410	29Dr3
e0411_29PRr1	0411	29PRr1
e0412_29PRr3	0412	29PRr3
e0413_29Sr1	0413	29Sr1
e0414_2Dr1	0414	2Dr1
e0415_2Dr3	0415	2Dr3
e0416_2PRr2	0416	2PRr2
e0417_2Sr3	0417	2Sr3
e0418_30Dr1	0418	30Dr1
e0419_30PRr1	0419	30PRr1
e0420_30PRr3	0420	30PRr3
e0421_30Sr1	0421	30Sr1
e0422_30Sr3	0422	30Sr3
e0423_31Dr2	0423	31Dr2
e0424_31PRr2	0424	31PRr2
e0425_31PRr3	0425	31PRr3
e0426_31Sr2	0426	31Sr2
e0427_32PRr2	0427	32PRr2
e0428_33Dr2	0428	33Dr2
e0429_33PRr1	0429	33PRr1
e0430_33PRr2	0430	33PRr2
e0431_33Sr1	0431	33Sr1
e0432_34Dr2	0432	34Dr2
e0433_34PRr1	0433	34PRr1
e0434_34PRr3	0434	34PRr3
e0435_34Sr1	0435	34Sr1
e0436_34Sr3	0436	34Sr3
e0437_35Dr2	0437	35Dr2
e0438_35Dr3	0438	35Dr3
e0439_35Sr2	0439	35Sr2
e0440_36Dr2	0440	36Dr2
e0441_36Dr3	0441	36Dr3
e0442_36Sr3	0442	36Sr3
e0443_37Dr2	0443	37Dr2
e0444_37Dr3	0444	37Dr3
e0445_37PRr2	0445	37PRr2
e0446_37PRr3	0446	37PRr3
e0447_37Sr1	0447	37Sr1
e0448_37Sr2	0448	37Sr2
e0449_38Dr2	0449	38Dr2
e0450_38Dr3	0450	38Dr3
e0451_38PRr2	0451	38PRr2
e0452_38Sr2	0452	38Sr2
e0453_39Dr2	0453	39Dr2
e0454_39PRr1	0454	39PRr1
e0455_39PRr3	0455	39PRr3
e0456_39Sr3	0456	39Sr3
e0457_3Dr2	0457	3Dr2
e0458_3PRr1	0458	3PRr1
e0459_3PRr3	0459	3PRr3
e0460_40Dr1	0460	40Dr1
e0461_40Dr2	0461	40Dr2
e0462_40PRr2	0462	40PRr2
e0463_41PRr2	0463	41PRr2
e0464_42Dr1	0464	42Dr1
e0466_42PRr1	0466	42PRr1
e0467_42PRr2	0467	42PRr2
e0468_42Sr1	0468	42Sr1
e0469_42Sr2	0469	42Sr2
e0470_43Dr1	0470	43Dr1
e0471_43Dr2	0471	43Dr2
e0472_43PRr2	0472	43PRr2
e0473_43Sr2	0473	43Sr2
e0474_44Dr2	0474	44Dr2
e0475_44PRr3	0475	44PRr3
e0476_45Dr3	0476	45Dr3
e0477_45PRr2	0477	45PRr2
e0478_46PRr1	0478	46PRr1
e0480_47Dr2	0480	47Dr2
e0481_47Dr3	0481	47Dr3
e0482_47PRr1	0482	47PRr1
e0483_47Sr1	0483	47Sr1
e0484_48Dr2	0484	48Dr2
e0486_48Sr2	0486	48Sr2
e0487_49Dr2	0487	49Dr2
e0488_49Sr2	0488	49Sr2
e0489_49Sr3	0489	49Sr3
e0490_4Dr3	0490	4Dr3
e0491_4PRr1	0491	4PRr1
e0492_4PRr2	0492	4PRr2
e0493_4PRr3	0493	4PRr3
e0494_4Sr1	0494	4Sr1
e0495_50Dr1	0495	50Dr1
e0496_50Dr2	0496	50Dr2
e0497_50PRr2	0497	50PRr2
e0498_50Sr1	0498	50Sr1
e0499_50Sr3	0499	50Sr3
e0500_51Dr1	0500	51Dr1
e0501_51Dr3	0501	51Dr3
e0502_51PRr3	0502	51PRr3
e0503_52Dr1	0503	52Dr1
e0504_53Dr2	0504	53Dr2
e0505_53Dr3	0505	53Dr3
e0506_53PRr2	0506	53PRr2
e0507_54PRr1	0507	54PRr1
e0508_54PRr2	0508	54PRr2
e0509_54PRr3	0509	54PRr3
e0510_54Sr1	0510	54Sr1
e0511_54Sr2	0511	54Sr2
e0512_54Sr3	0512	54Sr3
e0513_55Dr2	0513	55Dr2
e0514_55PRr3	0514	55PRr3
e0515_55Sr3	0515	55Sr3
e0516_56Dr1	0516	56Dr1
e0517_56Dr3	0517	56Dr3
e0518_56Sr1	0518	56Sr1
e0519_56Sr3	0519	56Sr3
e0520_57Dr3	0520	57Dr3
e0521_57PRr3	0521	57PRr3
e0522_58PRr1	0522	58PRr1
e0523_58Sr2	0523	58Sr2
e0524_58Sr3	0524	58Sr3
e0525_59PRr3	0525	59PRr3
e0526_5Dr1	0526	5Dr1
e0527_5Sr1	0527	5Sr1
e0528_5Sr3	0528	5Sr3
e0529_60Sr3	0529	60Sr3
e0530_62PRr2	0530	62PRr2
e0531_62Sr3	0531	62Sr3
e0532_63PRr3	0532	63PRr3
e0533_63Sr3	0533	63Sr3
e0534_64Dr3	0534	64Dr3
e0535_64PRr2	0535	64PRr2
e0536_64PRr3	0536	64PRr3
e0537_64Sr1	0537	64Sr1
e0538_64Sr2	0538	64Sr2
e0539_64Sr3	0539	64Sr3
e0540_6Dr1	0540	6Dr1
e0541_6PRr2	0541	6PRr2
e0542_6Sr2	0542	6Sr2
e0543_7Sr1	0543	7Sr1
e0544_7Sr2	0544	7Sr2
e0545_8Sr3	0545	8Sr3
e0546_9Dr1	0546	9Dr1
e0547_9Dr3	0547	9Dr3
e0548_9PRr2	0548	9PRr2
e0549_9PRr3	0549	9PRr3
e0550_9Sr1	0550	9Sr1
e0551_9Sr2	0551	9Sr2
e0552_9Sr3	0552	9Sr3
e0592_S22PRr1	0592	S22PRr1
e0593_S22Sr1	0593	S22Sr1
e0594_S22Dr1	0594	S22Dr1
e0595_S28PRr1	0595	S28PRr1
e0596_S28Sr1	0596	S28Sr1
e0597_S28Dr2	0597	S28Dr2
e0598_S35PRr1	0598	S35PRr1
e0599_S35Sr1	0599	S35Sr1
e0600_S35Dr1	0600	S35Dr1
e0601_S43PRr1	0601	S43PRr1
e0602_S43Sr1	0602	S43Sr1
e0603_S43Dr1	0603	S43Dr1
e0604_S53PRr1	0604	S53PRr1
e0605_S53Sr1	0605	S53Sr1
e0606_S53Dr1	0606	S53Dr1
e0607_S46PRr1	0607	S46PRr1
e0608_S46Sr1	0608	S46Sr1
e0609_S46Dr1	0609	S46Dr1
e0610_S47PRr1	0610	S47PRr1
e0611_S47Sr1	0611	S47Sr1
e0612_S47Dr1	0612	S47Dr1
e0613_S58PRr1	0613	S58PRr1
e0614_S58Sr1	0614	S58Sr1
e0615_S58Dr1	0615	S58Dr1
e0616_S13PRr1	0616	S13PRr1
e0617_S13Sr1	0617	S13Sr1
e0618_S13Dr1	0618	S13Dr1
e0619_S25PRr1	0619	S25PRr1
e0620_S25Sr1	0620	S25Sr1
e0621_S25Dr1	0621	S25Dr1
e0622_S54PRr1	0622	S54PRr1
e0623_S54Sr1	0623	S54Sr1
e0624_S54Dr1	0624	S54Dr1
e0625_S55PRr1	0625	S55PRr1
e0626_S55Sr1	0626	S55Sr1
e0627_S55Dr1	0627	S55Dr1
e0628_S44PRr1	0628	S44PRr1
e0629_S44Sr1	0629	S44Sr1
e0630_S44Dr1	0630	S44Dr1
e0631_S38PRr1	0631	S38PRr1
e0632_S38Sr1	0632	S38Sr1
e0633_S38Dr1	0633	S38Dr1
e0634_S41PRr1	0634	S41PRr1
e0635_S41Sr1	0635	S41Sr1
e0636_S41Dr1	0636	S41Dr1
e0637_S33PRr1	0637	S33PRr1
e0638_S33Sr1	0638	S33Sr1
e0639_S33Dr1	0639	S33Dr1
e0640_S2Sr1	0640	S2Sr1
e0641_S2Dr1	0641	S2Dr1
e0642_S27PRr1	0642	S27PRr1
e0643_S27Sr1	0643	S27Sr1
e0644_S27Dr1	0644	S27Dr1
e0645_S51PRr1	0645	S51PRr1
e0646_S51Sr1	0646	S51Sr1
e0647_S51Dr1	0647	S51Dr1
e0648_S16PRr1	0648	S16PRr1
e0649_S16Sr1	0649	S16Sr1
e0650_S16Dr1	0650	S16Dr1
e0651_S56PRr1	0651	S56PRr1
e0652_S56Sr1	0652	S56Sr1
e0653_S56Dr1	0653	S56Dr1
e0654_S57PRr1	0654	S57PRr1
e0655_S57Sr1	0655	S57Sr1
e0656_S57Dr1	0656	S57Dr1
e0657_S60PRr1	0657	S60PRr1
e0658_S60Sr1	0658	S60Sr1
e0659_S60Dr1	0659	S60Dr1
e0660_S37PRr1	0660	S37PRr1
e0661_S37Sr1	0661	S37Sr1
e0662_S37Dr1	0662	S37Dr1
e0663_S49PRr1	0663	S49PRr1
e0664_S49Sr1	0664	S49Sr1
e0665_S49Dr1	0665	S49Dr1
e0666_S45PRr1	0666	S45PRr1
e0667_S45Sr1	0667	S45Sr1
e0668_S45Dr1	0668	S45Dr1
e0669_S59PRr1	0669	S59PRr1
e0670_S59Sr1	0670	S59Sr1
e0671_S59Dr1	0671	S59Dr1
e0672_S4PRr1	0672	S4PRr1
e0673_S4Sr1	0673	S4Sr1
e0674_S4Dr1	0674	S4Dr1
e0675_S8PRr1	0675	S8PRr1
e0676_S8Sr1	0676	S8Sr1
e0677_S8Dr1	0677	S8Dr1
e0678_S11PRr1	0678	S11PRr1
e0679_S11Sr1	0679	S11Sr1
e0680_S11Dr1	0680	S11Dr1
e0681_S36Sr1	0681	S36Sr1
e0682_S36PRr1	0682	S36PRr1
e0683_S36Dr1	0683	S36Dr1
e0685_S6PRr1	0685	S6PRr1
e0686_S6Sr1	0686	S6Sr1
e0687_S6Dr1	0687	S6Dr1
e0688_S9PRr1	0688	S9PRr1
e0689_S9Sr1	0689	S9Sr1
e0690_S9Dr1	0690	S9Dr1
e0691_S12PRr1	0691	S12PRr1
e0692_S12Sr1	0692	S12Sr1
e0693_S12Dr1	0693	S12Dr1
e0694_S15PRr1	0694	S15PRr1
e0695_S15Sr1	0695	S15Sr1
e0696_S15Dr1	0696	S15Dr1
e0697_S17PRr1	0697	S17PRr1
e0698_S17Sr1	0698	S17Sr1
e0699_S17Dr1	0699	S17Dr1
e0700_S23PRr1	0700	S23PRr1
e0701_S23Sr1	0701	S23Sr1
e0702_S23Dr1	0702	S23Dr1
e0703_S29PRr1	0703	S29PRr1
e0704_S29Sr1	0704	S29Sr1
e0705_S29Dr1	0705	S29Dr1
e0706_S30PRr1	0706	S30PRr1
e0707_S30Sr1	0707	S30Sr1
e0708_S30Dr1	0708	S30Dr1
e0709_S3PRr1	0709	S3PRr1
e0710_S3Sr1	0710	S3Sr1
e0711_S3Dr1	0711	S3Dr1
e0712_S7PRr1	0712	S7PRr1
e0713_S7Sr1	0713	S7Sr1
e0714_S7Dr1	0714	S7Dr1
e0715_S14PRr1	0715	S14PRr1
e0716_S14Sr1	0716	S14Sr1
e0717_S14Dr1	0717	S14Dr1
e0718_S21PRr1	0718	S21PRr1
e0719_S21Sr1	0719	S21Sr1
e0720_S21Dr1	0720	S21Dr1
e0721_S31PRr1	0721	S31PRr1
e0722_S31Sr1	0722	S31Sr1
e0723_S31Dr1	0723	S31Dr1
e0724_S48PRr1	0724	S48PRr1
e0725_S48Sr1	0725	S48Sr1
e0726_S48Dr1	0726	S48Dr1
e0727_S32PRr1	0727	S32PRr1
e0728_S32Sr1	0728	S32Sr1
e0729_S32Dr1	0729	S32Dr1
e0730_S39PRr1	0730	S39PRr1
e0731_S39Sr1	0731	S39Sr1
e0732_S39Dr1	0732	S39Dr1
e0733_S50PRr1	0733	S50PRr1
e0734_S50Sr1	0734	S50Sr1
e0735_S50Dr1	0735	S50Dr1
e0736_S1PRr1	0736	S1PRr1
e0737_S1Sr1	0737	S1Sr1
e0738_S1Dr1	0738	S1Dr1
e0739_S5PRr1	0739	S5PRr1
e0740_S5Sr1	0740	S5Sr1
e0741_S5Dr1	0741	S5Dr1
e0742_S10PRr1	0742	S10PRr1
e0743_S10Sr1	0743	S10Sr1
e0744_S10Dr1	0744	S10Dr1
e0745_S20PRr1	0745	S20PRr1
e0746_S20Sr1	0746	S20Sr1
e0747_S20Dr1	0747	S20Dr1
e0748_S24PRr1	0748	S24PRr1
e0749_S24Sr1	0749	S24Sr1
e0750_S24Dr1	0750	S24Dr1
e0751_S34PRr1	0751	S34PRr1
e0752_S34Sr1	0752	S34Sr1
e0754_S40Sr1	0754	S40Sr1
e0755_S40Dr1	0755	S40Dr1
e0756_S52PRr1	0756	S52PRr1
e0757_S52Sr1	0757	S52Sr1
e0758_S52Dr1	0758	S52Dr1
e0759_S19PRr1	0759	S19PRr1
e0760_S19Sr1	0760	S19Sr1
e0761_S19Dr1	0761	S19Dr1
e0762_S26PRr1	0762	S26PRr1
e0763_S26Sr1	0763	S26Sr1
e0764_S26Dr1	0764	S26Dr1
e0765_S42PRr1	0765	S42PRr1
e0766_S42Sr1	0766	S42Sr1
e0767_S42Dr1	0767	S42Dr1
e0775_F15PRr1	0775	F15PRr1
e0776_F20Sr3	0776	F20Sr3
e0777_F24PRr3	0777	F24PRr3
e0778_F31Sr2	0778	F31Sr2
e0779_F31Sr3	0779	F31Sr3
e0780_F33Dr1	0780	F33Dr1
e0781_F34Sr1	0781	F34Sr1
e0782_F40Dr3	0782	F40Dr3
e0784_F41Dr3	0784	F41Dr3
e0785_F43Dr1	0785	F43Dr1
e0786_F43Sr2	0786	F43Sr2
e0787_F47PRr1	0787	F47PRr1
e0788_F48PRr3	0788	F48PRr3
e0789_F51Sr3	0789	F51Sr3
e0790_F52Sr2	0790	F52Sr2
e0791_F55Sr1	0791	F55Sr1
e0792_F56Sr2	0792	F56Sr2
e0793_F56Sr3	0793	F56Sr3
e0794_F57Dr1	0794	F57Dr1
e0795_F57Sr3	0795	F57Sr3
e0796_F58Dr1	0796	F58Dr1
e0797_F58Sr3	0797	F58Sr3
e0798_F59Dr2	0798	F59Dr2
e0799_F59PRr1	0799	F59PRr1
e0800_F59Sr3	0800	F59Sr3
e0801_F60PRr1	0801	F60PRr1
e0802_F60PRr2	0802	F60PRr2
e0803_F60Sr3	0803	F60Sr3
e0804_T1Dr1	0804	T1Dr1
e0805_1Dr3	0805	1Dr3
e0806_1Sr2	0806	1Sr2
e0807_2Dr2	0807	2Dr2
e0808_2Sr1	0808	2Sr1
e0809_2PRr1	0809	2PRr1
e0810_3Dr3	0810	3Dr3
e0811_3Sr1	0811	3Sr1
e0812_3PRr2	0812	3PRr2
e0813_4Dr1	0813	4Dr1
e0814_5Dr2	0814	5Dr2
e0815_5Sr2	0815	5Sr2
e0816_6Dr3	0816	6Dr3
e0817_6Sr1	0817	6Sr1
e0818_6PRr1	0818	6PRr1
e0819_7Dr1	0819	7Dr1
e0821_7PRr2	0821	7PRr2
e0822_8Sr2	0822	8Sr2
e0823_8PRr1	0823	8PRr1
e0824_8PRr2	0824	8PRr2
e0825_11PRr1	0825	11PRr1
e0826_12Sr2	0826	12Sr2
e0827_14Dr2	0827	14Dr2
e0828_16PRr1	0828	16PRr1
e0829_17Dr2	0829	17Dr2
e0830_17Sr1	0830	17Sr1
e0831_17Sr2	0831	17Sr2
e0832_17Sr3	0832	17Sr3
e0833_17PRr3	0833	17PRr3
e0834_18Dr2	0834	18Dr2
e0835_21Sr3	0835	21Sr3
e0836_22Dr3	0836	22Dr3
e0837_23Dr3	0837	23Dr3
e0838_23Sr3	0838	23Sr3
e0839_23PRr1	0839	23PRr1
e0840_24Sr2	0840	24Sr2
e0841_26Sr1	0841	26Sr1
e0842_27Dr2	0842	27Dr2
e0843_28Sr1	0843	28Sr1
e0844_28PRr1	0844	28PRr1
e0845_30Sr2	0845	30Sr2
e0846_31Sr3	0846	31Sr3
e0847_32Dr3	0847	32Dr3
e0848_33Dr3	0848	33Dr3
e0849_35PRr3	0849	35PRr3
e0850_36Sr2	0850	36Sr2
e0851_38PRr3	0851	38PRr3
e0852_39Dr3	0852	39Dr3
e0853_39PRr2	0853	39PRr2
e0854_41Dr1	0854	41Dr1
e0855_42Sr3	0855	42Sr3
e0856_48PRr3	0856	48PRr3
e0857_50Sr2	0857	50Sr2
e0858_53Sr3	0858	53Sr3
e0859_53PRr1	0859	53PRr1
e0860_55Sr1	0860	55Sr1
e0861_61Sr2	0861	61Sr2
e0862_T2Dr2	0862	T2Dr2
e0863_T2PRr1	0863	T2PRr1
e0864_T3Dr2	0864	T3Dr2
e0865_T5Sr3	0865	T5Sr3
e0866_T6PRr2	0866	T6PRr2
e0867_T7PRr2	0867	T7PRr2
e0868_T8Dr1	0868	T8Dr1
e0869_T8PRr1	0869	T8PRr1
e0873_F1PRr2	0873	F1PRr2
e0876_S18PRr1	0876	S18PRr1
e0877_S18Sr1	0877	S18Sr1
e0878_S18Dr1	0878	S18Dr1
e0880_3Sr3	0880	3Sr3
e0881_4Dr2	0881	4Dr2
e0882_7Dr2	0882	7Dr2
e0883_8PRr3	0883	8PRr3
e0884_10PRr3	0884	10PRr3
e0885_11Dr1	0885	11Dr1
e0886_11PRr2	0886	11PRr2
e0887_12Dr2	0887	12Dr2
e0888_12Dr3	0888	12Dr3
e0889_19Dr3	0889	19Dr3
e0890_19Sr1	0890	19Sr1
e0891_19Sr3	0891	19Sr3
e0892_20Dr1	0892	20Dr1
e0893_20Sr1	0893	20Sr1
e0894_20Sr3	0894	20Sr3
e0895_22Sr1	0895	22Sr1
e0896_22Sr3	0896	22Sr3
e0897_23PRr2	0897	23PRr2
e0898_23PRr3	0898	23PRr3
e0899_23Sr1	0899	23Sr1
e0900_24Sr1	0900	24Sr1
e0901_29PRr2	0901	29PRr2
e0902_29Sr2	0902	29Sr2
e0903_32PRr1	0903	32PRr1
e0904_32PRr3	0904	32PRr3
e0905_33Dr1	0905	33Dr1
e0906_33Sr2	0906	33Sr2
e0907_34Dr3	0907	34Dr3
e0908_35PRr1	0908	35PRr1
e0909_35Sr1	0909	35Sr1
e0910_36Sr1	0910	36Sr1
e0911_38Sr3	0911	38Sr3
e0912_40PRr3	0912	40PRr3
e0913_43Sr1	0913	43Sr1
e0914_44PRr2	0914	44PRr2
e0915_45Dr1	0915	45Dr1
e0916_45Sr1	0916	45Sr1
e0917_46Dr1	0917	46Dr1
e0918_46Sr3	0918	46Sr3
e0919_49PRr2	0919	49PRr2
e0920_51Sr2	0920	51Sr2
e0921_50PRr1	0921	50PRr1
e0922_54Dr1	0922	54Dr1
e0923_54Dr2	0923	54Dr2
e0924_55PRr1	0924	55PRr1
e0925_57PRr1	0925	57PRr1
e0926_57Sr2	0926	57Sr2
e0927_60Dr2	0927	60Dr2
e0928_60Dr3	0928	60Dr3
e681_T1Dr1	681	T1Dr1
e683_T4PRr1	683	T4PRr1
e695_T6Dr2	695	T6Dr2
e705_T5PRr1	705	T5PRr1
e707_T7Dr3	707	T7Dr3
e717_T6PRr3	717	T6PRr3
e719_T8Sr3	719	T8Sr3
e729_T8Dr3	729	T8Dr3
e730_T6Dr1	730	T6Dr1
e734_T5Sr2	734	T5Sr2
e740_T6Sr3	740	T6Sr3
e743_T4PRr2	743	T4PRr2
e744_T8PRr3	744	T8PRr3
e752_T7PRr1	752	T7PRr1
e753_T4Sr1	753	T4Sr1
e756_T2PRr3	756	T2PRr3
e758_T7PRr3	758	T7PRr3
e767_T1PRr3	767	T1PRr3
e768_T5Sr1	768	T5Sr1
e8287_F1Dr1	8287	F1Dr1
e8288_F1Dr2	8288	F1Dr2
e8289_F1Dr3	8289	F1Dr3
e8290_F1Sr1	8290	F1Sr1
e8291_F1Sr2	8291	F1Sr2
e8292_F1Sr3	8292	F1Sr3
e8293_F1PRr1	8293	F1PRr1
e8295_F1PRr3	8295	F1PRr3
e8296_F2Dr1	8296	F2Dr1
e8297_F2Dr2	8297	F2Dr2
e8298_F2Dr3	8298	F2Dr3
e8299_F2Sr1	8299	F2Sr1
e8300_F2Sr2	8300	F2Sr2
e8301_F2Sr3	8301	F2Sr3
e8302_F2PRr1	8302	F2PRr1
e8303_F2PRr2	8303	F2PRr2
e8304_F2PRr3	8304	F2PRr3
e8305_F3Dr1	8305	F3Dr1
e8306_F3Dr2	8306	F3Dr2
e8307_F3Dr3	8307	F3Dr3
e8308_F3Sr1	8308	F3Sr1
e8309_F3Sr2	8309	F3Sr2
e8310_F3Sr3	8310	F3Sr3
e8311_F3PRr1	8311	F3PRr1
e8312_F3PRr2	8312	F3PRr2
e8313_F4Dr1	8313	F4Dr1
e8314_F4Dr2	8314	F4Dr2
e8315_F4Sr1	8315	F4Sr1
e8316_F4Sr2	8316	F4Sr2
e8317_F4Sr3	8317	F4Sr3
e8318_F4PRr1	8318	F4PRr1
e8319_F4PRr2	8319	F4PRr2
e8320_F5Dr2	8320	F5Dr2
e8321_F5Dr3	8321	F5Dr3
e8322_F5Sr1	8322	F5Sr1
e8323_F5Sr2	8323	F5Sr2
e8324_F5Sr3	8324	F5Sr3
e8325_F5PRr2	8325	F5PRr2
e8326_F6Dr1	8326	F6Dr1
e8327_F6Sr1	8327	F6Sr1
e8328_F6Sr2	8328	F6Sr2
e8329_F6Sr3	8329	F6Sr3
e8330_F6PRr1	8330	F6PRr1
e8331_F6PRr2	8331	F6PRr2
e8332_F6PRr3	8332	F6PRr3
e8333_F7Dr1	8333	F7Dr1
e8334_F7Dr2	8334	F7Dr2
e8335_F7Dr3	8335	F7Dr3
e8336_F7Sr1	8336	F7Sr1
e8337_F7Sr2	8337	F7Sr2
e8338_F7Sr3	8338	F7Sr3
e8339_F7PRr1	8339	F7PRr1
e8340_F7PRr2	8340	F7PRr2
e8341_F7PRr3	8341	F7PRr3
e8342_F8Dr1	8342	F8Dr1
e8343_F8Dr2	8343	F8Dr2
e8344_F8Dr3	8344	F8Dr3
e8345_F8Sr1	8345	F8Sr1
e8346_F8Sr2	8346	F8Sr2
e8347_F8Sr3	8347	F8Sr3
e8348_F8PRr1	8348	F8PRr1
e8349_F8PRr2	8349	F8PRr2
e8350_F8PRr3	8350	F8PRr3
e8351_F9Dr1	8351	F9Dr1
e8352_F9Dr2	8352	F9Dr2
e8353_F9Dr3	8353	F9Dr3
e8354_F9Sr1	8354	F9Sr1
e8355_F9Sr2	8355	F9Sr2
e8356_F9Sr3	8356	F9Sr3
e8357_F9PRr1	8357	F9PRr1
e8358_F9PRr2	8358	F9PRr2
e8359_F9PRr3	8359	F9PRr3
e8360_F10Dr1	8360	F10Dr1
e8361_F10Dr2	8361	F10Dr2
e8362_F10Dr3	8362	F10Dr3
e8363_F10Sr1	8363	F10Sr1
e8364_F10Sr2	8364	F10Sr2
e8365_F10Sr3	8365	F10Sr3
e8366_F10PRr1	8366	F10PRr1
e8367_F10PRr2	8367	F10PRr2
e8368_F11Dr1	8368	F11Dr1
e8369_F11Dr2	8369	F11Dr2
e8370_F11Dr3	8370	F11Dr3
e8371_F11Sr1	8371	F11Sr1
e8372_F11Sr2	8372	F11Sr2
e8373_F11Sr3	8373	F11Sr3
e8374_F1PRr2	8374	F1PRr2
e8375_F11PRr1	8375	F11PRr1
e8376_F12Sr3	8376	F12Sr3
e8377_F13Sr2	8377	F13Sr2
e8378_F14Sr1	8378	F14Sr1
e8379_F15Dr3	8379	F15Dr3
e8380_F16Dr2	8380	F16Dr2
e8381_F17Dr1	8381	F17Dr1
e8382_F17PRr3	8382	F17PRr3
e8383_F18PRr2	8383	F18PRr2
e8384_F19PRr1	8384	F19PRr1
e8385_F20Sr3	8385	F20Sr3
e8386_F21Sr2	8386	F21Sr2
e8387_F11PRr2	8387	F11PRr2
e8388_F12PRr1	8388	F12PRr1
e8389_F13Sr3	8389	F13Sr3
e8390_F14Sr2	8390	F14Sr2
e8391_F15Sr1	8391	F15Sr1
e8392_F16Dr3	8392	F16Dr3
e8393_F17Dr2	8393	F17Dr2
e8394_F18Dr1	8394	F18Dr1
e8395_F18PRr3	8395	F18PRr3
e8396_F19PRr2	8396	F19PRr2
e8397_F20PRr1	8397	F20PRr1
e8398_F21Sr3	8398	F21Sr3
e8399_F11PRr3	8399	F11PRr3
e8400_F12PRr2	8400	F12PRr2
e8401_F13PRr1	8401	F13PRr1
e8402_F14Sr3	8402	F14Sr3
e8403_F15Sr2	8403	F15Sr2
e8404_F16Sr1	8404	F16Sr1
e8405_F17Dr3	8405	F17Dr3
e8406_F18Dr2	8406	F18Dr2
e8407_F19Dr1	8407	F19Dr1
e8408_F19PRr3	8408	F19PRr3
e8409_F20PRr2	8409	F20PRr2
e8410_F21PRr1	8410	F21PRr1
e8411_F12Dr1	8411	F12Dr1
e8412_F12PRr3	8412	F12PRr3
e8413_F13PRr2	8413	F13PRr2
e8414_F14PRr1	8414	F14PRr1
e8415_F15Sr3	8415	F15Sr3
e8416_F16Sr2	8416	F16Sr2
e8417_F17Sr1	8417	F17Sr1
e8418_F18Dr3	8418	F18Dr3
e8419_F19Dr2	8419	F19Dr2
e8420_F20Dr1	8420	F20Dr1
e8421_F20PRr3	8421	F20PRr3
e8422_F21PRr2	8422	F21PRr2
e8423_F12Dr2	8423	F12Dr2
e8424_F13Dr1	8424	F13Dr1
e8425_F13PRr3	8425	F13PRr3
e8426_F14PRr2	8426	F14PRr2
e8427_F15PRr1	8427	F15PRr1
e8428_F16Sr3	8428	F16Sr3
e8429_F17Sr2	8429	F17Sr2
e8430_F18Sr1	8430	F18Sr1
e8431_F19Dr3	8431	F19Dr3
e8432_F20Dr2	8432	F20Dr2
e8433_F21Dr1	8433	F21Dr1
e8434_F21PRr3	8434	F21PRr3
e8435_F13Dr2	8435	F13Dr2
e8436_F14Dr1	8436	F14Dr1
e8437_F14PRr3	8437	F14PRr3
e8438_F15PRr2	8438	F15PRr2
e8439_F16PRr1	8439	F16PRr1
e8440_F17Sr3	8440	F17Sr3
e8441_F18Sr2	8441	F18Sr2
e8442_F19Sr1	8442	F19Sr1
e8443_F20Dr3	8443	F20Dr3
e8444_F21Dr2	8444	F21Dr2
e8445_F22Dr1	8445	F22Dr1
e8446_F13Dr3	8446	F13Dr3
e8447_F14Dr2	8447	F14Dr2
e8448_F15Dr1	8448	F15Dr1
e8449_F15PRr3	8449	F15PRr3
e8450_F16PRr2	8450	F16PRr2
e8451_F17PRr1	8451	F17PRr1
e8452_F18Sr3	8452	F18Sr3
e8453_F19Sr2	8453	F19Sr2
e8454_F21Dr3	8454	F21Dr3
e8455_F22Dr2	8455	F22Dr2
e8456_F12Sr2	8456	F12Sr2
e8457_F13Sr1	8457	F13Sr1
e8458_F14Dr3	8458	F14Dr3
e8459_F15Dr2	8459	F15Dr2
e8460_F16Dr1	8460	F16Dr1
e8461_F16PRr3	8461	F16PRr3
e8462_F17PRr2	8462	F17PRr2
e8463_F18PRr1	8463	F18PRr1
e8464_F19Sr3	8464	F19Sr3
e8465_F20Sr2	8465	F20Sr2
e8466_F21Sr1	8466	F21Sr1
e8467_F22Dr3	8467	F22Dr3
e8468_F22Sr1	8468	F22Sr1
e8469_F23Dr3	8469	F23Dr3
e8470_F24Dr2	8470	F24Dr2
e8471_F25Dr1	8471	F25Dr1
e8472_F25PRr3	8472	F25PRr3
e8473_F26PRr2	8473	F26PRr2
e8474_F27PRr1	8474	F27PRr1
e8475_F28Sr3	8475	F28Sr3
e8476_F29Sr2	8476	F29Sr2
e8477_F30Sr1	8477	F30Sr1
e8478_F32Dr2	8478	F32Dr2
e8479_F22Sr2	8479	F22Sr2
e8480_F23Sr1	8480	F23Sr1
e8481_F25Dr2	8481	F25Dr2
e8482_F26Dr1	8482	F26Dr1
e8483_F26PRr3	8483	F26PRr3
e8484_F27PRr2	8484	F27PRr2
e8485_F28PRr1	8485	F28PRr1
e8486_F29Sr3	8486	F29Sr3
e8487_F30Sr2	8487	F30Sr2
e8488_F32Dr3	8488	F32Dr3
e8489_F22Sr3	8489	F22Sr3
e8490_F23Sr2	8490	F23Sr2
e8491_F24Sr1	8491	F24Sr1
e8492_F25Dr3	8492	F25Dr3
e8493_F27Dr1	8493	F27Dr1
e8494_F27PRr3	8494	F27PRr3
e8495_F28PRr2	8495	F28PRr2
e8496_F29PRr1	8496	F29PRr1
e8497_F30Sr3	8497	F30Sr3
e8498_F31Sr2	8498	F31Sr2
e8499_F32Sr1	8499	F32Sr1
e8500_F22PRr1	8500	F22PRr1
e8501_F23Sr3	8501	F23Sr3
e8502_F24Sr2	8502	F24Sr2
e8503_F25Sr1	8503	F25Sr1
e8504_F26Dr3	8504	F26Dr3
e8505_F27Dr2	8505	F27Dr2
e8506_F28Dr1	8506	F28Dr1
e8507_F28PRr3	8507	F28PRr3
e8508_F29PRr2	8508	F29PRr2
e8509_F30PRr1	8509	F30PRr1
e8510_F31Sr3	8510	F31Sr3
e8511_F32Sr2	8511	F32Sr2
e8512_F22PRr2	8512	F22PRr2
e8513_F23PRr1	8513	F23PRr1
e8514_F24Sr3	8514	F24Sr3
e8515_F25Sr2	8515	F25Sr2
e8516_F26Sr1	8516	F26Sr1
e8518_F28Dr2	8518	F28Dr2
e8519_F29Dr1	8519	F29Dr1
e8520_F29PRr3	8520	F29PRr3
e8521_F30PRr2	8521	F30PRr2
e8522_F31PRr1	8522	F31PRr1
e8523_F32Sr3	8523	F32Sr3
e8524_F22PRr3	8524	F22PRr3
e8525_F23PRr2	8525	F23PRr2
e8526_F24PRr1	8526	F24PRr1
e8527_F25Sr3	8527	F25Sr3
e8528_F27Sr1	8528	F27Sr1
e8529_F28Dr3	8529	F28Dr3
e8530_F29Dr2	8530	F29Dr2
e8531_F30Dr1	8531	F30Dr1
e8532_F30PRr3	8532	F30PRr3
e8533_F31PRr2	8533	F31PRr2
e8534_F32PRr1	8534	F32PRr1
e8535_F23Dr1	8535	F23Dr1
e8536_F23PRr3	8536	F23PRr3
e8537_F24PRr2	8537	F24PRr2
e8538_F25PRr1	8538	F25PRr1
e8539_F26Sr3	8539	F26Sr3
e8540_F27Sr2	8540	F27Sr2
e8541_F28Sr1	8541	F28Sr1
e8542_F29Dr3	8542	F29Dr3
e8543_F30Dr2	8543	F30Dr2
e8544_F31Dr1	8544	F31Dr1
e8545_F31PRr3	8545	F31PRr3
e8546_F32PRr2	8546	F32PRr2
e8547_F23Dr2	8547	F23Dr2
e8548_F24Dr1	8548	F24Dr1
e8549_F24PRr3	8549	F24PRr3
e8550_F25PRr2	8550	F25PRr2
e8551_F26PRr1	8551	F26PRr1
e8552_F27Sr3	8552	F27Sr3
e8553_F28Sr2	8553	F28Sr2
e8554_F29Sr1	8554	F29Sr1
e8555_F30Dr3	8555	F30Dr3
e8556_F31Dr2	8556	F31Dr2
e8557_F32Dr1	8557	F32Dr1
e8558_F32PRr3	8558	F32PRr3
e8559_F33Dr1	8559	F33Dr1
e8560_F33PRr3	8560	F33PRr3
e8561_F34PRr2	8561	F34PRr2
e8562_F35PRr1	8562	F35PRr1
e8563_F37Sr2	8563	F37Sr2
e8564_F38Sr1	8564	F38Sr1
e8565_F39Dr3	8565	F39Dr3
e8566_F40Dr2	8566	F40Dr2
e8567_F42PRr2	8567	F42PRr2
e8568_F33Dr2	8568	F33Dr2
e8569_F34Dr1	8569	F34Dr1
e8570_F34PRr3	8570	F34PRr3
e8571_F35PRr2	8571	F35PRr2
e8572_F36PRr1	8572	F36PRr1
e8573_F37Sr3	8573	F37Sr3
e8574_F38Sr2	8574	F38Sr2
e8575_F39Sr1	8575	F39Sr1
e8576_F40Dr3	8576	F40Dr3
e8577_F42Dr1	8577	F42Dr1
e8578_F42PRr3	8578	F42PRr3
e8579_F33Dr3	8579	F33Dr3
e8580_F34Dr2	8580	F34Dr2
e8581_F35Dr1	8581	F35Dr1
e8582_F35PRr3	8582	F35PRr3
e8583_F36PRr2	8583	F36PRr2
e8584_F37PRr1	8584	F37PRr1
e8585_F38Sr3	8585	F38Sr3
e8586_F39Sr2	8586	F39Sr2
e8587_F40Sr1	8587	F40Sr1
e8588_F41Dr3	8588	F41Dr3
e8589_F42Dr2	8589	F42Dr2
e8590_F43Dr1	8590	F43Dr1
e8591_F33Sr1	8591	F33Sr1
e8592_F34Dr3	8592	F34Dr3
e8593_F35Dr2	8593	F35Dr2
e8594_F36Dr1	8594	F36Dr1
e8595_F36PRr3	8595	F36PRr3
e8596_F37PRr2	8596	F37PRr2
e8597_F38PRr1	8597	F38PRr1
e8598_F39Sr3	8598	F39Sr3
e8599_F40Sr2	8599	F40Sr2
e8600_F42Dr3	8600	F42Dr3
e8601_F43Dr2	8601	F43Dr2
e8602_F33Sr2	8602	F33Sr2
e8603_F34Sr1	8603	F34Sr1
e8604_F35Dr3	8604	F35Dr3
e8605_F36Dr2	8605	F36Dr2
e8606_F37Dr1	8606	F37Dr1
e8607_F37PRr3	8607	F37PRr3
e8608_F38PRr2	8608	F38PRr2
e8609_F39PRr1	8609	F39PRr1
e8610_F40Sr3	8610	F40Sr3
e8611_F42Sr1	8611	F42Sr1
e8612_F43Dr3	8612	F43Dr3
e8613_F33Sr3	8613	F33Sr3
e8614_F34Sr2	8614	F34Sr2
e8615_F35Sr1	8615	F35Sr1
e8616_F36Dr3	8616	F36Dr3
e8617_F37Dr2	8617	F37Dr2
e8618_F38PRr3	8618	F38PRr3
e8619_F40PRr1	8619	F40PRr1
e8620_F42Sr2	8620	F42Sr2
e8621_F43Sr1	8621	F43Sr1
e8622_F34Sr3	8622	F34Sr3
e8623_F35Sr2	8623	F35Sr2
e8624_F36Sr1	8624	F36Sr1
e8625_F37Dr3	8625	F37Dr3
e8626_F38Dr2	8626	F38Dr2
e8627_F39PRr3	8627	F39PRr3
e8628_F40PRr2	8628	F40PRr2
e8629_F41PRr1	8629	F41PRr1
e8630_F42Sr3	8630	F42Sr3
e8632_F33PRr2	8632	F33PRr2
e8633_F34PRr1	8633	F34PRr1
e8634_F35Sr3	8634	F35Sr3
e8635_F36Sr2	8635	F36Sr2
e8636_F37Sr1	8636	F37Sr1
e8637_F38Dr3	8637	F38Dr3
e8638_F39Dr2	8638	F39Dr2
e8639_F40Dr1	8639	F40Dr1
e8640_F40PRr3	8640	F40PRr3
e8641_F41PRr2	8641	F41PRr2
e8642_F42PRr1	8642	F42PRr1
e8643_F43Sr3	8643	F43Sr3
e8644_F56Sr2	8644	F56Sr2
e8645_F57PRr1	8645	F57PRr1
e8646_F58Sr3	8646	F58Sr3
e8647_F59Sr2	8647	F59Sr2
e8648_F60Sr1	8648	F60Sr1
e8650_F54PRr2	8650	F54PRr2
e8651_F56Sr3	8651	F56Sr3
e8652_F57PRr2	8652	F57PRr2
e8653_F58PRr1	8653	F58PRr1
e8654_F59Sr3	8654	F59Sr3
e8655_F60Sr2	8655	F60Sr2
e8656_F57Dr1	8656	F57Dr1
e8657_F57PRr3	8657	F57PRr3
e8658_F58PRr2	8658	F58PRr2
e8659_F59PRr1	8659	F59PRr1
e8660_F60Sr3	8660	F60Sr3
e8662_F58Dr1	8662	F58Dr1
e8663_F58PRr3	8663	F58PRr3
e8664_F60PRr1	8664	F60PRr1
e8666_F60PRr2	8666	F60PRr2
e8668_F59Dr2	8668	F59Dr2
e8669_F60PRr3	8669	F60PRr3
e8670_F55Sr1	8670	F55Sr1
e8671_F58Sr1	8671	F58Sr1
e8673_F57Sr3	8673	F57Sr3
e8674_F58Sr2	8674	F58Sr2
e8675_F59Sr1	8675	F59Sr1
e8677_F43PRr1	8677	F43PRr1
e8678_F44Sr3	8678	F44Sr3
e8679_F45Sr2	8679	F45Sr2
e8680_F47Dr3	8680	F47Dr3
e8681_F48Dr2	8681	F48Dr2
e8682_F49Dr1	8682	F49Dr1
e8683_F49PRr3	8683	F49PRr3
e8684_F50PRr2	8684	F50PRr2
e8685_F51PRr1	8685	F51PRr1
e8686_F52Sr3	8686	F52Sr3
e8687_F43PRr2	8687	F43PRr2
e8688_F44PRr1	8688	F44PRr1
e8689_F45Sr3	8689	F45Sr3
e8690_F46Sr2	8690	F46Sr2
e8691_F48Dr3	8691	F48Dr3
e8692_F49Dr2	8692	F49Dr2
e8693_F50Dr1	8693	F50Dr1
e8694_F50PRr3	8694	F50PRr3
e8695_F51PRr2	8695	F51PRr2
e8696_F53Dr1	8696	F53Dr1
e8697_F43PRr3	8697	F43PRr3
e8698_F44PRr2	8698	F44PRr2
e8699_F45PRr1	8699	F45PRr1
e8700_F48Sr1	8700	F48Sr1
e8701_F49Dr3	8701	F49Dr3
e8702_F50Dr2	8702	F50Dr2
e8703_F51PRr3	8703	F51PRr3
e8704_F53Dr2	8704	F53Dr2
e8705_F44Dr1	8705	F44Dr1
e8706_F44PRr3	8706	F44PRr3
e8707_F45PRr2	8707	F45PRr2
e8708_F47Sr3	8708	F47Sr3
e8709_F48Sr2	8709	F48Sr2
e8710_F49Sr1	8710	F49Sr1
e8711_F50Dr3	8711	F50Dr3
e8712_F53Dr3	8712	F53Dr3
e8713_F44Dr2	8713	F44Dr2
e8714_F45Dr1	8714	F45Dr1
e8715_F45PRr3	8715	F45PRr3
e8716_F47PRr1	8716	F47PRr1
e8717_F48Sr3	8717	F48Sr3
e8718_F49Sr2	8718	F49Sr2
e8719_F50Sr1	8719	F50Sr1
e8720_F51Dr3	8720	F51Dr3
e8721_F44Dr3	8721	F44Dr3
e8722_F45Dr2	8722	F45Dr2
e8723_F46Dr1	8723	F46Dr1
e8724_F47PRr2	8724	F47PRr2
e8725_F48PRr1	8725	F48PRr1
e8726_F49Sr3	8726	F49Sr3
e8729_F44Sr1	8729	F44Sr1
e8730_F45Dr3	8730	F45Dr3
e8731_F47Dr1	8731	F47Dr1
e8732_F47PRr3	8732	F47PRr3
e8733_F48PRr2	8733	F48PRr2
e8734_F49PRr1	8734	F49PRr1
e8735_F50Sr3	8735	F50Sr3
e8736_F52Sr1	8736	F52Sr1
e8737_F53Sr3	8737	F53Sr3
e8738_F44Sr2	8738	F44Sr2
e8739_F45Sr1	8739	F45Sr1
e8740_F48Dr1	8740	F48Dr1
e8741_F48PRr3	8741	F48PRr3
e8742_F49PRr2	8742	F49PRr2
e8743_F50PRr1	8743	F50PRr1
e8744_F51Sr3	8744	F51Sr3
e8745_F52Sr2	8745	F52Sr2
e8746_F53PRr1	8746	F53PRr1
